"profile","column","study","source_variable","kind","origin"
"master","respondent_id","qes2022","ResponseId","core","source_map attribute of get_qes_master(), qesR 0.4.4 (tag v0.4.4)"
"master","interview_start","qes2022","cps_StartDate","core","source_map attribute of get_qes_master(), qesR 0.4.4 (tag v0.4.4)"
"master","interview_end","qes2022","cps_EndDate","core","source_map attribute of get_qes_master(), qesR 0.4.4 (tag v0.4.4)"
"master","interview_recorded","qes2022","cps_RecordedDate","core","source_map attribute of get_qes_master(), qesR 0.4.4 (tag v0.4.4)"
"master","language","qes2022","cps_UserLanguage","core","source_map attribute of get_qes_master(), qesR 0.4.4 (tag v0.4.4)"
"master","citizenship","qes2022","cps_citizen","core","source_map attribute of get_qes_master(), qesR 0.4.4 (tag v0.4.4)"
"master","year_of_birth","qes2022","cps_yob","core","source_map attribute of get_qes_master(), qesR 0.4.4 (tag v0.4.4)"
"master","age","qes2022","cps_age_in_years","core","source_map attribute of get_qes_master(), qesR 0.4.4 (tag v0.4.4)"
"master","age_group","qes2022",,"core","source_map attribute of get_qes_master(), qesR 0.4.4 (tag v0.4.4)"
"master","gender","qes2022","cps_genderid","core","source_map attribute of get_qes_master(), qesR 0.4.4 (tag v0.4.4)"
"master","province_territory","qes2022","cps_province","core","source_map attribute of get_qes_master(), qesR 0.4.4 (tag v0.4.4)"
"master","education","qes2022","cps_edu","core","source_map attribute of get_qes_master(), qesR 0.4.4 (tag v0.4.4)"
"master","income","qes2022","cps_income","core","source_map attribute of get_qes_master(), qesR 0.4.4 (tag v0.4.4)"
"master","religion","qes2022","cps_religion","core","source_map attribute of get_qes_master(), qesR 0.4.4 (tag v0.4.4)"
"master","born_canada","qes2022","cps_borncda","core","source_map attribute of get_qes_master(), qesR 0.4.4 (tag v0.4.4)"
"master","political_interest","qes2022","cps_interest_1","core","source_map attribute of get_qes_master(), qesR 0.4.4 (tag v0.4.4)"
"master","ideology","qes2022","cps_ideoself_1","core","source_map attribute of get_qes_master(), qesR 0.4.4 (tag v0.4.4)"
"master","turnout","qes2022","cps_turnout","core","source_map attribute of get_qes_master(), qesR 0.4.4 (tag v0.4.4)"
"master","vote_choice","qes2022","cps_votechoice1","core","source_map attribute of get_qes_master(), qesR 0.4.4 (tag v0.4.4)"
"master","vote_choice_text","qes2022","cps_votechoice1_8_TEXT","core","source_map attribute of get_qes_master(), qesR 0.4.4 (tag v0.4.4)"
"master","party_best","qes2022","cps_partybest","core","source_map attribute of get_qes_master(), qesR 0.4.4 (tag v0.4.4)"
"master","party_lean","qes2022","cps_votelean","core","source_map attribute of get_qes_master(), qesR 0.4.4 (tag v0.4.4)"
"master","sovereignty_support","qes2022","cps_qc_referendum","core","source_map attribute of get_qes_master(), qesR 0.4.4 (tag v0.4.4)"
"master","sovereignty","qes2022","cps_qc_referendum","core","source_map attribute of get_qes_master(), qesR 0.4.4 (tag v0.4.4)"
"master","federal_pid","qes2022","cps_fedpid","core","source_map attribute of get_qes_master(), qesR 0.4.4 (tag v0.4.4)"
"master","provincial_pid","qes2022","cps_provpid","core","source_map attribute of get_qes_master(), qesR 0.4.4 (tag v0.4.4)"
"master","survey_weight","qes2022","cps_weight_general","core","source_map attribute of get_qes_master(), qesR 0.4.4 (tag v0.4.4)"
"master","definibin","qes2022",,"stacked","source_map attribute of get_qes_master(), qesR 0.4.4 (tag v0.4.4)"
"master","ethn1","qes2022",,"stacked","source_map attribute of get_qes_master(), qesR 0.4.4 (tag v0.4.4)"
"master","influperso","qes2022",,"stacked","source_map attribute of get_qes_master(), qesR 0.4.4 (tag v0.4.4)"
"master","luentend","qes2022",,"stacked","source_map attribute of get_qes_master(), qesR 0.4.4 (tag v0.4.4)"
"master","occup","qes2022",,"stacked","source_map attribute of get_qes_master(), qesR 0.4.4 (tag v0.4.4)"
"master","patron","qes2022",,"stacked","source_map attribute of get_qes_master(), qesR 0.4.4 (tag v0.4.4)"
"master","pondam1","qes2022",,"stacked","source_map attribute of get_qes_master(), qesR 0.4.4 (tag v0.4.4)"
"master","issue_family_support","qes2022",,"stacked","source_map attribute of get_qes_master(), qesR 0.4.4 (tag v0.4.4)"
"master","info_source_primary","qes2022",,"stacked","source_map attribute of get_qes_master(), qesR 0.4.4 (tag v0.4.4)"
"master","info_source_secondary","qes2022",,"stacked","source_map attribute of get_qes_master(), qesR 0.4.4 (tag v0.4.4)"
"master","party_best_health","qes2022",,"stacked","source_map attribute of get_qes_master(), qesR 0.4.4 (tag v0.4.4)"
"master","identity_self_1","qes2022",,"stacked","source_map attribute of get_qes_master(), qesR 0.4.4 (tag v0.4.4)"
"master","identity_self_2","qes2022",,"stacked","source_map attribute of get_qes_master(), qesR 0.4.4 (tag v0.4.4)"
"master","referendum_intent","qes2022",,"stacked","source_map attribute of get_qes_master(), qesR 0.4.4 (tag v0.4.4)"
"master","party_best_anticorruption","qes2022",,"stacked","source_map attribute of get_qes_master(), qesR 0.4.4 (tag v0.4.4)"
"master","elites_out_of_touch","qes2022",,"stacked","source_map attribute of get_qes_master(), qesR 0.4.4 (tag v0.4.4)"
"master","trust_government","qes2022",,"stacked","source_map attribute of get_qes_master(), qesR 0.4.4 (tag v0.4.4)"
"master","gov_tax_waste","qes2022",,"stacked","source_map attribute of get_qes_master(), qesR 0.4.4 (tag v0.4.4)"
"master","issue_education","qes2022",,"stacked","source_map attribute of get_qes_master(), qesR 0.4.4 (tag v0.4.4)"
"master","feeling_qs_0_100","qes2022",,"stacked","source_map attribute of get_qes_master(), qesR 0.4.4 (tag v0.4.4)"
"master","election_timing_eval","qes2022",,"stacked","source_map attribute of get_qes_master(), qesR 0.4.4 (tag v0.4.4)"
"master","pr_reform_support","qes2022",,"stacked","source_map attribute of get_qes_master(), qesR 0.4.4 (tag v0.4.4)"
"master","democracy_needs_parties","qes2022",,"stacked","source_map attribute of get_qes_master(), qesR 0.4.4 (tag v0.4.4)"
"master","parties_all_same","qes2022",,"stacked","source_map attribute of get_qes_master(), qesR 0.4.4 (tag v0.4.4)"
"master","feeling_charest_0_100","qes2022",,"stacked","source_map attribute of get_qes_master(), qesR 0.4.4 (tag v0.4.4)"
"master","qc_difference_view","qes2022",,"stacked","source_map attribute of get_qes_master(), qesR 0.4.4 (tag v0.4.4)"
"master","feeling_boisclair_0_100","qes2022",,"stacked","source_map attribute of get_qes_master(), qesR 0.4.4 (tag v0.4.4)"
"master","feeling_dumont_0_100","qes2022",,"stacked","source_map attribute of get_qes_master(), qesR 0.4.4 (tag v0.4.4)"
"master","feeling_david_0_100","qes2022",,"stacked","source_map attribute of get_qes_master(), qesR 0.4.4 (tag v0.4.4)"
"master","feeling_mckay_0_100","qes2022",,"stacked","source_map attribute of get_qes_master(), qesR 0.4.4 (tag v0.4.4)"
"master","leader_most_competent","qes2022",,"stacked","source_map attribute of get_qes_master(), qesR 0.4.4 (tag v0.4.4)"
"master","fed_gov_too_interventionist","qes2022",,"stacked","source_map attribute of get_qes_master(), qesR 0.4.4 (tag v0.4.4)"
"master","leader_closest_people","qes2022",,"stacked","source_map attribute of get_qes_master(), qesR 0.4.4 (tag v0.4.4)"
"master","qc_economy_change","qes2022",,"stacked","source_map attribute of get_qes_master(), qesR 0.4.4 (tag v0.4.4)"
"master","federalist_sovereignist_self","qes2022",,"stacked","source_map attribute of get_qes_master(), qesR 0.4.4 (tag v0.4.4)"
"master","future_outlook","qes2022",,"stacked","source_map attribute of get_qes_master(), qesR 0.4.4 (tag v0.4.4)"
"master","privatize_hydro_support","qes2022",,"stacked","source_map attribute of get_qes_master(), qesR 0.4.4 (tag v0.4.4)"
"master","private_healthcare_support","qes2022",,"stacked","source_map attribute of get_qes_master(), qesR 0.4.4 (tag v0.4.4)"
"master","gov_role_environment","qes2022",,"stacked","source_map attribute of get_qes_master(), qesR 0.4.4 (tag v0.4.4)"
"master","profits_help_poor","qes2022",,"stacked","source_map attribute of get_qes_master(), qesR 0.4.4 (tag v0.4.4)"
"master","party_best_health_alt","qes2022",,"stacked","source_map attribute of get_qes_master(), qesR 0.4.4 (tag v0.4.4)"
"master","powers_for_quebec","qes2022",,"stacked","source_map attribute of get_qes_master(), qesR 0.4.4 (tag v0.4.4)"
"master","party_best_environment","qes2022",,"stacked","source_map attribute of get_qes_master(), qesR 0.4.4 (tag v0.4.4)"
"master","party_best_poverty","qes2022",,"stacked","source_map attribute of get_qes_master(), qesR 0.4.4 (tag v0.4.4)"
"master","qc_voice_federal","qes2022",,"stacked","source_map attribute of get_qes_master(), qesR 0.4.4 (tag v0.4.4)"
"master","party_best_qc_identity","qes2022",,"stacked","source_map attribute of get_qes_master(), qesR 0.4.4 (tag v0.4.4)"
"master","party_best_caisse_depot","qes2022",,"stacked","source_map attribute of get_qes_master(), qesR 0.4.4 (tag v0.4.4)"
"master","decision_level_a","qes2022",,"stacked","source_map attribute of get_qes_master(), qesR 0.4.4 (tag v0.4.4)"
"master","decision_level_b","qes2022",,"stacked","source_map attribute of get_qes_master(), qesR 0.4.4 (tag v0.4.4)"
"master","feeling_unions_0_100","qes2022",,"stacked","source_map attribute of get_qes_master(), qesR 0.4.4 (tag v0.4.4)"
"master","feeling_business_0_100","qes2022",,"stacked","source_map attribute of get_qes_master(), qesR 0.4.4 (tag v0.4.4)"
"master","same_sex_marriage","qes2022",,"stacked","source_map attribute of get_qes_master(), qesR 0.4.4 (tag v0.4.4)"
"master","family_values_priority","qes2022",,"stacked","source_map attribute of get_qes_master(), qesR 0.4.4 (tag v0.4.4)"
"master","issue_tax_cuts","qes2022",,"stacked","source_map attribute of get_qes_master(), qesR 0.4.4 (tag v0.4.4)"
"master","provincial_pid_item","qes2022",,"stacked","source_map attribute of get_qes_master(), qesR 0.4.4 (tag v0.4.4)"
"master","provincial_party_lean","qes2022",,"stacked","source_map attribute of get_qes_master(), qesR 0.4.4 (tag v0.4.4)"
"master","party_named","qes2022",,"stacked","source_map attribute of get_qes_master(), qesR 0.4.4 (tag v0.4.4)"
"master","vote_federal_2006","qes2022",,"stacked","source_map attribute of get_qes_master(), qesR 0.4.4 (tag v0.4.4)"
"master","employment_status","qes2022",,"stacked","source_map attribute of get_qes_master(), qesR 0.4.4 (tag v0.4.4)"
"master","issue_qc_status","qes2022",,"stacked","source_map attribute of get_qes_master(), qesR 0.4.4 (tag v0.4.4)"
"master","home_language","qes2022",,"stacked","source_map attribute of get_qes_master(), qesR 0.4.4 (tag v0.4.4)"
"master","gov_role_jobs_income","qes2022",,"stacked","source_map attribute of get_qes_master(), qesR 0.4.4 (tag v0.4.4)"
"master","issue_poverty","qes2022",,"stacked","source_map attribute of get_qes_master(), qesR 0.4.4 (tag v0.4.4)"
"master","vote_reason_1","qes2022",,"stacked","source_map attribute of get_qes_master(), qesR 0.4.4 (tag v0.4.4)"
"master","vote_reason_2","qes2022",,"stacked","source_map attribute of get_qes_master(), qesR 0.4.4 (tag v0.4.4)"
"master","interview_weekday","qes2022",,"stacked","source_map attribute of get_qes_master(), qesR 0.4.4 (tag v0.4.4)"
"master","gov_satisfaction","qes2022",,"stacked","source_map attribute of get_qes_master(), qesR 0.4.4 (tag v0.4.4)"
"master","polling_trust","qes2022",,"stacked","source_map attribute of get_qes_master(), qesR 0.4.4 (tag v0.4.4)"
"master","polls_eval","qes2022",,"stacked","source_map attribute of get_qes_master(), qesR 0.4.4 (tag v0.4.4)"
"master","previous_vote_2003","qes2022",,"stacked","source_map attribute of get_qes_master(), qesR 0.4.4 (tag v0.4.4)"
"master","respondent_id","qes2018","responseid","core","source_map attribute of get_qes_master(), qesR 0.4.4 (tag v0.4.4)"
"master","interview_start","qes2018",,"core","source_map attribute of get_qes_master(), qesR 0.4.4 (tag v0.4.4)"
"master","interview_end","qes2018",,"core","source_map attribute of get_qes_master(), qesR 0.4.4 (tag v0.4.4)"
"master","interview_recorded","qes2018",,"core","source_map attribute of get_qes_master(), qesR 0.4.4 (tag v0.4.4)"
"master","language","qes2018","qlangue","core","source_map attribute of get_qes_master(), qesR 0.4.4 (tag v0.4.4)"
"master","citizenship","qes2018",,"core","source_map attribute of get_qes_master(), qesR 0.4.4 (tag v0.4.4)"
"master","year_of_birth","qes2018","ageyear_1","core","source_map attribute of get_qes_master(), qesR 0.4.4 (tag v0.4.4)"
"master","age","qes2018","age","core","source_map attribute of get_qes_master(), qesR 0.4.4 (tag v0.4.4)"
"master","age_group","qes2018","age","core","source_map attribute of get_qes_master(), qesR 0.4.4 (tag v0.4.4)"
"master","gender","qes2018","qsexe","core","source_map attribute of get_qes_master(), qesR 0.4.4 (tag v0.4.4)"
"master","province_territory","qes2018","q0qc","core","source_map attribute of get_qes_master(), qesR 0.4.4 (tag v0.4.4)"
"master","education","qes2018","qscol","core","source_map attribute of get_qes_master(), qesR 0.4.4 (tag v0.4.4)"
"master","income","qes2018","q61","core","source_map attribute of get_qes_master(), qesR 0.4.4 (tag v0.4.4)"
"master","religion","qes2018","q67","core","source_map attribute of get_qes_master(), qesR 0.4.4 (tag v0.4.4)"
"master","born_canada","qes2018","q69","core","source_map attribute of get_qes_master(), qesR 0.4.4 (tag v0.4.4)"
"master","political_interest","qes2018","q27","core","source_map attribute of get_qes_master(), qesR 0.4.4 (tag v0.4.4)"
"master","ideology","qes2018",,"core","source_map attribute of get_qes_master(), qesR 0.4.4 (tag v0.4.4)"
"master","turnout","qes2018","q5","core","source_map attribute of get_qes_master(), qesR 0.4.4 (tag v0.4.4)"
"master","vote_choice","qes2018","q6","core","source_map attribute of get_qes_master(), qesR 0.4.4 (tag v0.4.4)"
"master","vote_choice_text","qes2018","q2_96_other","core","source_map attribute of get_qes_master(), qesR 0.4.4 (tag v0.4.4)"
"master","party_best","qes2018","q8","core","source_map attribute of get_qes_master(), qesR 0.4.4 (tag v0.4.4)"
"master","party_lean","qes2018","q5a","core","source_map attribute of get_qes_master(), qesR 0.4.4 (tag v0.4.4)"
"master","sovereignty_support","qes2018","q26","core","source_map attribute of get_qes_master(), qesR 0.4.4 (tag v0.4.4)"
"master","sovereignty","qes2018","q26","core","source_map attribute of get_qes_master(), qesR 0.4.4 (tag v0.4.4)"
"master","federal_pid","qes2018",,"core","source_map attribute of get_qes_master(), qesR 0.4.4 (tag v0.4.4)"
"master","provincial_pid","qes2018",,"core","source_map attribute of get_qes_master(), qesR 0.4.4 (tag v0.4.4)"
"master","survey_weight","qes2018","pond","core","source_map attribute of get_qes_master(), qesR 0.4.4 (tag v0.4.4)"
"master","definibin","qes2018",,"stacked","source_map attribute of get_qes_master(), qesR 0.4.4 (tag v0.4.4)"
"master","ethn1","qes2018",,"stacked","source_map attribute of get_qes_master(), qesR 0.4.4 (tag v0.4.4)"
"master","influperso","qes2018",,"stacked","source_map attribute of get_qes_master(), qesR 0.4.4 (tag v0.4.4)"
"master","luentend","qes2018",,"stacked","source_map attribute of get_qes_master(), qesR 0.4.4 (tag v0.4.4)"
"master","occup","qes2018",,"stacked","source_map attribute of get_qes_master(), qesR 0.4.4 (tag v0.4.4)"
"master","patron","qes2018",,"stacked","source_map attribute of get_qes_master(), qesR 0.4.4 (tag v0.4.4)"
"master","pondam1","qes2018",,"stacked","source_map attribute of get_qes_master(), qesR 0.4.4 (tag v0.4.4)"
"master","issue_family_support","qes2018","q10","stacked","source_map attribute of get_qes_master(), qesR 0.4.4 (tag v0.4.4)"
"master","info_source_primary","qes2018",,"stacked","source_map attribute of get_qes_master(), qesR 0.4.4 (tag v0.4.4)"
"master","info_source_secondary","qes2018",,"stacked","source_map attribute of get_qes_master(), qesR 0.4.4 (tag v0.4.4)"
"master","party_best_health","qes2018","q18","stacked","source_map attribute of get_qes_master(), qesR 0.4.4 (tag v0.4.4)"
"master","identity_self_1","qes2018",,"stacked","source_map attribute of get_qes_master(), qesR 0.4.4 (tag v0.4.4)"
"master","identity_self_2","qes2018",,"stacked","source_map attribute of get_qes_master(), qesR 0.4.4 (tag v0.4.4)"
"master","referendum_intent","qes2018",,"stacked","source_map attribute of get_qes_master(), qesR 0.4.4 (tag v0.4.4)"
"master","party_best_anticorruption","qes2018","q20b","stacked","source_map attribute of get_qes_master(), qesR 0.4.4 (tag v0.4.4)"
"master","elites_out_of_touch","qes2018",,"stacked","source_map attribute of get_qes_master(), qesR 0.4.4 (tag v0.4.4)"
"master","trust_government","qes2018","q23","stacked","source_map attribute of get_qes_master(), qesR 0.4.4 (tag v0.4.4)"
"master","gov_tax_waste","qes2018","q24","stacked","source_map attribute of get_qes_master(), qesR 0.4.4 (tag v0.4.4)"
"master","issue_education","qes2018","q3","stacked","source_map attribute of get_qes_master(), qesR 0.4.4 (tag v0.4.4)"
"master","feeling_qs_0_100","qes2018",,"stacked","source_map attribute of get_qes_master(), qesR 0.4.4 (tag v0.4.4)"
"master","election_timing_eval","qes2018",,"stacked","source_map attribute of get_qes_master(), qesR 0.4.4 (tag v0.4.4)"
"master","pr_reform_support","qes2018",,"stacked","source_map attribute of get_qes_master(), qesR 0.4.4 (tag v0.4.4)"
"master","democracy_needs_parties","qes2018",,"stacked","source_map attribute of get_qes_master(), qesR 0.4.4 (tag v0.4.4)"
"master","parties_all_same","qes2018",,"stacked","source_map attribute of get_qes_master(), qesR 0.4.4 (tag v0.4.4)"
"master","feeling_charest_0_100","qes2018",,"stacked","source_map attribute of get_qes_master(), qesR 0.4.4 (tag v0.4.4)"
"master","qc_difference_view","qes2018","q4","stacked","source_map attribute of get_qes_master(), qesR 0.4.4 (tag v0.4.4)"
"master","feeling_boisclair_0_100","qes2018",,"stacked","source_map attribute of get_qes_master(), qesR 0.4.4 (tag v0.4.4)"
"master","feeling_dumont_0_100","qes2018",,"stacked","source_map attribute of get_qes_master(), qesR 0.4.4 (tag v0.4.4)"
"master","feeling_david_0_100","qes2018","q42","stacked","source_map attribute of get_qes_master(), qesR 0.4.4 (tag v0.4.4)"
"master","feeling_mckay_0_100","qes2018","q43","stacked","source_map attribute of get_qes_master(), qesR 0.4.4 (tag v0.4.4)"
"master","leader_most_competent","qes2018","q44","stacked","source_map attribute of get_qes_master(), qesR 0.4.4 (tag v0.4.4)"
"master","fed_gov_too_interventionist","qes2018","q45","stacked","source_map attribute of get_qes_master(), qesR 0.4.4 (tag v0.4.4)"
"master","leader_closest_people","qes2018","q46","stacked","source_map attribute of get_qes_master(), qesR 0.4.4 (tag v0.4.4)"
"master","qc_economy_change","qes2018",,"stacked","source_map attribute of get_qes_master(), qesR 0.4.4 (tag v0.4.4)"
"master","federalist_sovereignist_self","qes2018","q48","stacked","source_map attribute of get_qes_master(), qesR 0.4.4 (tag v0.4.4)"
"master","future_outlook","qes2018","q49","stacked","source_map attribute of get_qes_master(), qesR 0.4.4 (tag v0.4.4)"
"master","privatize_hydro_support","qes2018",,"stacked","source_map attribute of get_qes_master(), qesR 0.4.4 (tag v0.4.4)"
"master","private_healthcare_support","qes2018",,"stacked","source_map attribute of get_qes_master(), qesR 0.4.4 (tag v0.4.4)"
"master","gov_role_environment","qes2018","q53","stacked","source_map attribute of get_qes_master(), qesR 0.4.4 (tag v0.4.4)"
"master","profits_help_poor","qes2018","q54","stacked","source_map attribute of get_qes_master(), qesR 0.4.4 (tag v0.4.4)"
"master","party_best_health_alt","qes2018",,"stacked","source_map attribute of get_qes_master(), qesR 0.4.4 (tag v0.4.4)"
"master","powers_for_quebec","qes2018","q56","stacked","source_map attribute of get_qes_master(), qesR 0.4.4 (tag v0.4.4)"
"master","party_best_environment","qes2018","q58","stacked","source_map attribute of get_qes_master(), qesR 0.4.4 (tag v0.4.4)"
"master","party_best_poverty","qes2018",,"stacked","source_map attribute of get_qes_master(), qesR 0.4.4 (tag v0.4.4)"
"master","qc_voice_federal","qes2018","q60","stacked","source_map attribute of get_qes_master(), qesR 0.4.4 (tag v0.4.4)"
"master","party_best_qc_identity","qes2018",,"stacked","source_map attribute of get_qes_master(), qesR 0.4.4 (tag v0.4.4)"
"master","party_best_caisse_depot","qes2018",,"stacked","source_map attribute of get_qes_master(), qesR 0.4.4 (tag v0.4.4)"
"master","decision_level_a","qes2018","q62a","stacked","source_map attribute of get_qes_master(), qesR 0.4.4 (tag v0.4.4)"
"master","decision_level_b","qes2018","q62b","stacked","source_map attribute of get_qes_master(), qesR 0.4.4 (tag v0.4.4)"
"master","feeling_unions_0_100","qes2018",,"stacked","source_map attribute of get_qes_master(), qesR 0.4.4 (tag v0.4.4)"
"master","feeling_business_0_100","qes2018",,"stacked","source_map attribute of get_qes_master(), qesR 0.4.4 (tag v0.4.4)"
"master","same_sex_marriage","qes2018","q66","stacked","source_map attribute of get_qes_master(), qesR 0.4.4 (tag v0.4.4)"
"master","family_values_priority","qes2018","q68","stacked","source_map attribute of get_qes_master(), qesR 0.4.4 (tag v0.4.4)"
"master","issue_tax_cuts","qes2018","q7","stacked","source_map attribute of get_qes_master(), qesR 0.4.4 (tag v0.4.4)"
"master","provincial_pid_item","qes2018","q70","stacked","source_map attribute of get_qes_master(), qesR 0.4.4 (tag v0.4.4)"
"master","provincial_party_lean","qes2018",,"stacked","source_map attribute of get_qes_master(), qesR 0.4.4 (tag v0.4.4)"
"master","party_named","qes2018",,"stacked","source_map attribute of get_qes_master(), qesR 0.4.4 (tag v0.4.4)"
"master","vote_federal_2006","qes2018",,"stacked","source_map attribute of get_qes_master(), qesR 0.4.4 (tag v0.4.4)"
"master","employment_status","qes2018",,"stacked","source_map attribute of get_qes_master(), qesR 0.4.4 (tag v0.4.4)"
"master","issue_qc_status","qes2018","q8","stacked","source_map attribute of get_qes_master(), qesR 0.4.4 (tag v0.4.4)"
"master","home_language","qes2018",,"stacked","source_map attribute of get_qes_master(), qesR 0.4.4 (tag v0.4.4)"
"master","gov_role_jobs_income","qes2018",,"stacked","source_map attribute of get_qes_master(), qesR 0.4.4 (tag v0.4.4)"
"master","issue_poverty","qes2018","q9","stacked","source_map attribute of get_qes_master(), qesR 0.4.4 (tag v0.4.4)"
"master","vote_reason_1","qes2018",,"stacked","source_map attribute of get_qes_master(), qesR 0.4.4 (tag v0.4.4)"
"master","vote_reason_2","qes2018",,"stacked","source_map attribute of get_qes_master(), qesR 0.4.4 (tag v0.4.4)"
"master","interview_weekday","qes2018",,"stacked","source_map attribute of get_qes_master(), qesR 0.4.4 (tag v0.4.4)"
"master","gov_satisfaction","qes2018",,"stacked","source_map attribute of get_qes_master(), qesR 0.4.4 (tag v0.4.4)"
"master","polling_trust","qes2018",,"stacked","source_map attribute of get_qes_master(), qesR 0.4.4 (tag v0.4.4)"
"master","polls_eval","qes2018",,"stacked","source_map attribute of get_qes_master(), qesR 0.4.4 (tag v0.4.4)"
"master","previous_vote_2003","qes2018",,"stacked","source_map attribute of get_qes_master(), qesR 0.4.4 (tag v0.4.4)"
"master","respondent_id","qes2018_panel","(synthetic_rowid)","core","source_map attribute of get_qes_master(), qesR 0.4.4 (tag v0.4.4)"
"master","interview_start","qes2018_panel",,"core","source_map attribute of get_qes_master(), qesR 0.4.4 (tag v0.4.4)"
"master","interview_end","qes2018_panel",,"core","source_map attribute of get_qes_master(), qesR 0.4.4 (tag v0.4.4)"
"master","interview_recorded","qes2018_panel",,"core","source_map attribute of get_qes_master(), qesR 0.4.4 (tag v0.4.4)"
"master","language","qes2018_panel","s1","core","source_map attribute of get_qes_master(), qesR 0.4.4 (tag v0.4.4)"
"master","citizenship","qes2018_panel",,"core","source_map attribute of get_qes_master(), qesR 0.4.4 (tag v0.4.4)"
"master","year_of_birth","qes2018_panel",,"core","source_map attribute of get_qes_master(), qesR 0.4.4 (tag v0.4.4)"
"master","age","qes2018_panel","age","core","source_map attribute of get_qes_master(), qesR 0.4.4 (tag v0.4.4)"
"master","age_group","qes2018_panel","age","core","source_map attribute of get_qes_master(), qesR 0.4.4 (tag v0.4.4)"
"master","gender","qes2018_panel","sexfix","core","source_map attribute of get_qes_master(), qesR 0.4.4 (tag v0.4.4)"
"master","province_territory","qes2018_panel","region","core","source_map attribute of get_qes_master(), qesR 0.4.4 (tag v0.4.4)"
"master","education","qes2018_panel","d3","core","source_map attribute of get_qes_master(), qesR 0.4.4 (tag v0.4.4)"
"master","income","qes2018_panel","d5","core","source_map attribute of get_qes_master(), qesR 0.4.4 (tag v0.4.4)"
"master","religion","qes2018_panel",,"core","source_map attribute of get_qes_master(), qesR 0.4.4 (tag v0.4.4)"
"master","born_canada","qes2018_panel",,"core","source_map attribute of get_qes_master(), qesR 0.4.4 (tag v0.4.4)"
"master","political_interest","qes2018_panel",,"core","source_map attribute of get_qes_master(), qesR 0.4.4 (tag v0.4.4)"
"master","ideology","qes2018_panel","rts_q8","core","source_map attribute of get_qes_master(), qesR 0.4.4 (tag v0.4.4)"
"master","turnout","qes2018_panel","vote","core","source_map attribute of get_qes_master(), qesR 0.4.4 (tag v0.4.4)"
"master","vote_choice","qes2018_panel","vote","core","source_map attribute of get_qes_master(), qesR 0.4.4 (tag v0.4.4)"
"master","vote_choice_text","qes2018_panel",,"core","source_map attribute of get_qes_master(), qesR 0.4.4 (tag v0.4.4)"
"master","party_best","qes2018_panel",,"core","source_map attribute of get_qes_master(), qesR 0.4.4 (tag v0.4.4)"
"master","party_lean","qes2018_panel","rv1b","core","source_map attribute of get_qes_master(), qesR 0.4.4 (tag v0.4.4)"
"master","sovereignty_support","qes2018_panel","independance","core","source_map attribute of get_qes_master(), qesR 0.4.4 (tag v0.4.4)"
"master","sovereignty","qes2018_panel","independance","core","source_map attribute of get_qes_master(), qesR 0.4.4 (tag v0.4.4)"
"master","federal_pid","qes2018_panel",,"core","source_map attribute of get_qes_master(), qesR 0.4.4 (tag v0.4.4)"
"master","provincial_pid","qes2018_panel",,"core","source_map attribute of get_qes_master(), qesR 0.4.4 (tag v0.4.4)"
"master","survey_weight","qes2018_panel","weight","core","source_map attribute of get_qes_master(), qesR 0.4.4 (tag v0.4.4)"
"master","definibin","qes2018_panel",,"stacked","source_map attribute of get_qes_master(), qesR 0.4.4 (tag v0.4.4)"
"master","ethn1","qes2018_panel",,"stacked","source_map attribute of get_qes_master(), qesR 0.4.4 (tag v0.4.4)"
"master","influperso","qes2018_panel",,"stacked","source_map attribute of get_qes_master(), qesR 0.4.4 (tag v0.4.4)"
"master","luentend","qes2018_panel",,"stacked","source_map attribute of get_qes_master(), qesR 0.4.4 (tag v0.4.4)"
"master","occup","qes2018_panel",,"stacked","source_map attribute of get_qes_master(), qesR 0.4.4 (tag v0.4.4)"
"master","patron","qes2018_panel","patron","stacked","source_map attribute of get_qes_master(), qesR 0.4.4 (tag v0.4.4)"
"master","pondam1","qes2018_panel",,"stacked","source_map attribute of get_qes_master(), qesR 0.4.4 (tag v0.4.4)"
"master","issue_family_support","qes2018_panel",,"stacked","source_map attribute of get_qes_master(), qesR 0.4.4 (tag v0.4.4)"
"master","info_source_primary","qes2018_panel",,"stacked","source_map attribute of get_qes_master(), qesR 0.4.4 (tag v0.4.4)"
"master","info_source_secondary","qes2018_panel",,"stacked","source_map attribute of get_qes_master(), qesR 0.4.4 (tag v0.4.4)"
"master","party_best_health","qes2018_panel",,"stacked","source_map attribute of get_qes_master(), qesR 0.4.4 (tag v0.4.4)"
"master","identity_self_1","qes2018_panel",,"stacked","source_map attribute of get_qes_master(), qesR 0.4.4 (tag v0.4.4)"
"master","identity_self_2","qes2018_panel",,"stacked","source_map attribute of get_qes_master(), qesR 0.4.4 (tag v0.4.4)"
"master","referendum_intent","qes2018_panel",,"stacked","source_map attribute of get_qes_master(), qesR 0.4.4 (tag v0.4.4)"
"master","party_best_anticorruption","qes2018_panel",,"stacked","source_map attribute of get_qes_master(), qesR 0.4.4 (tag v0.4.4)"
"master","elites_out_of_touch","qes2018_panel",,"stacked","source_map attribute of get_qes_master(), qesR 0.4.4 (tag v0.4.4)"
"master","trust_government","qes2018_panel",,"stacked","source_map attribute of get_qes_master(), qesR 0.4.4 (tag v0.4.4)"
"master","gov_tax_waste","qes2018_panel",,"stacked","source_map attribute of get_qes_master(), qesR 0.4.4 (tag v0.4.4)"
"master","issue_education","qes2018_panel",,"stacked","source_map attribute of get_qes_master(), qesR 0.4.4 (tag v0.4.4)"
"master","feeling_qs_0_100","qes2018_panel",,"stacked","source_map attribute of get_qes_master(), qesR 0.4.4 (tag v0.4.4)"
"master","election_timing_eval","qes2018_panel",,"stacked","source_map attribute of get_qes_master(), qesR 0.4.4 (tag v0.4.4)"
"master","pr_reform_support","qes2018_panel",,"stacked","source_map attribute of get_qes_master(), qesR 0.4.4 (tag v0.4.4)"
"master","democracy_needs_parties","qes2018_panel",,"stacked","source_map attribute of get_qes_master(), qesR 0.4.4 (tag v0.4.4)"
"master","parties_all_same","qes2018_panel",,"stacked","source_map attribute of get_qes_master(), qesR 0.4.4 (tag v0.4.4)"
"master","feeling_charest_0_100","qes2018_panel",,"stacked","source_map attribute of get_qes_master(), qesR 0.4.4 (tag v0.4.4)"
"master","qc_difference_view","qes2018_panel",,"stacked","source_map attribute of get_qes_master(), qesR 0.4.4 (tag v0.4.4)"
"master","feeling_boisclair_0_100","qes2018_panel",,"stacked","source_map attribute of get_qes_master(), qesR 0.4.4 (tag v0.4.4)"
"master","feeling_dumont_0_100","qes2018_panel",,"stacked","source_map attribute of get_qes_master(), qesR 0.4.4 (tag v0.4.4)"
"master","feeling_david_0_100","qes2018_panel",,"stacked","source_map attribute of get_qes_master(), qesR 0.4.4 (tag v0.4.4)"
"master","feeling_mckay_0_100","qes2018_panel",,"stacked","source_map attribute of get_qes_master(), qesR 0.4.4 (tag v0.4.4)"
"master","leader_most_competent","qes2018_panel",,"stacked","source_map attribute of get_qes_master(), qesR 0.4.4 (tag v0.4.4)"
"master","fed_gov_too_interventionist","qes2018_panel",,"stacked","source_map attribute of get_qes_master(), qesR 0.4.4 (tag v0.4.4)"
"master","leader_closest_people","qes2018_panel",,"stacked","source_map attribute of get_qes_master(), qesR 0.4.4 (tag v0.4.4)"
"master","qc_economy_change","qes2018_panel",,"stacked","source_map attribute of get_qes_master(), qesR 0.4.4 (tag v0.4.4)"
"master","federalist_sovereignist_self","qes2018_panel",,"stacked","source_map attribute of get_qes_master(), qesR 0.4.4 (tag v0.4.4)"
"master","future_outlook","qes2018_panel",,"stacked","source_map attribute of get_qes_master(), qesR 0.4.4 (tag v0.4.4)"
"master","privatize_hydro_support","qes2018_panel",,"stacked","source_map attribute of get_qes_master(), qesR 0.4.4 (tag v0.4.4)"
"master","private_healthcare_support","qes2018_panel",,"stacked","source_map attribute of get_qes_master(), qesR 0.4.4 (tag v0.4.4)"
"master","gov_role_environment","qes2018_panel",,"stacked","source_map attribute of get_qes_master(), qesR 0.4.4 (tag v0.4.4)"
"master","profits_help_poor","qes2018_panel",,"stacked","source_map attribute of get_qes_master(), qesR 0.4.4 (tag v0.4.4)"
"master","party_best_health_alt","qes2018_panel",,"stacked","source_map attribute of get_qes_master(), qesR 0.4.4 (tag v0.4.4)"
"master","powers_for_quebec","qes2018_panel",,"stacked","source_map attribute of get_qes_master(), qesR 0.4.4 (tag v0.4.4)"
"master","party_best_environment","qes2018_panel",,"stacked","source_map attribute of get_qes_master(), qesR 0.4.4 (tag v0.4.4)"
"master","party_best_poverty","qes2018_panel",,"stacked","source_map attribute of get_qes_master(), qesR 0.4.4 (tag v0.4.4)"
"master","qc_voice_federal","qes2018_panel",,"stacked","source_map attribute of get_qes_master(), qesR 0.4.4 (tag v0.4.4)"
"master","party_best_qc_identity","qes2018_panel",,"stacked","source_map attribute of get_qes_master(), qesR 0.4.4 (tag v0.4.4)"
"master","party_best_caisse_depot","qes2018_panel",,"stacked","source_map attribute of get_qes_master(), qesR 0.4.4 (tag v0.4.4)"
"master","decision_level_a","qes2018_panel",,"stacked","source_map attribute of get_qes_master(), qesR 0.4.4 (tag v0.4.4)"
"master","decision_level_b","qes2018_panel",,"stacked","source_map attribute of get_qes_master(), qesR 0.4.4 (tag v0.4.4)"
"master","feeling_unions_0_100","qes2018_panel",,"stacked","source_map attribute of get_qes_master(), qesR 0.4.4 (tag v0.4.4)"
"master","feeling_business_0_100","qes2018_panel",,"stacked","source_map attribute of get_qes_master(), qesR 0.4.4 (tag v0.4.4)"
"master","same_sex_marriage","qes2018_panel",,"stacked","source_map attribute of get_qes_master(), qesR 0.4.4 (tag v0.4.4)"
"master","family_values_priority","qes2018_panel",,"stacked","source_map attribute of get_qes_master(), qesR 0.4.4 (tag v0.4.4)"
"master","issue_tax_cuts","qes2018_panel",,"stacked","source_map attribute of get_qes_master(), qesR 0.4.4 (tag v0.4.4)"
"master","provincial_pid_item","qes2018_panel",,"stacked","source_map attribute of get_qes_master(), qesR 0.4.4 (tag v0.4.4)"
"master","provincial_party_lean","qes2018_panel",,"stacked","source_map attribute of get_qes_master(), qesR 0.4.4 (tag v0.4.4)"
"master","party_named","qes2018_panel",,"stacked","source_map attribute of get_qes_master(), qesR 0.4.4 (tag v0.4.4)"
"master","vote_federal_2006","qes2018_panel",,"stacked","source_map attribute of get_qes_master(), qesR 0.4.4 (tag v0.4.4)"
"master","employment_status","qes2018_panel",,"stacked","source_map attribute of get_qes_master(), qesR 0.4.4 (tag v0.4.4)"
"master","issue_qc_status","qes2018_panel",,"stacked","source_map attribute of get_qes_master(), qesR 0.4.4 (tag v0.4.4)"
"master","home_language","qes2018_panel",,"stacked","source_map attribute of get_qes_master(), qesR 0.4.4 (tag v0.4.4)"
"master","gov_role_jobs_income","qes2018_panel",,"stacked","source_map attribute of get_qes_master(), qesR 0.4.4 (tag v0.4.4)"
"master","issue_poverty","qes2018_panel",,"stacked","source_map attribute of get_qes_master(), qesR 0.4.4 (tag v0.4.4)"
"master","vote_reason_1","qes2018_panel","raison1","stacked","source_map attribute of get_qes_master(), qesR 0.4.4 (tag v0.4.4)"
"master","vote_reason_2","qes2018_panel","raison2","stacked","source_map attribute of get_qes_master(), qesR 0.4.4 (tag v0.4.4)"
"master","interview_weekday","qes2018_panel",,"stacked","source_map attribute of get_qes_master(), qesR 0.4.4 (tag v0.4.4)"
"master","gov_satisfaction","qes2018_panel",,"stacked","source_map attribute of get_qes_master(), qesR 0.4.4 (tag v0.4.4)"
"master","polling_trust","qes2018_panel",,"stacked","source_map attribute of get_qes_master(), qesR 0.4.4 (tag v0.4.4)"
"master","polls_eval","qes2018_panel",,"stacked","source_map attribute of get_qes_master(), qesR 0.4.4 (tag v0.4.4)"
"master","previous_vote_2003","qes2018_panel",,"stacked","source_map attribute of get_qes_master(), qesR 0.4.4 (tag v0.4.4)"
"master","respondent_id","qes2014","(synthetic_rowid)","core","source_map attribute of get_qes_master(), qesR 0.4.4 (tag v0.4.4)"
"master","interview_start","qes2014","SDAT","core","source_map attribute of get_qes_master(), qesR 0.4.4 (tag v0.4.4)"
"master","interview_end","qes2014",,"core","source_map attribute of get_qes_master(), qesR 0.4.4 (tag v0.4.4)"
"master","interview_recorded","qes2014",,"core","source_map attribute of get_qes_master(), qesR 0.4.4 (tag v0.4.4)"
"master","language","qes2014","LANG","core","source_map attribute of get_qes_master(), qesR 0.4.4 (tag v0.4.4)"
"master","citizenship","qes2014",,"core","source_map attribute of get_qes_master(), qesR 0.4.4 (tag v0.4.4)"
"master","year_of_birth","qes2014","QAGE","core","source_map attribute of get_qes_master(), qesR 0.4.4 (tag v0.4.4)"
"master","age","qes2014","SMAGE","core","source_map attribute of get_qes_master(), qesR 0.4.4 (tag v0.4.4)"
"master","age_group","qes2014","CLAGE","core","source_map attribute of get_qes_master(), qesR 0.4.4 (tag v0.4.4)"
"master","gender","qes2014","QSEXE","core","source_map attribute of get_qes_master(), qesR 0.4.4 (tag v0.4.4)"
"master","province_territory","qes2014","QREGION","core","source_map attribute of get_qes_master(), qesR 0.4.4 (tag v0.4.4)"
"master","education","qes2014","QSCOL","core","source_map attribute of get_qes_master(), qesR 0.4.4 (tag v0.4.4)"
"master","income","qes2014","Q57","core","source_map attribute of get_qes_master(), qesR 0.4.4 (tag v0.4.4)"
"master","religion","qes2014","Q63","core","source_map attribute of get_qes_master(), qesR 0.4.4 (tag v0.4.4)"
"master","born_canada","qes2014","Q65","core","source_map attribute of get_qes_master(), qesR 0.4.4 (tag v0.4.4)"
"master","political_interest","qes2014","Q28","core","source_map attribute of get_qes_master(), qesR 0.4.4 (tag v0.4.4)"
"master","ideology","qes2014","Q32","core","source_map attribute of get_qes_master(), qesR 0.4.4 (tag v0.4.4)"
"master","turnout","qes2014","Q2","core","source_map attribute of get_qes_master(), qesR 0.4.4 (tag v0.4.4)"
"master","vote_choice","qes2014","Q3","core","source_map attribute of get_qes_master(), qesR 0.4.4 (tag v0.4.4)"
"master","vote_choice_text","qes2014",,"core","source_map attribute of get_qes_master(), qesR 0.4.4 (tag v0.4.4)"
"master","party_best","qes2014","Q8","core","source_map attribute of get_qes_master(), qesR 0.4.4 (tag v0.4.4)"
"master","party_lean","qes2014","Q5","core","source_map attribute of get_qes_master(), qesR 0.4.4 (tag v0.4.4)"
"master","sovereignty_support","qes2014","Q19","core","source_map attribute of get_qes_master(), qesR 0.4.4 (tag v0.4.4)"
"master","sovereignty","qes2014","Q19","core","source_map attribute of get_qes_master(), qesR 0.4.4 (tag v0.4.4)"
"master","federal_pid","qes2014",,"core","source_map attribute of get_qes_master(), qesR 0.4.4 (tag v0.4.4)"
"master","provincial_pid","qes2014",,"core","source_map attribute of get_qes_master(), qesR 0.4.4 (tag v0.4.4)"
"master","survey_weight","qes2014","POND","core","source_map attribute of get_qes_master(), qesR 0.4.4 (tag v0.4.4)"
"master","definibin","qes2014",,"stacked","source_map attribute of get_qes_master(), qesR 0.4.4 (tag v0.4.4)"
"master","ethn1","qes2014",,"stacked","source_map attribute of get_qes_master(), qesR 0.4.4 (tag v0.4.4)"
"master","influperso","qes2014",,"stacked","source_map attribute of get_qes_master(), qesR 0.4.4 (tag v0.4.4)"
"master","luentend","qes2014",,"stacked","source_map attribute of get_qes_master(), qesR 0.4.4 (tag v0.4.4)"
"master","occup","qes2014",,"stacked","source_map attribute of get_qes_master(), qesR 0.4.4 (tag v0.4.4)"
"master","patron","qes2014",,"stacked","source_map attribute of get_qes_master(), qesR 0.4.4 (tag v0.4.4)"
"master","pondam1","qes2014",,"stacked","source_map attribute of get_qes_master(), qesR 0.4.4 (tag v0.4.4)"
"master","issue_family_support","qes2014",,"stacked","source_map attribute of get_qes_master(), qesR 0.4.4 (tag v0.4.4)"
"master","info_source_primary","qes2014",,"stacked","source_map attribute of get_qes_master(), qesR 0.4.4 (tag v0.4.4)"
"master","info_source_secondary","qes2014",,"stacked","source_map attribute of get_qes_master(), qesR 0.4.4 (tag v0.4.4)"
"master","party_best_health","qes2014",,"stacked","source_map attribute of get_qes_master(), qesR 0.4.4 (tag v0.4.4)"
"master","identity_self_1","qes2014",,"stacked","source_map attribute of get_qes_master(), qesR 0.4.4 (tag v0.4.4)"
"master","identity_self_2","qes2014",,"stacked","source_map attribute of get_qes_master(), qesR 0.4.4 (tag v0.4.4)"
"master","referendum_intent","qes2014",,"stacked","source_map attribute of get_qes_master(), qesR 0.4.4 (tag v0.4.4)"
"master","party_best_anticorruption","qes2014",,"stacked","source_map attribute of get_qes_master(), qesR 0.4.4 (tag v0.4.4)"
"master","elites_out_of_touch","qes2014",,"stacked","source_map attribute of get_qes_master(), qesR 0.4.4 (tag v0.4.4)"
"master","trust_government","qes2014",,"stacked","source_map attribute of get_qes_master(), qesR 0.4.4 (tag v0.4.4)"
"master","gov_tax_waste","qes2014",,"stacked","source_map attribute of get_qes_master(), qesR 0.4.4 (tag v0.4.4)"
"master","issue_education","qes2014",,"stacked","source_map attribute of get_qes_master(), qesR 0.4.4 (tag v0.4.4)"
"master","feeling_qs_0_100","qes2014",,"stacked","source_map attribute of get_qes_master(), qesR 0.4.4 (tag v0.4.4)"
"master","election_timing_eval","qes2014",,"stacked","source_map attribute of get_qes_master(), qesR 0.4.4 (tag v0.4.4)"
"master","pr_reform_support","qes2014",,"stacked","source_map attribute of get_qes_master(), qesR 0.4.4 (tag v0.4.4)"
"master","democracy_needs_parties","qes2014",,"stacked","source_map attribute of get_qes_master(), qesR 0.4.4 (tag v0.4.4)"
"master","parties_all_same","qes2014",,"stacked","source_map attribute of get_qes_master(), qesR 0.4.4 (tag v0.4.4)"
"master","feeling_charest_0_100","qes2014",,"stacked","source_map attribute of get_qes_master(), qesR 0.4.4 (tag v0.4.4)"
"master","qc_difference_view","qes2014",,"stacked","source_map attribute of get_qes_master(), qesR 0.4.4 (tag v0.4.4)"
"master","feeling_boisclair_0_100","qes2014",,"stacked","source_map attribute of get_qes_master(), qesR 0.4.4 (tag v0.4.4)"
"master","feeling_dumont_0_100","qes2014",,"stacked","source_map attribute of get_qes_master(), qesR 0.4.4 (tag v0.4.4)"
"master","feeling_david_0_100","qes2014",,"stacked","source_map attribute of get_qes_master(), qesR 0.4.4 (tag v0.4.4)"
"master","feeling_mckay_0_100","qes2014",,"stacked","source_map attribute of get_qes_master(), qesR 0.4.4 (tag v0.4.4)"
"master","leader_most_competent","qes2014",,"stacked","source_map attribute of get_qes_master(), qesR 0.4.4 (tag v0.4.4)"
"master","fed_gov_too_interventionist","qes2014",,"stacked","source_map attribute of get_qes_master(), qesR 0.4.4 (tag v0.4.4)"
"master","leader_closest_people","qes2014",,"stacked","source_map attribute of get_qes_master(), qesR 0.4.4 (tag v0.4.4)"
"master","qc_economy_change","qes2014",,"stacked","source_map attribute of get_qes_master(), qesR 0.4.4 (tag v0.4.4)"
"master","federalist_sovereignist_self","qes2014",,"stacked","source_map attribute of get_qes_master(), qesR 0.4.4 (tag v0.4.4)"
"master","future_outlook","qes2014",,"stacked","source_map attribute of get_qes_master(), qesR 0.4.4 (tag v0.4.4)"
"master","privatize_hydro_support","qes2014",,"stacked","source_map attribute of get_qes_master(), qesR 0.4.4 (tag v0.4.4)"
"master","private_healthcare_support","qes2014",,"stacked","source_map attribute of get_qes_master(), qesR 0.4.4 (tag v0.4.4)"
"master","gov_role_environment","qes2014",,"stacked","source_map attribute of get_qes_master(), qesR 0.4.4 (tag v0.4.4)"
"master","profits_help_poor","qes2014",,"stacked","source_map attribute of get_qes_master(), qesR 0.4.4 (tag v0.4.4)"
"master","party_best_health_alt","qes2014",,"stacked","source_map attribute of get_qes_master(), qesR 0.4.4 (tag v0.4.4)"
"master","powers_for_quebec","qes2014",,"stacked","source_map attribute of get_qes_master(), qesR 0.4.4 (tag v0.4.4)"
"master","party_best_environment","qes2014",,"stacked","source_map attribute of get_qes_master(), qesR 0.4.4 (tag v0.4.4)"
"master","party_best_poverty","qes2014",,"stacked","source_map attribute of get_qes_master(), qesR 0.4.4 (tag v0.4.4)"
"master","qc_voice_federal","qes2014",,"stacked","source_map attribute of get_qes_master(), qesR 0.4.4 (tag v0.4.4)"
"master","party_best_qc_identity","qes2014",,"stacked","source_map attribute of get_qes_master(), qesR 0.4.4 (tag v0.4.4)"
"master","party_best_caisse_depot","qes2014",,"stacked","source_map attribute of get_qes_master(), qesR 0.4.4 (tag v0.4.4)"
"master","decision_level_a","qes2014",,"stacked","source_map attribute of get_qes_master(), qesR 0.4.4 (tag v0.4.4)"
"master","decision_level_b","qes2014",,"stacked","source_map attribute of get_qes_master(), qesR 0.4.4 (tag v0.4.4)"
"master","feeling_unions_0_100","qes2014",,"stacked","source_map attribute of get_qes_master(), qesR 0.4.4 (tag v0.4.4)"
"master","feeling_business_0_100","qes2014",,"stacked","source_map attribute of get_qes_master(), qesR 0.4.4 (tag v0.4.4)"
"master","same_sex_marriage","qes2014",,"stacked","source_map attribute of get_qes_master(), qesR 0.4.4 (tag v0.4.4)"
"master","family_values_priority","qes2014",,"stacked","source_map attribute of get_qes_master(), qesR 0.4.4 (tag v0.4.4)"
"master","issue_tax_cuts","qes2014",,"stacked","source_map attribute of get_qes_master(), qesR 0.4.4 (tag v0.4.4)"
"master","provincial_pid_item","qes2014",,"stacked","source_map attribute of get_qes_master(), qesR 0.4.4 (tag v0.4.4)"
"master","provincial_party_lean","qes2014",,"stacked","source_map attribute of get_qes_master(), qesR 0.4.4 (tag v0.4.4)"
"master","party_named","qes2014",,"stacked","source_map attribute of get_qes_master(), qesR 0.4.4 (tag v0.4.4)"
"master","vote_federal_2006","qes2014",,"stacked","source_map attribute of get_qes_master(), qesR 0.4.4 (tag v0.4.4)"
"master","employment_status","qes2014",,"stacked","source_map attribute of get_qes_master(), qesR 0.4.4 (tag v0.4.4)"
"master","issue_qc_status","qes2014",,"stacked","source_map attribute of get_qes_master(), qesR 0.4.4 (tag v0.4.4)"
"master","home_language","qes2014",,"stacked","source_map attribute of get_qes_master(), qesR 0.4.4 (tag v0.4.4)"
"master","gov_role_jobs_income","qes2014",,"stacked","source_map attribute of get_qes_master(), qesR 0.4.4 (tag v0.4.4)"
"master","issue_poverty","qes2014",,"stacked","source_map attribute of get_qes_master(), qesR 0.4.4 (tag v0.4.4)"
"master","vote_reason_1","qes2014",,"stacked","source_map attribute of get_qes_master(), qesR 0.4.4 (tag v0.4.4)"
"master","vote_reason_2","qes2014",,"stacked","source_map attribute of get_qes_master(), qesR 0.4.4 (tag v0.4.4)"
"master","interview_weekday","qes2014",,"stacked","source_map attribute of get_qes_master(), qesR 0.4.4 (tag v0.4.4)"
"master","gov_satisfaction","qes2014",,"stacked","source_map attribute of get_qes_master(), qesR 0.4.4 (tag v0.4.4)"
"master","polling_trust","qes2014",,"stacked","source_map attribute of get_qes_master(), qesR 0.4.4 (tag v0.4.4)"
"master","polls_eval","qes2014",,"stacked","source_map attribute of get_qes_master(), qesR 0.4.4 (tag v0.4.4)"
"master","previous_vote_2003","qes2014",,"stacked","source_map attribute of get_qes_master(), qesR 0.4.4 (tag v0.4.4)"
"master","respondent_id","qes2012","quest","core","source_map attribute of get_qes_master(), qesR 0.4.4 (tag v0.4.4)"
"master","interview_start","qes2012",,"core","source_map attribute of get_qes_master(), qesR 0.4.4 (tag v0.4.4)"
"master","interview_end","qes2012",,"core","source_map attribute of get_qes_master(), qesR 0.4.4 (tag v0.4.4)"
"master","interview_recorded","qes2012",,"core","source_map attribute of get_qes_master(), qesR 0.4.4 (tag v0.4.4)"
"master","language","qes2012","langu","core","source_map attribute of get_qes_master(), qesR 0.4.4 (tag v0.4.4)"
"master","citizenship","qes2012",,"core","source_map attribute of get_qes_master(), qesR 0.4.4 (tag v0.4.4)"
"master","year_of_birth","qes2012","agex","core","source_map attribute of get_qes_master(), qesR 0.4.4 (tag v0.4.4)"
"master","age","qes2012","age","core","source_map attribute of get_qes_master(), qesR 0.4.4 (tag v0.4.4)"
"master","age_group","qes2012","age","core","source_map attribute of get_qes_master(), qesR 0.4.4 (tag v0.4.4)"
"master","gender","qes2012","sexe","core","source_map attribute of get_qes_master(), qesR 0.4.4 (tag v0.4.4)"
"master","province_territory","qes2012","q0qc","core","source_map attribute of get_qes_master(), qesR 0.4.4 (tag v0.4.4)"
"master","education","qes2012","scol","core","source_map attribute of get_qes_master(), qesR 0.4.4 (tag v0.4.4)"
"master","income","qes2012",,"core","source_map attribute of get_qes_master(), qesR 0.4.4 (tag v0.4.4)"
"master","religion","qes2012","q103","core","source_map attribute of get_qes_master(), qesR 0.4.4 (tag v0.4.4)"
"master","born_canada","qes2012","q105","core","source_map attribute of get_qes_master(), qesR 0.4.4 (tag v0.4.4)"
"master","political_interest","qes2012","q67","core","source_map attribute of get_qes_master(), qesR 0.4.4 (tag v0.4.4)"
"master","ideology","qes2012","q71","core","source_map attribute of get_qes_master(), qesR 0.4.4 (tag v0.4.4)"
"master","turnout","qes2012","q21","core","source_map attribute of get_qes_master(), qesR 0.4.4 (tag v0.4.4)"
"master","vote_choice","qes2012","q25","core","source_map attribute of get_qes_master(), qesR 0.4.4 (tag v0.4.4)"
"master","vote_choice_text","qes2012",,"core","source_map attribute of get_qes_master(), qesR 0.4.4 (tag v0.4.4)"
"master","party_best","qes2012","q8","core","source_map attribute of get_qes_master(), qesR 0.4.4 (tag v0.4.4)"
"master","party_lean","qes2012","q13","core","source_map attribute of get_qes_master(), qesR 0.4.4 (tag v0.4.4)"
"master","sovereignty_support","qes2012","q52","core","source_map attribute of get_qes_master(), qesR 0.4.4 (tag v0.4.4)"
"master","sovereignty","qes2012","q52","core","source_map attribute of get_qes_master(), qesR 0.4.4 (tag v0.4.4)"
"master","federal_pid","qes2012",,"core","source_map attribute of get_qes_master(), qesR 0.4.4 (tag v0.4.4)"
"master","provincial_pid","qes2012",,"core","source_map attribute of get_qes_master(), qesR 0.4.4 (tag v0.4.4)"
"master","survey_weight","qes2012","pond","core","source_map attribute of get_qes_master(), qesR 0.4.4 (tag v0.4.4)"
"master","definibin","qes2012",,"stacked","source_map attribute of get_qes_master(), qesR 0.4.4 (tag v0.4.4)"
"master","ethn1","qes2012",,"stacked","source_map attribute of get_qes_master(), qesR 0.4.4 (tag v0.4.4)"
"master","influperso","qes2012",,"stacked","source_map attribute of get_qes_master(), qesR 0.4.4 (tag v0.4.4)"
"master","luentend","qes2012",,"stacked","source_map attribute of get_qes_master(), qesR 0.4.4 (tag v0.4.4)"
"master","occup","qes2012","occup","stacked","source_map attribute of get_qes_master(), qesR 0.4.4 (tag v0.4.4)"
"master","patron","qes2012",,"stacked","source_map attribute of get_qes_master(), qesR 0.4.4 (tag v0.4.4)"
"master","pondam1","qes2012",,"stacked","source_map attribute of get_qes_master(), qesR 0.4.4 (tag v0.4.4)"
"master","issue_family_support","qes2012","q10","stacked","source_map attribute of get_qes_master(), qesR 0.4.4 (tag v0.4.4)"
"master","info_source_primary","qes2012","q16","stacked","source_map attribute of get_qes_master(), qesR 0.4.4 (tag v0.4.4)"
"master","info_source_secondary","qes2012","q17","stacked","source_map attribute of get_qes_master(), qesR 0.4.4 (tag v0.4.4)"
"master","party_best_health","qes2012","q18","stacked","source_map attribute of get_qes_master(), qesR 0.4.4 (tag v0.4.4)"
"master","identity_self_1","qes2012",,"stacked","source_map attribute of get_qes_master(), qesR 0.4.4 (tag v0.4.4)"
"master","identity_self_2","qes2012",,"stacked","source_map attribute of get_qes_master(), qesR 0.4.4 (tag v0.4.4)"
"master","referendum_intent","qes2012","q20","stacked","source_map attribute of get_qes_master(), qesR 0.4.4 (tag v0.4.4)"
"master","party_best_anticorruption","qes2012","q20b","stacked","source_map attribute of get_qes_master(), qesR 0.4.4 (tag v0.4.4)"
"master","elites_out_of_touch","qes2012","q22","stacked","source_map attribute of get_qes_master(), qesR 0.4.4 (tag v0.4.4)"
"master","trust_government","qes2012","q23","stacked","source_map attribute of get_qes_master(), qesR 0.4.4 (tag v0.4.4)"
"master","gov_tax_waste","qes2012","q24","stacked","source_map attribute of get_qes_master(), qesR 0.4.4 (tag v0.4.4)"
"master","issue_education","qes2012","q3","stacked","source_map attribute of get_qes_master(), qesR 0.4.4 (tag v0.4.4)"
"master","feeling_qs_0_100","qes2012","q31","stacked","source_map attribute of get_qes_master(), qesR 0.4.4 (tag v0.4.4)"
"master","election_timing_eval","qes2012",,"stacked","source_map attribute of get_qes_master(), qesR 0.4.4 (tag v0.4.4)"
"master","pr_reform_support","qes2012","q35","stacked","source_map attribute of get_qes_master(), qesR 0.4.4 (tag v0.4.4)"
"master","democracy_needs_parties","qes2012","q37","stacked","source_map attribute of get_qes_master(), qesR 0.4.4 (tag v0.4.4)"
"master","parties_all_same","qes2012","q38","stacked","source_map attribute of get_qes_master(), qesR 0.4.4 (tag v0.4.4)"
"master","feeling_charest_0_100","qes2012",,"stacked","source_map attribute of get_qes_master(), qesR 0.4.4 (tag v0.4.4)"
"master","qc_difference_view","qes2012","q4","stacked","source_map attribute of get_qes_master(), qesR 0.4.4 (tag v0.4.4)"
"master","feeling_boisclair_0_100","qes2012",,"stacked","source_map attribute of get_qes_master(), qesR 0.4.4 (tag v0.4.4)"
"master","feeling_dumont_0_100","qes2012","q41","stacked","source_map attribute of get_qes_master(), qesR 0.4.4 (tag v0.4.4)"
"master","feeling_david_0_100","qes2012","q42","stacked","source_map attribute of get_qes_master(), qesR 0.4.4 (tag v0.4.4)"
"master","feeling_mckay_0_100","qes2012","q43","stacked","source_map attribute of get_qes_master(), qesR 0.4.4 (tag v0.4.4)"
"master","leader_most_competent","qes2012","q44","stacked","source_map attribute of get_qes_master(), qesR 0.4.4 (tag v0.4.4)"
"master","fed_gov_too_interventionist","qes2012","q45","stacked","source_map attribute of get_qes_master(), qesR 0.4.4 (tag v0.4.4)"
"master","leader_closest_people","qes2012",,"stacked","source_map attribute of get_qes_master(), qesR 0.4.4 (tag v0.4.4)"
"master","qc_economy_change","qes2012","q47","stacked","source_map attribute of get_qes_master(), qesR 0.4.4 (tag v0.4.4)"
"master","federalist_sovereignist_self","qes2012","q48","stacked","source_map attribute of get_qes_master(), qesR 0.4.4 (tag v0.4.4)"
"master","future_outlook","qes2012",,"stacked","source_map attribute of get_qes_master(), qesR 0.4.4 (tag v0.4.4)"
"master","privatize_hydro_support","qes2012","q50","stacked","source_map attribute of get_qes_master(), qesR 0.4.4 (tag v0.4.4)"
"master","private_healthcare_support","qes2012","q51","stacked","source_map attribute of get_qes_master(), qesR 0.4.4 (tag v0.4.4)"
"master","gov_role_environment","qes2012","q53","stacked","source_map attribute of get_qes_master(), qesR 0.4.4 (tag v0.4.4)"
"master","profits_help_poor","qes2012","q54","stacked","source_map attribute of get_qes_master(), qesR 0.4.4 (tag v0.4.4)"
"master","party_best_health_alt","qes2012","q55","stacked","source_map attribute of get_qes_master(), qesR 0.4.4 (tag v0.4.4)"
"master","powers_for_quebec","qes2012","q56","stacked","source_map attribute of get_qes_master(), qesR 0.4.4 (tag v0.4.4)"
"master","party_best_environment","qes2012","q58","stacked","source_map attribute of get_qes_master(), qesR 0.4.4 (tag v0.4.4)"
"master","party_best_poverty","qes2012","q59","stacked","source_map attribute of get_qes_master(), qesR 0.4.4 (tag v0.4.4)"
"master","qc_voice_federal","qes2012","q60","stacked","source_map attribute of get_qes_master(), qesR 0.4.4 (tag v0.4.4)"
"master","party_best_qc_identity","qes2012",,"stacked","source_map attribute of get_qes_master(), qesR 0.4.4 (tag v0.4.4)"
"master","party_best_caisse_depot","qes2012",,"stacked","source_map attribute of get_qes_master(), qesR 0.4.4 (tag v0.4.4)"
"master","decision_level_a","qes2012","q62a","stacked","source_map attribute of get_qes_master(), qesR 0.4.4 (tag v0.4.4)"
"master","decision_level_b","qes2012","q62b","stacked","source_map attribute of get_qes_master(), qesR 0.4.4 (tag v0.4.4)"
"master","feeling_unions_0_100","qes2012","q64","stacked","source_map attribute of get_qes_master(), qesR 0.4.4 (tag v0.4.4)"
"master","feeling_business_0_100","qes2012","q65","stacked","source_map attribute of get_qes_master(), qesR 0.4.4 (tag v0.4.4)"
"master","same_sex_marriage","qes2012","q66","stacked","source_map attribute of get_qes_master(), qesR 0.4.4 (tag v0.4.4)"
"master","family_values_priority","qes2012","q68","stacked","source_map attribute of get_qes_master(), qesR 0.4.4 (tag v0.4.4)"
"master","issue_tax_cuts","qes2012","q7","stacked","source_map attribute of get_qes_master(), qesR 0.4.4 (tag v0.4.4)"
"master","provincial_pid_item","qes2012",,"stacked","source_map attribute of get_qes_master(), qesR 0.4.4 (tag v0.4.4)"
"master","provincial_party_lean","qes2012","q72","stacked","source_map attribute of get_qes_master(), qesR 0.4.4 (tag v0.4.4)"
"master","party_named","qes2012",,"stacked","source_map attribute of get_qes_master(), qesR 0.4.4 (tag v0.4.4)"
"master","vote_federal_2006","qes2012","q74","stacked","source_map attribute of get_qes_master(), qesR 0.4.4 (tag v0.4.4)"
"master","employment_status","qes2012","q79","stacked","source_map attribute of get_qes_master(), qesR 0.4.4 (tag v0.4.4)"
"master","issue_qc_status","qes2012","q8","stacked","source_map attribute of get_qes_master(), qesR 0.4.4 (tag v0.4.4)"
"master","home_language","qes2012","q80","stacked","source_map attribute of get_qes_master(), qesR 0.4.4 (tag v0.4.4)"
"master","gov_role_jobs_income","qes2012","q81","stacked","source_map attribute of get_qes_master(), qesR 0.4.4 (tag v0.4.4)"
"master","issue_poverty","qes2012","q9","stacked","source_map attribute of get_qes_master(), qesR 0.4.4 (tag v0.4.4)"
"master","vote_reason_1","qes2012",,"stacked","source_map attribute of get_qes_master(), qesR 0.4.4 (tag v0.4.4)"
"master","vote_reason_2","qes2012",,"stacked","source_map attribute of get_qes_master(), qesR 0.4.4 (tag v0.4.4)"
"master","interview_weekday","qes2012",,"stacked","source_map attribute of get_qes_master(), qesR 0.4.4 (tag v0.4.4)"
"master","gov_satisfaction","qes2012",,"stacked","source_map attribute of get_qes_master(), qesR 0.4.4 (tag v0.4.4)"
"master","polling_trust","qes2012",,"stacked","source_map attribute of get_qes_master(), qesR 0.4.4 (tag v0.4.4)"
"master","polls_eval","qes2012",,"stacked","source_map attribute of get_qes_master(), qesR 0.4.4 (tag v0.4.4)"
"master","previous_vote_2003","qes2012",,"stacked","source_map attribute of get_qes_master(), qesR 0.4.4 (tag v0.4.4)"
"master","respondent_id","qes2012_panel","quest","core","source_map attribute of get_qes_master(), qesR 0.4.4 (tag v0.4.4)"
"master","interview_start","qes2012_panel",,"core","source_map attribute of get_qes_master(), qesR 0.4.4 (tag v0.4.4)"
"master","interview_end","qes2012_panel",,"core","source_map attribute of get_qes_master(), qesR 0.4.4 (tag v0.4.4)"
"master","interview_recorded","qes2012_panel",,"core","source_map attribute of get_qes_master(), qesR 0.4.4 (tag v0.4.4)"
"master","language","qes2012_panel","lmat","core","source_map attribute of get_qes_master(), qesR 0.4.4 (tag v0.4.4)"
"master","citizenship","qes2012_panel",,"core","source_map attribute of get_qes_master(), qesR 0.4.4 (tag v0.4.4)"
"master","year_of_birth","qes2012_panel",,"core","source_map attribute of get_qes_master(), qesR 0.4.4 (tag v0.4.4)"
"master","age","qes2012_panel","age","core","source_map attribute of get_qes_master(), qesR 0.4.4 (tag v0.4.4)"
"master","age_group","qes2012_panel","age_3gr","core","source_map attribute of get_qes_master(), qesR 0.4.4 (tag v0.4.4)"
"master","gender","qes2012_panel","sexe","core","source_map attribute of get_qes_master(), qesR 0.4.4 (tag v0.4.4)"
"master","province_territory","qes2012_panel","reg","core","source_map attribute of get_qes_master(), qesR 0.4.4 (tag v0.4.4)"
"master","education","qes2012_panel",,"core","source_map attribute of get_qes_master(), qesR 0.4.4 (tag v0.4.4)"
"master","income","qes2012_panel",,"core","source_map attribute of get_qes_master(), qesR 0.4.4 (tag v0.4.4)"
"master","religion","qes2012_panel",,"core","source_map attribute of get_qes_master(), qesR 0.4.4 (tag v0.4.4)"
"master","born_canada","qes2012_panel",,"core","source_map attribute of get_qes_master(), qesR 0.4.4 (tag v0.4.4)"
"master","political_interest","qes2012_panel","interetrec","core","source_map attribute of get_qes_master(), qesR 0.4.4 (tag v0.4.4)"
"master","ideology","qes2012_panel",,"core","source_map attribute of get_qes_master(), qesR 0.4.4 (tag v0.4.4)"
"master","turnout","qes2012_panel","participation","core","source_map attribute of get_qes_master(), qesR 0.4.4 (tag v0.4.4)"
"master","vote_choice","qes2012_panel","voteprov","core","source_map attribute of get_qes_master(), qesR 0.4.4 (tag v0.4.4)"
"master","vote_choice_text","qes2012_panel",,"core","source_map attribute of get_qes_master(), qesR 0.4.4 (tag v0.4.4)"
"master","party_best","qes2012_panel",,"core","source_map attribute of get_qes_master(), qesR 0.4.4 (tag v0.4.4)"
"master","party_lean","qes2012_panel","intvoteprov","core","source_map attribute of get_qes_master(), qesR 0.4.4 (tag v0.4.4)"
"master","sovereignty_support","qes2012_panel","souv_rec","core","source_map attribute of get_qes_master(), qesR 0.4.4 (tag v0.4.4)"
"master","sovereignty","qes2012_panel","souv_rec","core","source_map attribute of get_qes_master(), qesR 0.4.4 (tag v0.4.4)"
"master","federal_pid","qes2012_panel",,"core","source_map attribute of get_qes_master(), qesR 0.4.4 (tag v0.4.4)"
"master","provincial_pid","qes2012_panel",,"core","source_map attribute of get_qes_master(), qesR 0.4.4 (tag v0.4.4)"
"master","survey_weight","qes2012_panel","pond","core","source_map attribute of get_qes_master(), qesR 0.4.4 (tag v0.4.4)"
"master","definibin","qes2012_panel","definibin","stacked","source_map attribute of get_qes_master(), qesR 0.4.4 (tag v0.4.4)"
"master","ethn1","qes2012_panel",,"stacked","source_map attribute of get_qes_master(), qesR 0.4.4 (tag v0.4.4)"
"master","influperso","qes2012_panel","influperso","stacked","source_map attribute of get_qes_master(), qesR 0.4.4 (tag v0.4.4)"
"master","luentend","qes2012_panel","luentend","stacked","source_map attribute of get_qes_master(), qesR 0.4.4 (tag v0.4.4)"
"master","occup","qes2012_panel",,"stacked","source_map attribute of get_qes_master(), qesR 0.4.4 (tag v0.4.4)"
"master","patron","qes2012_panel","patron","stacked","source_map attribute of get_qes_master(), qesR 0.4.4 (tag v0.4.4)"
"master","pondam1","qes2012_panel","pondam1","stacked","source_map attribute of get_qes_master(), qesR 0.4.4 (tag v0.4.4)"
"master","issue_family_support","qes2012_panel",,"stacked","source_map attribute of get_qes_master(), qesR 0.4.4 (tag v0.4.4)"
"master","info_source_primary","qes2012_panel",,"stacked","source_map attribute of get_qes_master(), qesR 0.4.4 (tag v0.4.4)"
"master","info_source_secondary","qes2012_panel",,"stacked","source_map attribute of get_qes_master(), qesR 0.4.4 (tag v0.4.4)"
"master","party_best_health","qes2012_panel",,"stacked","source_map attribute of get_qes_master(), qesR 0.4.4 (tag v0.4.4)"
"master","identity_self_1","qes2012_panel",,"stacked","source_map attribute of get_qes_master(), qesR 0.4.4 (tag v0.4.4)"
"master","identity_self_2","qes2012_panel",,"stacked","source_map attribute of get_qes_master(), qesR 0.4.4 (tag v0.4.4)"
"master","referendum_intent","qes2012_panel",,"stacked","source_map attribute of get_qes_master(), qesR 0.4.4 (tag v0.4.4)"
"master","party_best_anticorruption","qes2012_panel",,"stacked","source_map attribute of get_qes_master(), qesR 0.4.4 (tag v0.4.4)"
"master","elites_out_of_touch","qes2012_panel",,"stacked","source_map attribute of get_qes_master(), qesR 0.4.4 (tag v0.4.4)"
"master","trust_government","qes2012_panel",,"stacked","source_map attribute of get_qes_master(), qesR 0.4.4 (tag v0.4.4)"
"master","gov_tax_waste","qes2012_panel",,"stacked","source_map attribute of get_qes_master(), qesR 0.4.4 (tag v0.4.4)"
"master","issue_education","qes2012_panel",,"stacked","source_map attribute of get_qes_master(), qesR 0.4.4 (tag v0.4.4)"
"master","feeling_qs_0_100","qes2012_panel",,"stacked","source_map attribute of get_qes_master(), qesR 0.4.4 (tag v0.4.4)"
"master","election_timing_eval","qes2012_panel",,"stacked","source_map attribute of get_qes_master(), qesR 0.4.4 (tag v0.4.4)"
"master","pr_reform_support","qes2012_panel",,"stacked","source_map attribute of get_qes_master(), qesR 0.4.4 (tag v0.4.4)"
"master","democracy_needs_parties","qes2012_panel",,"stacked","source_map attribute of get_qes_master(), qesR 0.4.4 (tag v0.4.4)"
"master","parties_all_same","qes2012_panel",,"stacked","source_map attribute of get_qes_master(), qesR 0.4.4 (tag v0.4.4)"
"master","feeling_charest_0_100","qes2012_panel",,"stacked","source_map attribute of get_qes_master(), qesR 0.4.4 (tag v0.4.4)"
"master","qc_difference_view","qes2012_panel",,"stacked","source_map attribute of get_qes_master(), qesR 0.4.4 (tag v0.4.4)"
"master","feeling_boisclair_0_100","qes2012_panel",,"stacked","source_map attribute of get_qes_master(), qesR 0.4.4 (tag v0.4.4)"
"master","feeling_dumont_0_100","qes2012_panel",,"stacked","source_map attribute of get_qes_master(), qesR 0.4.4 (tag v0.4.4)"
"master","feeling_david_0_100","qes2012_panel",,"stacked","source_map attribute of get_qes_master(), qesR 0.4.4 (tag v0.4.4)"
"master","feeling_mckay_0_100","qes2012_panel",,"stacked","source_map attribute of get_qes_master(), qesR 0.4.4 (tag v0.4.4)"
"master","leader_most_competent","qes2012_panel",,"stacked","source_map attribute of get_qes_master(), qesR 0.4.4 (tag v0.4.4)"
"master","fed_gov_too_interventionist","qes2012_panel",,"stacked","source_map attribute of get_qes_master(), qesR 0.4.4 (tag v0.4.4)"
"master","leader_closest_people","qes2012_panel",,"stacked","source_map attribute of get_qes_master(), qesR 0.4.4 (tag v0.4.4)"
"master","qc_economy_change","qes2012_panel",,"stacked","source_map attribute of get_qes_master(), qesR 0.4.4 (tag v0.4.4)"
"master","federalist_sovereignist_self","qes2012_panel",,"stacked","source_map attribute of get_qes_master(), qesR 0.4.4 (tag v0.4.4)"
"master","future_outlook","qes2012_panel",,"stacked","source_map attribute of get_qes_master(), qesR 0.4.4 (tag v0.4.4)"
"master","privatize_hydro_support","qes2012_panel",,"stacked","source_map attribute of get_qes_master(), qesR 0.4.4 (tag v0.4.4)"
"master","private_healthcare_support","qes2012_panel",,"stacked","source_map attribute of get_qes_master(), qesR 0.4.4 (tag v0.4.4)"
"master","gov_role_environment","qes2012_panel",,"stacked","source_map attribute of get_qes_master(), qesR 0.4.4 (tag v0.4.4)"
"master","profits_help_poor","qes2012_panel",,"stacked","source_map attribute of get_qes_master(), qesR 0.4.4 (tag v0.4.4)"
"master","party_best_health_alt","qes2012_panel",,"stacked","source_map attribute of get_qes_master(), qesR 0.4.4 (tag v0.4.4)"
"master","powers_for_quebec","qes2012_panel",,"stacked","source_map attribute of get_qes_master(), qesR 0.4.4 (tag v0.4.4)"
"master","party_best_environment","qes2012_panel",,"stacked","source_map attribute of get_qes_master(), qesR 0.4.4 (tag v0.4.4)"
"master","party_best_poverty","qes2012_panel",,"stacked","source_map attribute of get_qes_master(), qesR 0.4.4 (tag v0.4.4)"
"master","qc_voice_federal","qes2012_panel",,"stacked","source_map attribute of get_qes_master(), qesR 0.4.4 (tag v0.4.4)"
"master","party_best_qc_identity","qes2012_panel",,"stacked","source_map attribute of get_qes_master(), qesR 0.4.4 (tag v0.4.4)"
"master","party_best_caisse_depot","qes2012_panel",,"stacked","source_map attribute of get_qes_master(), qesR 0.4.4 (tag v0.4.4)"
"master","decision_level_a","qes2012_panel",,"stacked","source_map attribute of get_qes_master(), qesR 0.4.4 (tag v0.4.4)"
"master","decision_level_b","qes2012_panel",,"stacked","source_map attribute of get_qes_master(), qesR 0.4.4 (tag v0.4.4)"
"master","feeling_unions_0_100","qes2012_panel",,"stacked","source_map attribute of get_qes_master(), qesR 0.4.4 (tag v0.4.4)"
"master","feeling_business_0_100","qes2012_panel",,"stacked","source_map attribute of get_qes_master(), qesR 0.4.4 (tag v0.4.4)"
"master","same_sex_marriage","qes2012_panel",,"stacked","source_map attribute of get_qes_master(), qesR 0.4.4 (tag v0.4.4)"
"master","family_values_priority","qes2012_panel",,"stacked","source_map attribute of get_qes_master(), qesR 0.4.4 (tag v0.4.4)"
"master","issue_tax_cuts","qes2012_panel",,"stacked","source_map attribute of get_qes_master(), qesR 0.4.4 (tag v0.4.4)"
"master","provincial_pid_item","qes2012_panel",,"stacked","source_map attribute of get_qes_master(), qesR 0.4.4 (tag v0.4.4)"
"master","provincial_party_lean","qes2012_panel",,"stacked","source_map attribute of get_qes_master(), qesR 0.4.4 (tag v0.4.4)"
"master","party_named","qes2012_panel",,"stacked","source_map attribute of get_qes_master(), qesR 0.4.4 (tag v0.4.4)"
"master","vote_federal_2006","qes2012_panel",,"stacked","source_map attribute of get_qes_master(), qesR 0.4.4 (tag v0.4.4)"
"master","employment_status","qes2012_panel",,"stacked","source_map attribute of get_qes_master(), qesR 0.4.4 (tag v0.4.4)"
"master","issue_qc_status","qes2012_panel",,"stacked","source_map attribute of get_qes_master(), qesR 0.4.4 (tag v0.4.4)"
"master","home_language","qes2012_panel",,"stacked","source_map attribute of get_qes_master(), qesR 0.4.4 (tag v0.4.4)"
"master","gov_role_jobs_income","qes2012_panel",,"stacked","source_map attribute of get_qes_master(), qesR 0.4.4 (tag v0.4.4)"
"master","issue_poverty","qes2012_panel",,"stacked","source_map attribute of get_qes_master(), qesR 0.4.4 (tag v0.4.4)"
"master","vote_reason_1","qes2012_panel",,"stacked","source_map attribute of get_qes_master(), qesR 0.4.4 (tag v0.4.4)"
"master","vote_reason_2","qes2012_panel",,"stacked","source_map attribute of get_qes_master(), qesR 0.4.4 (tag v0.4.4)"
"master","interview_weekday","qes2012_panel",,"stacked","source_map attribute of get_qes_master(), qesR 0.4.4 (tag v0.4.4)"
"master","gov_satisfaction","qes2012_panel",,"stacked","source_map attribute of get_qes_master(), qesR 0.4.4 (tag v0.4.4)"
"master","polling_trust","qes2012_panel","sefie","stacked","source_map attribute of get_qes_master(), qesR 0.4.4 (tag v0.4.4)"
"master","polls_eval","qes2012_panel","sondbons","stacked","source_map attribute of get_qes_master(), qesR 0.4.4 (tag v0.4.4)"
"master","previous_vote_2003","qes2012_panel",,"stacked","source_map attribute of get_qes_master(), qesR 0.4.4 (tag v0.4.4)"
"master","respondent_id","qes_crop_2007_2010","QUEST","core","source_map attribute of get_qes_master(), qesR 0.4.4 (tag v0.4.4)"
"master","interview_start","qes_crop_2007_2010",,"core","source_map attribute of get_qes_master(), qesR 0.4.4 (tag v0.4.4)"
"master","interview_end","qes_crop_2007_2010",,"core","source_map attribute of get_qes_master(), qesR 0.4.4 (tag v0.4.4)"
"master","interview_recorded","qes_crop_2007_2010",,"core","source_map attribute of get_qes_master(), qesR 0.4.4 (tag v0.4.4)"
"master","language","qes_crop_2007_2010","lmat","core","source_map attribute of get_qes_master(), qesR 0.4.4 (tag v0.4.4)"
"master","citizenship","qes_crop_2007_2010",,"core","source_map attribute of get_qes_master(), qesR 0.4.4 (tag v0.4.4)"
"master","year_of_birth","qes_crop_2007_2010","QAGE","core","source_map attribute of get_qes_master(), qesR 0.4.4 (tag v0.4.4)"
"master","age","qes_crop_2007_2010",,"core","source_map attribute of get_qes_master(), qesR 0.4.4 (tag v0.4.4)"
"master","age_group","qes_crop_2007_2010","QAGE","core","source_map attribute of get_qes_master(), qesR 0.4.4 (tag v0.4.4)"
"master","gender","qes_crop_2007_2010","SEXE","core","source_map attribute of get_qes_master(), qesR 0.4.4 (tag v0.4.4)"
"master","province_territory","qes_crop_2007_2010","REG","core","source_map attribute of get_qes_master(), qesR 0.4.4 (tag v0.4.4)"
"master","education","qes_crop_2007_2010","scol","core","source_map attribute of get_qes_master(), qesR 0.4.4 (tag v0.4.4)"
"master","income","qes_crop_2007_2010","revenu","core","source_map attribute of get_qes_master(), qesR 0.4.4 (tag v0.4.4)"
"master","religion","qes_crop_2007_2010",,"core","source_map attribute of get_qes_master(), qesR 0.4.4 (tag v0.4.4)"
"master","born_canada","qes_crop_2007_2010",,"core","source_map attribute of get_qes_master(), qesR 0.4.4 (tag v0.4.4)"
"master","political_interest","qes_crop_2007_2010",,"core","source_map attribute of get_qes_master(), qesR 0.4.4 (tag v0.4.4)"
"master","ideology","qes_crop_2007_2010",,"core","source_map attribute of get_qes_master(), qesR 0.4.4 (tag v0.4.4)"
"master","turnout","qes_crop_2007_2010",,"core","source_map attribute of get_qes_master(), qesR 0.4.4 (tag v0.4.4)"
"master","vote_choice","qes_crop_2007_2010","intvoteprov","core","source_map attribute of get_qes_master(), qesR 0.4.4 (tag v0.4.4)"
"master","vote_choice_text","qes_crop_2007_2010",,"core","source_map attribute of get_qes_master(), qesR 0.4.4 (tag v0.4.4)"
"master","party_best","qes_crop_2007_2010",,"core","source_map attribute of get_qes_master(), qesR 0.4.4 (tag v0.4.4)"
"master","party_lean","qes_crop_2007_2010","intvoteprov","core","source_map attribute of get_qes_master(), qesR 0.4.4 (tag v0.4.4)"
"master","sovereignty_support","qes_crop_2007_2010","intvoteref","core","source_map attribute of get_qes_master(), qesR 0.4.4 (tag v0.4.4)"
"master","sovereignty","qes_crop_2007_2010","intvoteref","core","source_map attribute of get_qes_master(), qesR 0.4.4 (tag v0.4.4)"
"master","federal_pid","qes_crop_2007_2010",,"core","source_map attribute of get_qes_master(), qesR 0.4.4 (tag v0.4.4)"
"master","provincial_pid","qes_crop_2007_2010",,"core","source_map attribute of get_qes_master(), qesR 0.4.4 (tag v0.4.4)"
"master","survey_weight","qes_crop_2007_2010","XPOND","core","source_map attribute of get_qes_master(), qesR 0.4.4 (tag v0.4.4)"
"master","definibin","qes_crop_2007_2010",,"stacked","source_map attribute of get_qes_master(), qesR 0.4.4 (tag v0.4.4)"
"master","ethn1","qes_crop_2007_2010",,"stacked","source_map attribute of get_qes_master(), qesR 0.4.4 (tag v0.4.4)"
"master","influperso","qes_crop_2007_2010",,"stacked","source_map attribute of get_qes_master(), qesR 0.4.4 (tag v0.4.4)"
"master","luentend","qes_crop_2007_2010",,"stacked","source_map attribute of get_qes_master(), qesR 0.4.4 (tag v0.4.4)"
"master","occup","qes_crop_2007_2010",,"stacked","source_map attribute of get_qes_master(), qesR 0.4.4 (tag v0.4.4)"
"master","patron","qes_crop_2007_2010",,"stacked","source_map attribute of get_qes_master(), qesR 0.4.4 (tag v0.4.4)"
"master","pondam1","qes_crop_2007_2010",,"stacked","source_map attribute of get_qes_master(), qesR 0.4.4 (tag v0.4.4)"
"master","issue_family_support","qes_crop_2007_2010",,"stacked","source_map attribute of get_qes_master(), qesR 0.4.4 (tag v0.4.4)"
"master","info_source_primary","qes_crop_2007_2010",,"stacked","source_map attribute of get_qes_master(), qesR 0.4.4 (tag v0.4.4)"
"master","info_source_secondary","qes_crop_2007_2010",,"stacked","source_map attribute of get_qes_master(), qesR 0.4.4 (tag v0.4.4)"
"master","party_best_health","qes_crop_2007_2010",,"stacked","source_map attribute of get_qes_master(), qesR 0.4.4 (tag v0.4.4)"
"master","identity_self_1","qes_crop_2007_2010",,"stacked","source_map attribute of get_qes_master(), qesR 0.4.4 (tag v0.4.4)"
"master","identity_self_2","qes_crop_2007_2010",,"stacked","source_map attribute of get_qes_master(), qesR 0.4.4 (tag v0.4.4)"
"master","referendum_intent","qes_crop_2007_2010",,"stacked","source_map attribute of get_qes_master(), qesR 0.4.4 (tag v0.4.4)"
"master","party_best_anticorruption","qes_crop_2007_2010",,"stacked","source_map attribute of get_qes_master(), qesR 0.4.4 (tag v0.4.4)"
"master","elites_out_of_touch","qes_crop_2007_2010",,"stacked","source_map attribute of get_qes_master(), qesR 0.4.4 (tag v0.4.4)"
"master","trust_government","qes_crop_2007_2010",,"stacked","source_map attribute of get_qes_master(), qesR 0.4.4 (tag v0.4.4)"
"master","gov_tax_waste","qes_crop_2007_2010",,"stacked","source_map attribute of get_qes_master(), qesR 0.4.4 (tag v0.4.4)"
"master","issue_education","qes_crop_2007_2010",,"stacked","source_map attribute of get_qes_master(), qesR 0.4.4 (tag v0.4.4)"
"master","feeling_qs_0_100","qes_crop_2007_2010",,"stacked","source_map attribute of get_qes_master(), qesR 0.4.4 (tag v0.4.4)"
"master","election_timing_eval","qes_crop_2007_2010",,"stacked","source_map attribute of get_qes_master(), qesR 0.4.4 (tag v0.4.4)"
"master","pr_reform_support","qes_crop_2007_2010",,"stacked","source_map attribute of get_qes_master(), qesR 0.4.4 (tag v0.4.4)"
"master","democracy_needs_parties","qes_crop_2007_2010",,"stacked","source_map attribute of get_qes_master(), qesR 0.4.4 (tag v0.4.4)"
"master","parties_all_same","qes_crop_2007_2010",,"stacked","source_map attribute of get_qes_master(), qesR 0.4.4 (tag v0.4.4)"
"master","feeling_charest_0_100","qes_crop_2007_2010",,"stacked","source_map attribute of get_qes_master(), qesR 0.4.4 (tag v0.4.4)"
"master","qc_difference_view","qes_crop_2007_2010",,"stacked","source_map attribute of get_qes_master(), qesR 0.4.4 (tag v0.4.4)"
"master","feeling_boisclair_0_100","qes_crop_2007_2010",,"stacked","source_map attribute of get_qes_master(), qesR 0.4.4 (tag v0.4.4)"
"master","feeling_dumont_0_100","qes_crop_2007_2010",,"stacked","source_map attribute of get_qes_master(), qesR 0.4.4 (tag v0.4.4)"
"master","feeling_david_0_100","qes_crop_2007_2010",,"stacked","source_map attribute of get_qes_master(), qesR 0.4.4 (tag v0.4.4)"
"master","feeling_mckay_0_100","qes_crop_2007_2010",,"stacked","source_map attribute of get_qes_master(), qesR 0.4.4 (tag v0.4.4)"
"master","leader_most_competent","qes_crop_2007_2010",,"stacked","source_map attribute of get_qes_master(), qesR 0.4.4 (tag v0.4.4)"
"master","fed_gov_too_interventionist","qes_crop_2007_2010",,"stacked","source_map attribute of get_qes_master(), qesR 0.4.4 (tag v0.4.4)"
"master","leader_closest_people","qes_crop_2007_2010",,"stacked","source_map attribute of get_qes_master(), qesR 0.4.4 (tag v0.4.4)"
"master","qc_economy_change","qes_crop_2007_2010",,"stacked","source_map attribute of get_qes_master(), qesR 0.4.4 (tag v0.4.4)"
"master","federalist_sovereignist_self","qes_crop_2007_2010",,"stacked","source_map attribute of get_qes_master(), qesR 0.4.4 (tag v0.4.4)"
"master","future_outlook","qes_crop_2007_2010",,"stacked","source_map attribute of get_qes_master(), qesR 0.4.4 (tag v0.4.4)"
"master","privatize_hydro_support","qes_crop_2007_2010",,"stacked","source_map attribute of get_qes_master(), qesR 0.4.4 (tag v0.4.4)"
"master","private_healthcare_support","qes_crop_2007_2010",,"stacked","source_map attribute of get_qes_master(), qesR 0.4.4 (tag v0.4.4)"
"master","gov_role_environment","qes_crop_2007_2010",,"stacked","source_map attribute of get_qes_master(), qesR 0.4.4 (tag v0.4.4)"
"master","profits_help_poor","qes_crop_2007_2010",,"stacked","source_map attribute of get_qes_master(), qesR 0.4.4 (tag v0.4.4)"
"master","party_best_health_alt","qes_crop_2007_2010",,"stacked","source_map attribute of get_qes_master(), qesR 0.4.4 (tag v0.4.4)"
"master","powers_for_quebec","qes_crop_2007_2010",,"stacked","source_map attribute of get_qes_master(), qesR 0.4.4 (tag v0.4.4)"
"master","party_best_environment","qes_crop_2007_2010",,"stacked","source_map attribute of get_qes_master(), qesR 0.4.4 (tag v0.4.4)"
"master","party_best_poverty","qes_crop_2007_2010",,"stacked","source_map attribute of get_qes_master(), qesR 0.4.4 (tag v0.4.4)"
"master","qc_voice_federal","qes_crop_2007_2010",,"stacked","source_map attribute of get_qes_master(), qesR 0.4.4 (tag v0.4.4)"
"master","party_best_qc_identity","qes_crop_2007_2010",,"stacked","source_map attribute of get_qes_master(), qesR 0.4.4 (tag v0.4.4)"
"master","party_best_caisse_depot","qes_crop_2007_2010",,"stacked","source_map attribute of get_qes_master(), qesR 0.4.4 (tag v0.4.4)"
"master","decision_level_a","qes_crop_2007_2010",,"stacked","source_map attribute of get_qes_master(), qesR 0.4.4 (tag v0.4.4)"
"master","decision_level_b","qes_crop_2007_2010",,"stacked","source_map attribute of get_qes_master(), qesR 0.4.4 (tag v0.4.4)"
"master","feeling_unions_0_100","qes_crop_2007_2010",,"stacked","source_map attribute of get_qes_master(), qesR 0.4.4 (tag v0.4.4)"
"master","feeling_business_0_100","qes_crop_2007_2010",,"stacked","source_map attribute of get_qes_master(), qesR 0.4.4 (tag v0.4.4)"
"master","same_sex_marriage","qes_crop_2007_2010",,"stacked","source_map attribute of get_qes_master(), qesR 0.4.4 (tag v0.4.4)"
"master","family_values_priority","qes_crop_2007_2010",,"stacked","source_map attribute of get_qes_master(), qesR 0.4.4 (tag v0.4.4)"
"master","issue_tax_cuts","qes_crop_2007_2010",,"stacked","source_map attribute of get_qes_master(), qesR 0.4.4 (tag v0.4.4)"
"master","provincial_pid_item","qes_crop_2007_2010",,"stacked","source_map attribute of get_qes_master(), qesR 0.4.4 (tag v0.4.4)"
"master","provincial_party_lean","qes_crop_2007_2010",,"stacked","source_map attribute of get_qes_master(), qesR 0.4.4 (tag v0.4.4)"
"master","party_named","qes_crop_2007_2010",,"stacked","source_map attribute of get_qes_master(), qesR 0.4.4 (tag v0.4.4)"
"master","vote_federal_2006","qes_crop_2007_2010",,"stacked","source_map attribute of get_qes_master(), qesR 0.4.4 (tag v0.4.4)"
"master","employment_status","qes_crop_2007_2010",,"stacked","source_map attribute of get_qes_master(), qesR 0.4.4 (tag v0.4.4)"
"master","issue_qc_status","qes_crop_2007_2010",,"stacked","source_map attribute of get_qes_master(), qesR 0.4.4 (tag v0.4.4)"
"master","home_language","qes_crop_2007_2010",,"stacked","source_map attribute of get_qes_master(), qesR 0.4.4 (tag v0.4.4)"
"master","gov_role_jobs_income","qes_crop_2007_2010",,"stacked","source_map attribute of get_qes_master(), qesR 0.4.4 (tag v0.4.4)"
"master","issue_poverty","qes_crop_2007_2010",,"stacked","source_map attribute of get_qes_master(), qesR 0.4.4 (tag v0.4.4)"
"master","vote_reason_1","qes_crop_2007_2010",,"stacked","source_map attribute of get_qes_master(), qesR 0.4.4 (tag v0.4.4)"
"master","vote_reason_2","qes_crop_2007_2010",,"stacked","source_map attribute of get_qes_master(), qesR 0.4.4 (tag v0.4.4)"
"master","interview_weekday","qes_crop_2007_2010",,"stacked","source_map attribute of get_qes_master(), qesR 0.4.4 (tag v0.4.4)"
"master","gov_satisfaction","qes_crop_2007_2010",,"stacked","source_map attribute of get_qes_master(), qesR 0.4.4 (tag v0.4.4)"
"master","polling_trust","qes_crop_2007_2010",,"stacked","source_map attribute of get_qes_master(), qesR 0.4.4 (tag v0.4.4)"
"master","polls_eval","qes_crop_2007_2010",,"stacked","source_map attribute of get_qes_master(), qesR 0.4.4 (tag v0.4.4)"
"master","previous_vote_2003","qes_crop_2007_2010","voteprec","stacked","source_map attribute of get_qes_master(), qesR 0.4.4 (tag v0.4.4)"
"master","respondent_id","qes2008","seq","core","source_map attribute of get_qes_master(), qesR 0.4.4 (tag v0.4.4)"
"master","interview_start","qes2008",,"core","source_map attribute of get_qes_master(), qesR 0.4.4 (tag v0.4.4)"
"master","interview_end","qes2008",,"core","source_map attribute of get_qes_master(), qesR 0.4.4 (tag v0.4.4)"
"master","interview_recorded","qes2008",,"core","source_map attribute of get_qes_master(), qesR 0.4.4 (tag v0.4.4)"
"master","language","qes2008","langu","core","source_map attribute of get_qes_master(), qesR 0.4.4 (tag v0.4.4)"
"master","citizenship","qes2008",,"core","source_map attribute of get_qes_master(), qesR 0.4.4 (tag v0.4.4)"
"master","year_of_birth","qes2008","q75","core","source_map attribute of get_qes_master(), qesR 0.4.4 (tag v0.4.4)"
"master","age","qes2008","q0age","core","source_map attribute of get_qes_master(), qesR 0.4.4 (tag v0.4.4)"
"master","age_group","qes2008",,"core","source_map attribute of get_qes_master(), qesR 0.4.4 (tag v0.4.4)"
"master","gender","qes2008","q76","core","source_map attribute of get_qes_master(), qesR 0.4.4 (tag v0.4.4)"
"master","province_territory","qes2008","regio","core","source_map attribute of get_qes_master(), qesR 0.4.4 (tag v0.4.4)"
"master","education","qes2008","q77","core","source_map attribute of get_qes_master(), qesR 0.4.4 (tag v0.4.4)"
"master","income","qes2008","q78","core","source_map attribute of get_qes_master(), qesR 0.4.4 (tag v0.4.4)"
"master","religion","qes2008",,"core","source_map attribute of get_qes_master(), qesR 0.4.4 (tag v0.4.4)"
"master","born_canada","qes2008",,"core","source_map attribute of get_qes_master(), qesR 0.4.4 (tag v0.4.4)"
"master","political_interest","qes2008","q14","core","source_map attribute of get_qes_master(), qesR 0.4.4 (tag v0.4.4)"
"master","ideology","qes2008",,"core","source_map attribute of get_qes_master(), qesR 0.4.4 (tag v0.4.4)"
"master","turnout","qes2008","q11","core","source_map attribute of get_qes_master(), qesR 0.4.4 (tag v0.4.4)"
"master","vote_choice","qes2008","q12a","core","source_map attribute of get_qes_master(), qesR 0.4.4 (tag v0.4.4)"
"master","vote_choice_text","qes2008",,"core","source_map attribute of get_qes_master(), qesR 0.4.4 (tag v0.4.4)"
"master","party_best","qes2008",,"core","source_map attribute of get_qes_master(), qesR 0.4.4 (tag v0.4.4)"
"master","party_lean","qes2008","q12b","core","source_map attribute of get_qes_master(), qesR 0.4.4 (tag v0.4.4)"
"master","sovereignty_support","qes2008","q19","core","source_map attribute of get_qes_master(), qesR 0.4.4 (tag v0.4.4)"
"master","sovereignty","qes2008","q19","core","source_map attribute of get_qes_master(), qesR 0.4.4 (tag v0.4.4)"
"master","federal_pid","qes2008",,"core","source_map attribute of get_qes_master(), qesR 0.4.4 (tag v0.4.4)"
"master","provincial_pid","qes2008",,"core","source_map attribute of get_qes_master(), qesR 0.4.4 (tag v0.4.4)"
"master","survey_weight","qes2008","pond","core","source_map attribute of get_qes_master(), qesR 0.4.4 (tag v0.4.4)"
"master","definibin","qes2008",,"stacked","source_map attribute of get_qes_master(), qesR 0.4.4 (tag v0.4.4)"
"master","ethn1","qes2008","ethn1","stacked","source_map attribute of get_qes_master(), qesR 0.4.4 (tag v0.4.4)"
"master","influperso","qes2008",,"stacked","source_map attribute of get_qes_master(), qesR 0.4.4 (tag v0.4.4)"
"master","luentend","qes2008",,"stacked","source_map attribute of get_qes_master(), qesR 0.4.4 (tag v0.4.4)"
"master","occup","qes2008",,"stacked","source_map attribute of get_qes_master(), qesR 0.4.4 (tag v0.4.4)"
"master","patron","qes2008",,"stacked","source_map attribute of get_qes_master(), qesR 0.4.4 (tag v0.4.4)"
"master","pondam1","qes2008",,"stacked","source_map attribute of get_qes_master(), qesR 0.4.4 (tag v0.4.4)"
"master","issue_family_support","qes2008",,"stacked","source_map attribute of get_qes_master(), qesR 0.4.4 (tag v0.4.4)"
"master","info_source_primary","qes2008",,"stacked","source_map attribute of get_qes_master(), qesR 0.4.4 (tag v0.4.4)"
"master","info_source_secondary","qes2008",,"stacked","source_map attribute of get_qes_master(), qesR 0.4.4 (tag v0.4.4)"
"master","party_best_health","qes2008",,"stacked","source_map attribute of get_qes_master(), qesR 0.4.4 (tag v0.4.4)"
"master","identity_self_1","qes2008","q18a","stacked","source_map attribute of get_qes_master(), qesR 0.4.4 (tag v0.4.4)"
"master","identity_self_2","qes2008","q18b","stacked","source_map attribute of get_qes_master(), qesR 0.4.4 (tag v0.4.4)"
"master","referendum_intent","qes2008","q20","stacked","source_map attribute of get_qes_master(), qesR 0.4.4 (tag v0.4.4)"
"master","party_best_anticorruption","qes2008",,"stacked","source_map attribute of get_qes_master(), qesR 0.4.4 (tag v0.4.4)"
"master","elites_out_of_touch","qes2008","q22","stacked","source_map attribute of get_qes_master(), qesR 0.4.4 (tag v0.4.4)"
"master","trust_government","qes2008","q23","stacked","source_map attribute of get_qes_master(), qesR 0.4.4 (tag v0.4.4)"
"master","gov_tax_waste","qes2008","q24","stacked","source_map attribute of get_qes_master(), qesR 0.4.4 (tag v0.4.4)"
"master","issue_education","qes2008",,"stacked","source_map attribute of get_qes_master(), qesR 0.4.4 (tag v0.4.4)"
"master","feeling_qs_0_100","qes2008",,"stacked","source_map attribute of get_qes_master(), qesR 0.4.4 (tag v0.4.4)"
"master","election_timing_eval","qes2008","q33","stacked","source_map attribute of get_qes_master(), qesR 0.4.4 (tag v0.4.4)"
"master","pr_reform_support","qes2008",,"stacked","source_map attribute of get_qes_master(), qesR 0.4.4 (tag v0.4.4)"
"master","democracy_needs_parties","qes2008",,"stacked","source_map attribute of get_qes_master(), qesR 0.4.4 (tag v0.4.4)"
"master","parties_all_same","qes2008",,"stacked","source_map attribute of get_qes_master(), qesR 0.4.4 (tag v0.4.4)"
"master","feeling_charest_0_100","qes2008","q39","stacked","source_map attribute of get_qes_master(), qesR 0.4.4 (tag v0.4.4)"
"master","qc_difference_view","qes2008",,"stacked","source_map attribute of get_qes_master(), qesR 0.4.4 (tag v0.4.4)"
"master","feeling_boisclair_0_100","qes2008","q40","stacked","source_map attribute of get_qes_master(), qesR 0.4.4 (tag v0.4.4)"
"master","feeling_dumont_0_100","qes2008","q41","stacked","source_map attribute of get_qes_master(), qesR 0.4.4 (tag v0.4.4)"
"master","feeling_david_0_100","qes2008","q42","stacked","source_map attribute of get_qes_master(), qesR 0.4.4 (tag v0.4.4)"
"master","feeling_mckay_0_100","qes2008","q43","stacked","source_map attribute of get_qes_master(), qesR 0.4.4 (tag v0.4.4)"
"master","leader_most_competent","qes2008","q44","stacked","source_map attribute of get_qes_master(), qesR 0.4.4 (tag v0.4.4)"
"master","fed_gov_too_interventionist","qes2008","q45","stacked","source_map attribute of get_qes_master(), qesR 0.4.4 (tag v0.4.4)"
"master","leader_closest_people","qes2008","q46","stacked","source_map attribute of get_qes_master(), qesR 0.4.4 (tag v0.4.4)"
"master","qc_economy_change","qes2008","q47","stacked","source_map attribute of get_qes_master(), qesR 0.4.4 (tag v0.4.4)"
"master","federalist_sovereignist_self","qes2008","q48","stacked","source_map attribute of get_qes_master(), qesR 0.4.4 (tag v0.4.4)"
"master","future_outlook","qes2008","q49","stacked","source_map attribute of get_qes_master(), qesR 0.4.4 (tag v0.4.4)"
"master","privatize_hydro_support","qes2008","q50","stacked","source_map attribute of get_qes_master(), qesR 0.4.4 (tag v0.4.4)"
"master","private_healthcare_support","qes2008","q51","stacked","source_map attribute of get_qes_master(), qesR 0.4.4 (tag v0.4.4)"
"master","gov_role_environment","qes2008","q53","stacked","source_map attribute of get_qes_master(), qesR 0.4.4 (tag v0.4.4)"
"master","profits_help_poor","qes2008",,"stacked","source_map attribute of get_qes_master(), qesR 0.4.4 (tag v0.4.4)"
"master","party_best_health_alt","qes2008","q55","stacked","source_map attribute of get_qes_master(), qesR 0.4.4 (tag v0.4.4)"
"master","powers_for_quebec","qes2008",,"stacked","source_map attribute of get_qes_master(), qesR 0.4.4 (tag v0.4.4)"
"master","party_best_environment","qes2008",,"stacked","source_map attribute of get_qes_master(), qesR 0.4.4 (tag v0.4.4)"
"master","party_best_poverty","qes2008",,"stacked","source_map attribute of get_qes_master(), qesR 0.4.4 (tag v0.4.4)"
"master","qc_voice_federal","qes2008",,"stacked","source_map attribute of get_qes_master(), qesR 0.4.4 (tag v0.4.4)"
"master","party_best_qc_identity","qes2008","q61b","stacked","source_map attribute of get_qes_master(), qesR 0.4.4 (tag v0.4.4)"
"master","party_best_caisse_depot","qes2008","q61d","stacked","source_map attribute of get_qes_master(), qesR 0.4.4 (tag v0.4.4)"
"master","decision_level_a","qes2008",,"stacked","source_map attribute of get_qes_master(), qesR 0.4.4 (tag v0.4.4)"
"master","decision_level_b","qes2008",,"stacked","source_map attribute of get_qes_master(), qesR 0.4.4 (tag v0.4.4)"
"master","feeling_unions_0_100","qes2008","q64","stacked","source_map attribute of get_qes_master(), qesR 0.4.4 (tag v0.4.4)"
"master","feeling_business_0_100","qes2008","q65","stacked","source_map attribute of get_qes_master(), qesR 0.4.4 (tag v0.4.4)"
"master","same_sex_marriage","qes2008","q66","stacked","source_map attribute of get_qes_master(), qesR 0.4.4 (tag v0.4.4)"
"master","family_values_priority","qes2008","q68","stacked","source_map attribute of get_qes_master(), qesR 0.4.4 (tag v0.4.4)"
"master","issue_tax_cuts","qes2008",,"stacked","source_map attribute of get_qes_master(), qesR 0.4.4 (tag v0.4.4)"
"master","provincial_pid_item","qes2008","q70","stacked","source_map attribute of get_qes_master(), qesR 0.4.4 (tag v0.4.4)"
"master","provincial_party_lean","qes2008","q72","stacked","source_map attribute of get_qes_master(), qesR 0.4.4 (tag v0.4.4)"
"master","party_named","qes2008","q73","stacked","source_map attribute of get_qes_master(), qesR 0.4.4 (tag v0.4.4)"
"master","vote_federal_2006","qes2008","q74","stacked","source_map attribute of get_qes_master(), qesR 0.4.4 (tag v0.4.4)"
"master","employment_status","qes2008","q79","stacked","source_map attribute of get_qes_master(), qesR 0.4.4 (tag v0.4.4)"
"master","issue_qc_status","qes2008",,"stacked","source_map attribute of get_qes_master(), qesR 0.4.4 (tag v0.4.4)"
"master","home_language","qes2008","q80","stacked","source_map attribute of get_qes_master(), qesR 0.4.4 (tag v0.4.4)"
"master","gov_role_jobs_income","qes2008","q81","stacked","source_map attribute of get_qes_master(), qesR 0.4.4 (tag v0.4.4)"
"master","issue_poverty","qes2008",,"stacked","source_map attribute of get_qes_master(), qesR 0.4.4 (tag v0.4.4)"
"master","vote_reason_1","qes2008",,"stacked","source_map attribute of get_qes_master(), qesR 0.4.4 (tag v0.4.4)"
"master","vote_reason_2","qes2008",,"stacked","source_map attribute of get_qes_master(), qesR 0.4.4 (tag v0.4.4)"
"master","interview_weekday","qes2008",,"stacked","source_map attribute of get_qes_master(), qesR 0.4.4 (tag v0.4.4)"
"master","gov_satisfaction","qes2008",,"stacked","source_map attribute of get_qes_master(), qesR 0.4.4 (tag v0.4.4)"
"master","polling_trust","qes2008",,"stacked","source_map attribute of get_qes_master(), qesR 0.4.4 (tag v0.4.4)"
"master","polls_eval","qes2008",,"stacked","source_map attribute of get_qes_master(), qesR 0.4.4 (tag v0.4.4)"
"master","previous_vote_2003","qes2008",,"stacked","source_map attribute of get_qes_master(), qesR 0.4.4 (tag v0.4.4)"
"master","respondent_id","qes2007","quest","core","source_map attribute of get_qes_master(), qesR 0.4.4 (tag v0.4.4)"
"master","interview_start","qes2007",,"core","source_map attribute of get_qes_master(), qesR 0.4.4 (tag v0.4.4)"
"master","interview_end","qes2007",,"core","source_map attribute of get_qes_master(), qesR 0.4.4 (tag v0.4.4)"
"master","interview_recorded","qes2007",,"core","source_map attribute of get_qes_master(), qesR 0.4.4 (tag v0.4.4)"
"master","language","qes2007","langu","core","source_map attribute of get_qes_master(), qesR 0.4.4 (tag v0.4.4)"
"master","citizenship","qes2007",,"core","source_map attribute of get_qes_master(), qesR 0.4.4 (tag v0.4.4)"
"master","year_of_birth","qes2007","q75","core","source_map attribute of get_qes_master(), qesR 0.4.4 (tag v0.4.4)"
"master","age","qes2007",,"core","source_map attribute of get_qes_master(), qesR 0.4.4 (tag v0.4.4)"
"master","age_group","qes2007",,"core","source_map attribute of get_qes_master(), qesR 0.4.4 (tag v0.4.4)"
"master","gender","qes2007","q76","core","source_map attribute of get_qes_master(), qesR 0.4.4 (tag v0.4.4)"
"master","province_territory","qes2007",,"core","source_map attribute of get_qes_master(), qesR 0.4.4 (tag v0.4.4)"
"master","education","qes2007","q77","core","source_map attribute of get_qes_master(), qesR 0.4.4 (tag v0.4.4)"
"master","income","qes2007","q78","core","source_map attribute of get_qes_master(), qesR 0.4.4 (tag v0.4.4)"
"master","religion","qes2007",,"core","source_map attribute of get_qes_master(), qesR 0.4.4 (tag v0.4.4)"
"master","born_canada","qes2007",,"core","source_map attribute of get_qes_master(), qesR 0.4.4 (tag v0.4.4)"
"master","political_interest","qes2007","q15","core","source_map attribute of get_qes_master(), qesR 0.4.4 (tag v0.4.4)"
"master","ideology","qes2007",,"core","source_map attribute of get_qes_master(), qesR 0.4.4 (tag v0.4.4)"
"master","turnout","qes2007","q11","core","source_map attribute of get_qes_master(), qesR 0.4.4 (tag v0.4.4)"
"master","vote_choice","qes2007","q12","core","source_map attribute of get_qes_master(), qesR 0.4.4 (tag v0.4.4)"
"master","vote_choice_text","qes2007",,"core","source_map attribute of get_qes_master(), qesR 0.4.4 (tag v0.4.4)"
"master","party_best","qes2007","q8","core","source_map attribute of get_qes_master(), qesR 0.4.4 (tag v0.4.4)"
"master","party_lean","qes2007","q13","core","source_map attribute of get_qes_master(), qesR 0.4.4 (tag v0.4.4)"
"master","sovereignty_support","qes2007","q19","core","source_map attribute of get_qes_master(), qesR 0.4.4 (tag v0.4.4)"
"master","sovereignty","qes2007","q19","core","source_map attribute of get_qes_master(), qesR 0.4.4 (tag v0.4.4)"
"master","federal_pid","qes2007",,"core","source_map attribute of get_qes_master(), qesR 0.4.4 (tag v0.4.4)"
"master","provincial_pid","qes2007",,"core","source_map attribute of get_qes_master(), qesR 0.4.4 (tag v0.4.4)"
"master","survey_weight","qes2007","pond","core","source_map attribute of get_qes_master(), qesR 0.4.4 (tag v0.4.4)"
"master","definibin","qes2007",,"stacked","source_map attribute of get_qes_master(), qesR 0.4.4 (tag v0.4.4)"
"master","ethn1","qes2007","ethn1","stacked","source_map attribute of get_qes_master(), qesR 0.4.4 (tag v0.4.4)"
"master","influperso","qes2007",,"stacked","source_map attribute of get_qes_master(), qesR 0.4.4 (tag v0.4.4)"
"master","luentend","qes2007",,"stacked","source_map attribute of get_qes_master(), qesR 0.4.4 (tag v0.4.4)"
"master","occup","qes2007",,"stacked","source_map attribute of get_qes_master(), qesR 0.4.4 (tag v0.4.4)"
"master","patron","qes2007",,"stacked","source_map attribute of get_qes_master(), qesR 0.4.4 (tag v0.4.4)"
"master","pondam1","qes2007",,"stacked","source_map attribute of get_qes_master(), qesR 0.4.4 (tag v0.4.4)"
"master","issue_family_support","qes2007","q10","stacked","source_map attribute of get_qes_master(), qesR 0.4.4 (tag v0.4.4)"
"master","info_source_primary","qes2007","q16","stacked","source_map attribute of get_qes_master(), qesR 0.4.4 (tag v0.4.4)"
"master","info_source_secondary","qes2007","q17","stacked","source_map attribute of get_qes_master(), qesR 0.4.4 (tag v0.4.4)"
"master","party_best_health","qes2007",,"stacked","source_map attribute of get_qes_master(), qesR 0.4.4 (tag v0.4.4)"
"master","identity_self_1","qes2007","q18a","stacked","source_map attribute of get_qes_master(), qesR 0.4.4 (tag v0.4.4)"
"master","identity_self_2","qes2007","q18b","stacked","source_map attribute of get_qes_master(), qesR 0.4.4 (tag v0.4.4)"
"master","referendum_intent","qes2007","q20","stacked","source_map attribute of get_qes_master(), qesR 0.4.4 (tag v0.4.4)"
"master","party_best_anticorruption","qes2007",,"stacked","source_map attribute of get_qes_master(), qesR 0.4.4 (tag v0.4.4)"
"master","elites_out_of_touch","qes2007","q22","stacked","source_map attribute of get_qes_master(), qesR 0.4.4 (tag v0.4.4)"
"master","trust_government","qes2007","q23","stacked","source_map attribute of get_qes_master(), qesR 0.4.4 (tag v0.4.4)"
"master","gov_tax_waste","qes2007","q24","stacked","source_map attribute of get_qes_master(), qesR 0.4.4 (tag v0.4.4)"
"master","issue_education","qes2007","q3","stacked","source_map attribute of get_qes_master(), qesR 0.4.4 (tag v0.4.4)"
"master","feeling_qs_0_100","qes2007","q31","stacked","source_map attribute of get_qes_master(), qesR 0.4.4 (tag v0.4.4)"
"master","election_timing_eval","qes2007","q33","stacked","source_map attribute of get_qes_master(), qesR 0.4.4 (tag v0.4.4)"
"master","pr_reform_support","qes2007","q35","stacked","source_map attribute of get_qes_master(), qesR 0.4.4 (tag v0.4.4)"
"master","democracy_needs_parties","qes2007","q37","stacked","source_map attribute of get_qes_master(), qesR 0.4.4 (tag v0.4.4)"
"master","parties_all_same","qes2007","q38","stacked","source_map attribute of get_qes_master(), qesR 0.4.4 (tag v0.4.4)"
"master","feeling_charest_0_100","qes2007","q39","stacked","source_map attribute of get_qes_master(), qesR 0.4.4 (tag v0.4.4)"
"master","qc_difference_view","qes2007","q4","stacked","source_map attribute of get_qes_master(), qesR 0.4.4 (tag v0.4.4)"
"master","feeling_boisclair_0_100","qes2007","q40","stacked","source_map attribute of get_qes_master(), qesR 0.4.4 (tag v0.4.4)"
"master","feeling_dumont_0_100","qes2007","q41","stacked","source_map attribute of get_qes_master(), qesR 0.4.4 (tag v0.4.4)"
"master","feeling_david_0_100","qes2007","q42","stacked","source_map attribute of get_qes_master(), qesR 0.4.4 (tag v0.4.4)"
"master","feeling_mckay_0_100","qes2007","q43","stacked","source_map attribute of get_qes_master(), qesR 0.4.4 (tag v0.4.4)"
"master","leader_most_competent","qes2007","q44","stacked","source_map attribute of get_qes_master(), qesR 0.4.4 (tag v0.4.4)"
"master","fed_gov_too_interventionist","qes2007","q45","stacked","source_map attribute of get_qes_master(), qesR 0.4.4 (tag v0.4.4)"
"master","leader_closest_people","qes2007","q46","stacked","source_map attribute of get_qes_master(), qesR 0.4.4 (tag v0.4.4)"
"master","qc_economy_change","qes2007","q47","stacked","source_map attribute of get_qes_master(), qesR 0.4.4 (tag v0.4.4)"
"master","federalist_sovereignist_self","qes2007","q48","stacked","source_map attribute of get_qes_master(), qesR 0.4.4 (tag v0.4.4)"
"master","future_outlook","qes2007","q49","stacked","source_map attribute of get_qes_master(), qesR 0.4.4 (tag v0.4.4)"
"master","privatize_hydro_support","qes2007","q50","stacked","source_map attribute of get_qes_master(), qesR 0.4.4 (tag v0.4.4)"
"master","private_healthcare_support","qes2007","q51","stacked","source_map attribute of get_qes_master(), qesR 0.4.4 (tag v0.4.4)"
"master","gov_role_environment","qes2007","q53","stacked","source_map attribute of get_qes_master(), qesR 0.4.4 (tag v0.4.4)"
"master","profits_help_poor","qes2007","q54","stacked","source_map attribute of get_qes_master(), qesR 0.4.4 (tag v0.4.4)"
"master","party_best_health_alt","qes2007","q55","stacked","source_map attribute of get_qes_master(), qesR 0.4.4 (tag v0.4.4)"
"master","powers_for_quebec","qes2007","q56","stacked","source_map attribute of get_qes_master(), qesR 0.4.4 (tag v0.4.4)"
"master","party_best_environment","qes2007","q58","stacked","source_map attribute of get_qes_master(), qesR 0.4.4 (tag v0.4.4)"
"master","party_best_poverty","qes2007","q59","stacked","source_map attribute of get_qes_master(), qesR 0.4.4 (tag v0.4.4)"
"master","qc_voice_federal","qes2007","q60","stacked","source_map attribute of get_qes_master(), qesR 0.4.4 (tag v0.4.4)"
"master","party_best_qc_identity","qes2007","q61b","stacked","source_map attribute of get_qes_master(), qesR 0.4.4 (tag v0.4.4)"
"master","party_best_caisse_depot","qes2007","q61d","stacked","source_map attribute of get_qes_master(), qesR 0.4.4 (tag v0.4.4)"
"master","decision_level_a","qes2007",,"stacked","source_map attribute of get_qes_master(), qesR 0.4.4 (tag v0.4.4)"
"master","decision_level_b","qes2007",,"stacked","source_map attribute of get_qes_master(), qesR 0.4.4 (tag v0.4.4)"
"master","feeling_unions_0_100","qes2007","q64","stacked","source_map attribute of get_qes_master(), qesR 0.4.4 (tag v0.4.4)"
"master","feeling_business_0_100","qes2007","q65","stacked","source_map attribute of get_qes_master(), qesR 0.4.4 (tag v0.4.4)"
"master","same_sex_marriage","qes2007","q66","stacked","source_map attribute of get_qes_master(), qesR 0.4.4 (tag v0.4.4)"
"master","family_values_priority","qes2007","q68","stacked","source_map attribute of get_qes_master(), qesR 0.4.4 (tag v0.4.4)"
"master","issue_tax_cuts","qes2007","q7","stacked","source_map attribute of get_qes_master(), qesR 0.4.4 (tag v0.4.4)"
"master","provincial_pid_item","qes2007","q70","stacked","source_map attribute of get_qes_master(), qesR 0.4.4 (tag v0.4.4)"
"master","provincial_party_lean","qes2007","q72","stacked","source_map attribute of get_qes_master(), qesR 0.4.4 (tag v0.4.4)"
"master","party_named","qes2007","q73","stacked","source_map attribute of get_qes_master(), qesR 0.4.4 (tag v0.4.4)"
"master","vote_federal_2006","qes2007","q74","stacked","source_map attribute of get_qes_master(), qesR 0.4.4 (tag v0.4.4)"
"master","employment_status","qes2007","q79","stacked","source_map attribute of get_qes_master(), qesR 0.4.4 (tag v0.4.4)"
"master","issue_qc_status","qes2007","q8","stacked","source_map attribute of get_qes_master(), qesR 0.4.4 (tag v0.4.4)"
"master","home_language","qes2007","q80","stacked","source_map attribute of get_qes_master(), qesR 0.4.4 (tag v0.4.4)"
"master","gov_role_jobs_income","qes2007","q81","stacked","source_map attribute of get_qes_master(), qesR 0.4.4 (tag v0.4.4)"
"master","issue_poverty","qes2007","q9","stacked","source_map attribute of get_qes_master(), qesR 0.4.4 (tag v0.4.4)"
"master","vote_reason_1","qes2007",,"stacked","source_map attribute of get_qes_master(), qesR 0.4.4 (tag v0.4.4)"
"master","vote_reason_2","qes2007",,"stacked","source_map attribute of get_qes_master(), qesR 0.4.4 (tag v0.4.4)"
"master","interview_weekday","qes2007",,"stacked","source_map attribute of get_qes_master(), qesR 0.4.4 (tag v0.4.4)"
"master","gov_satisfaction","qes2007",,"stacked","source_map attribute of get_qes_master(), qesR 0.4.4 (tag v0.4.4)"
"master","polling_trust","qes2007",,"stacked","source_map attribute of get_qes_master(), qesR 0.4.4 (tag v0.4.4)"
"master","polls_eval","qes2007",,"stacked","source_map attribute of get_qes_master(), qesR 0.4.4 (tag v0.4.4)"
"master","previous_vote_2003","qes2007",,"stacked","source_map attribute of get_qes_master(), qesR 0.4.4 (tag v0.4.4)"
"master","respondent_id","qes2007_panel","quest","core","source_map attribute of get_qes_master(), qesR 0.4.4 (tag v0.4.4)"
"master","interview_start","qes2007_panel",,"core","source_map attribute of get_qes_master(), qesR 0.4.4 (tag v0.4.4)"
"master","interview_end","qes2007_panel",,"core","source_map attribute of get_qes_master(), qesR 0.4.4 (tag v0.4.4)"
"master","interview_recorded","qes2007_panel",,"core","source_map attribute of get_qes_master(), qesR 0.4.4 (tag v0.4.4)"
"master","language","qes2007_panel","lmat","core","source_map attribute of get_qes_master(), qesR 0.4.4 (tag v0.4.4)"
"master","citizenship","qes2007_panel",,"core","source_map attribute of get_qes_master(), qesR 0.4.4 (tag v0.4.4)"
"master","year_of_birth","qes2007_panel",,"core","source_map attribute of get_qes_master(), qesR 0.4.4 (tag v0.4.4)"
"master","age","qes2007_panel","age","core","source_map attribute of get_qes_master(), qesR 0.4.4 (tag v0.4.4)"
"master","age_group","qes2007_panel","age3","core","source_map attribute of get_qes_master(), qesR 0.4.4 (tag v0.4.4)"
"master","gender","qes2007_panel","sexe","core","source_map attribute of get_qes_master(), qesR 0.4.4 (tag v0.4.4)"
"master","province_territory","qes2007_panel","reg","core","source_map attribute of get_qes_master(), qesR 0.4.4 (tag v0.4.4)"
"master","education","qes2007_panel","scol","core","source_map attribute of get_qes_master(), qesR 0.4.4 (tag v0.4.4)"
"master","income","qes2007_panel","revenu","core","source_map attribute of get_qes_master(), qesR 0.4.4 (tag v0.4.4)"
"master","religion","qes2007_panel",,"core","source_map attribute of get_qes_master(), qesR 0.4.4 (tag v0.4.4)"
"master","born_canada","qes2007_panel",,"core","source_map attribute of get_qes_master(), qesR 0.4.4 (tag v0.4.4)"
"master","political_interest","qes2007_panel","interet","core","source_map attribute of get_qes_master(), qesR 0.4.4 (tag v0.4.4)"
"master","ideology","qes2007_panel",,"core","source_map attribute of get_qes_master(), qesR 0.4.4 (tag v0.4.4)"
"master","turnout","qes2007_panel","avote","core","source_map attribute of get_qes_master(), qesR 0.4.4 (tag v0.4.4)"
"master","vote_choice","qes2007_panel","vote","core","source_map attribute of get_qes_master(), qesR 0.4.4 (tag v0.4.4)"
"master","vote_choice_text","qes2007_panel",,"core","source_map attribute of get_qes_master(), qesR 0.4.4 (tag v0.4.4)"
"master","party_best","qes2007_panel",,"core","source_map attribute of get_qes_master(), qesR 0.4.4 (tag v0.4.4)"
"master","party_lean","qes2007_panel","intvote","core","source_map attribute of get_qes_master(), qesR 0.4.4 (tag v0.4.4)"
"master","sovereignty_support","qes2007_panel","intref","core","source_map attribute of get_qes_master(), qesR 0.4.4 (tag v0.4.4)"
"master","sovereignty","qes2007_panel","intref","core","source_map attribute of get_qes_master(), qesR 0.4.4 (tag v0.4.4)"
"master","federal_pid","qes2007_panel",,"core","source_map attribute of get_qes_master(), qesR 0.4.4 (tag v0.4.4)"
"master","provincial_pid","qes2007_panel",,"core","source_map attribute of get_qes_master(), qesR 0.4.4 (tag v0.4.4)"
"master","survey_weight","qes2007_panel","pond","core","source_map attribute of get_qes_master(), qesR 0.4.4 (tag v0.4.4)"
"master","definibin","qes2007_panel","definibin","stacked","source_map attribute of get_qes_master(), qesR 0.4.4 (tag v0.4.4)"
"master","ethn1","qes2007_panel",,"stacked","source_map attribute of get_qes_master(), qesR 0.4.4 (tag v0.4.4)"
"master","influperso","qes2007_panel","influperso","stacked","source_map attribute of get_qes_master(), qesR 0.4.4 (tag v0.4.4)"
"master","luentend","qes2007_panel","luentend","stacked","source_map attribute of get_qes_master(), qesR 0.4.4 (tag v0.4.4)"
"master","occup","qes2007_panel","occup","stacked","source_map attribute of get_qes_master(), qesR 0.4.4 (tag v0.4.4)"
"master","patron","qes2007_panel",,"stacked","source_map attribute of get_qes_master(), qesR 0.4.4 (tag v0.4.4)"
"master","pondam1","qes2007_panel","pondam1","stacked","source_map attribute of get_qes_master(), qesR 0.4.4 (tag v0.4.4)"
"master","issue_family_support","qes2007_panel",,"stacked","source_map attribute of get_qes_master(), qesR 0.4.4 (tag v0.4.4)"
"master","info_source_primary","qes2007_panel",,"stacked","source_map attribute of get_qes_master(), qesR 0.4.4 (tag v0.4.4)"
"master","info_source_secondary","qes2007_panel",,"stacked","source_map attribute of get_qes_master(), qesR 0.4.4 (tag v0.4.4)"
"master","party_best_health","qes2007_panel",,"stacked","source_map attribute of get_qes_master(), qesR 0.4.4 (tag v0.4.4)"
"master","identity_self_1","qes2007_panel",,"stacked","source_map attribute of get_qes_master(), qesR 0.4.4 (tag v0.4.4)"
"master","identity_self_2","qes2007_panel",,"stacked","source_map attribute of get_qes_master(), qesR 0.4.4 (tag v0.4.4)"
"master","referendum_intent","qes2007_panel",,"stacked","source_map attribute of get_qes_master(), qesR 0.4.4 (tag v0.4.4)"
"master","party_best_anticorruption","qes2007_panel",,"stacked","source_map attribute of get_qes_master(), qesR 0.4.4 (tag v0.4.4)"
"master","elites_out_of_touch","qes2007_panel",,"stacked","source_map attribute of get_qes_master(), qesR 0.4.4 (tag v0.4.4)"
"master","trust_government","qes2007_panel",,"stacked","source_map attribute of get_qes_master(), qesR 0.4.4 (tag v0.4.4)"
"master","gov_tax_waste","qes2007_panel",,"stacked","source_map attribute of get_qes_master(), qesR 0.4.4 (tag v0.4.4)"
"master","issue_education","qes2007_panel",,"stacked","source_map attribute of get_qes_master(), qesR 0.4.4 (tag v0.4.4)"
"master","feeling_qs_0_100","qes2007_panel",,"stacked","source_map attribute of get_qes_master(), qesR 0.4.4 (tag v0.4.4)"
"master","election_timing_eval","qes2007_panel",,"stacked","source_map attribute of get_qes_master(), qesR 0.4.4 (tag v0.4.4)"
"master","pr_reform_support","qes2007_panel",,"stacked","source_map attribute of get_qes_master(), qesR 0.4.4 (tag v0.4.4)"
"master","democracy_needs_parties","qes2007_panel",,"stacked","source_map attribute of get_qes_master(), qesR 0.4.4 (tag v0.4.4)"
"master","parties_all_same","qes2007_panel",,"stacked","source_map attribute of get_qes_master(), qesR 0.4.4 (tag v0.4.4)"
"master","feeling_charest_0_100","qes2007_panel",,"stacked","source_map attribute of get_qes_master(), qesR 0.4.4 (tag v0.4.4)"
"master","qc_difference_view","qes2007_panel",,"stacked","source_map attribute of get_qes_master(), qesR 0.4.4 (tag v0.4.4)"
"master","feeling_boisclair_0_100","qes2007_panel",,"stacked","source_map attribute of get_qes_master(), qesR 0.4.4 (tag v0.4.4)"
"master","feeling_dumont_0_100","qes2007_panel",,"stacked","source_map attribute of get_qes_master(), qesR 0.4.4 (tag v0.4.4)"
"master","feeling_david_0_100","qes2007_panel",,"stacked","source_map attribute of get_qes_master(), qesR 0.4.4 (tag v0.4.4)"
"master","feeling_mckay_0_100","qes2007_panel",,"stacked","source_map attribute of get_qes_master(), qesR 0.4.4 (tag v0.4.4)"
"master","leader_most_competent","qes2007_panel",,"stacked","source_map attribute of get_qes_master(), qesR 0.4.4 (tag v0.4.4)"
"master","fed_gov_too_interventionist","qes2007_panel",,"stacked","source_map attribute of get_qes_master(), qesR 0.4.4 (tag v0.4.4)"
"master","leader_closest_people","qes2007_panel",,"stacked","source_map attribute of get_qes_master(), qesR 0.4.4 (tag v0.4.4)"
"master","qc_economy_change","qes2007_panel",,"stacked","source_map attribute of get_qes_master(), qesR 0.4.4 (tag v0.4.4)"
"master","federalist_sovereignist_self","qes2007_panel",,"stacked","source_map attribute of get_qes_master(), qesR 0.4.4 (tag v0.4.4)"
"master","future_outlook","qes2007_panel",,"stacked","source_map attribute of get_qes_master(), qesR 0.4.4 (tag v0.4.4)"
"master","privatize_hydro_support","qes2007_panel",,"stacked","source_map attribute of get_qes_master(), qesR 0.4.4 (tag v0.4.4)"
"master","private_healthcare_support","qes2007_panel",,"stacked","source_map attribute of get_qes_master(), qesR 0.4.4 (tag v0.4.4)"
"master","gov_role_environment","qes2007_panel",,"stacked","source_map attribute of get_qes_master(), qesR 0.4.4 (tag v0.4.4)"
"master","profits_help_poor","qes2007_panel",,"stacked","source_map attribute of get_qes_master(), qesR 0.4.4 (tag v0.4.4)"
"master","party_best_health_alt","qes2007_panel",,"stacked","source_map attribute of get_qes_master(), qesR 0.4.4 (tag v0.4.4)"
"master","powers_for_quebec","qes2007_panel",,"stacked","source_map attribute of get_qes_master(), qesR 0.4.4 (tag v0.4.4)"
"master","party_best_environment","qes2007_panel",,"stacked","source_map attribute of get_qes_master(), qesR 0.4.4 (tag v0.4.4)"
"master","party_best_poverty","qes2007_panel",,"stacked","source_map attribute of get_qes_master(), qesR 0.4.4 (tag v0.4.4)"
"master","qc_voice_federal","qes2007_panel",,"stacked","source_map attribute of get_qes_master(), qesR 0.4.4 (tag v0.4.4)"
"master","party_best_qc_identity","qes2007_panel",,"stacked","source_map attribute of get_qes_master(), qesR 0.4.4 (tag v0.4.4)"
"master","party_best_caisse_depot","qes2007_panel",,"stacked","source_map attribute of get_qes_master(), qesR 0.4.4 (tag v0.4.4)"
"master","decision_level_a","qes2007_panel",,"stacked","source_map attribute of get_qes_master(), qesR 0.4.4 (tag v0.4.4)"
"master","decision_level_b","qes2007_panel",,"stacked","source_map attribute of get_qes_master(), qesR 0.4.4 (tag v0.4.4)"
"master","feeling_unions_0_100","qes2007_panel",,"stacked","source_map attribute of get_qes_master(), qesR 0.4.4 (tag v0.4.4)"
"master","feeling_business_0_100","qes2007_panel",,"stacked","source_map attribute of get_qes_master(), qesR 0.4.4 (tag v0.4.4)"
"master","same_sex_marriage","qes2007_panel",,"stacked","source_map attribute of get_qes_master(), qesR 0.4.4 (tag v0.4.4)"
"master","family_values_priority","qes2007_panel",,"stacked","source_map attribute of get_qes_master(), qesR 0.4.4 (tag v0.4.4)"
"master","issue_tax_cuts","qes2007_panel",,"stacked","source_map attribute of get_qes_master(), qesR 0.4.4 (tag v0.4.4)"
"master","provincial_pid_item","qes2007_panel",,"stacked","source_map attribute of get_qes_master(), qesR 0.4.4 (tag v0.4.4)"
"master","provincial_party_lean","qes2007_panel",,"stacked","source_map attribute of get_qes_master(), qesR 0.4.4 (tag v0.4.4)"
"master","party_named","qes2007_panel",,"stacked","source_map attribute of get_qes_master(), qesR 0.4.4 (tag v0.4.4)"
"master","vote_federal_2006","qes2007_panel",,"stacked","source_map attribute of get_qes_master(), qesR 0.4.4 (tag v0.4.4)"
"master","employment_status","qes2007_panel",,"stacked","source_map attribute of get_qes_master(), qesR 0.4.4 (tag v0.4.4)"
"master","issue_qc_status","qes2007_panel",,"stacked","source_map attribute of get_qes_master(), qesR 0.4.4 (tag v0.4.4)"
"master","home_language","qes2007_panel",,"stacked","source_map attribute of get_qes_master(), qesR 0.4.4 (tag v0.4.4)"
"master","gov_role_jobs_income","qes2007_panel",,"stacked","source_map attribute of get_qes_master(), qesR 0.4.4 (tag v0.4.4)"
"master","issue_poverty","qes2007_panel",,"stacked","source_map attribute of get_qes_master(), qesR 0.4.4 (tag v0.4.4)"
"master","vote_reason_1","qes2007_panel",,"stacked","source_map attribute of get_qes_master(), qesR 0.4.4 (tag v0.4.4)"
"master","vote_reason_2","qes2007_panel",,"stacked","source_map attribute of get_qes_master(), qesR 0.4.4 (tag v0.4.4)"
"master","interview_weekday","qes2007_panel","s_jse","stacked","source_map attribute of get_qes_master(), qesR 0.4.4 (tag v0.4.4)"
"master","gov_satisfaction","qes2007_panel","satisf","stacked","source_map attribute of get_qes_master(), qesR 0.4.4 (tag v0.4.4)"
"master","polling_trust","qes2007_panel","sefie","stacked","source_map attribute of get_qes_master(), qesR 0.4.4 (tag v0.4.4)"
"master","polls_eval","qes2007_panel","sondbons","stacked","source_map attribute of get_qes_master(), qesR 0.4.4 (tag v0.4.4)"
"master","previous_vote_2003","qes2007_panel","voteprec","stacked","source_map attribute of get_qes_master(), qesR 0.4.4 (tag v0.4.4)"
"master","respondent_id","qes1998","quetr","core","source_map attribute of get_qes_master(), qesR 0.4.4 (tag v0.4.4)"
"master","interview_start","qes1998",,"core","source_map attribute of get_qes_master(), qesR 0.4.4 (tag v0.4.4)"
"master","interview_end","qes1998",,"core","source_map attribute of get_qes_master(), qesR 0.4.4 (tag v0.4.4)"
"master","interview_recorded","qes1998",,"core","source_map attribute of get_qes_master(), qesR 0.4.4 (tag v0.4.4)"
"master","language","qes1998",,"core","source_map attribute of get_qes_master(), qesR 0.4.4 (tag v0.4.4)"
"master","citizenship","qes1998",,"core","source_map attribute of get_qes_master(), qesR 0.4.4 (tag v0.4.4)"
"master","year_of_birth","qes1998",,"core","source_map attribute of get_qes_master(), qesR 0.4.4 (tag v0.4.4)"
"master","age","qes1998","age","core","source_map attribute of get_qes_master(), qesR 0.4.4 (tag v0.4.4)"
"master","age_group","qes1998","age","core","source_map attribute of get_qes_master(), qesR 0.4.4 (tag v0.4.4)"
"master","gender","qes1998","sexe_post","core","source_map attribute of get_qes_master(), qesR 0.4.4 (tag v0.4.4)"
"master","province_territory","qes1998",,"core","source_map attribute of get_qes_master(), qesR 0.4.4 (tag v0.4.4)"
"master","education","qes1998","scol","core","source_map attribute of get_qes_master(), qesR 0.4.4 (tag v0.4.4)"
"master","income","qes1998",,"core","source_map attribute of get_qes_master(), qesR 0.4.4 (tag v0.4.4)"
"master","religion","qes1998",,"core","source_map attribute of get_qes_master(), qesR 0.4.4 (tag v0.4.4)"
"master","born_canada","qes1998",,"core","source_map attribute of get_qes_master(), qesR 0.4.4 (tag v0.4.4)"
"master","political_interest","qes1998",,"core","source_map attribute of get_qes_master(), qesR 0.4.4 (tag v0.4.4)"
"master","ideology","qes1998",,"core","source_map attribute of get_qes_master(), qesR 0.4.4 (tag v0.4.4)"
"master","turnout","qes1998","q1post","core","source_map attribute of get_qes_master(), qesR 0.4.4 (tag v0.4.4)"
"master","vote_choice","qes1998","intvote","core","source_map attribute of get_qes_master(), qesR 0.4.4 (tag v0.4.4)"
"master","vote_choice_text","qes1998",,"core","source_map attribute of get_qes_master(), qesR 0.4.4 (tag v0.4.4)"
"master","party_best","qes1998",,"core","source_map attribute of get_qes_master(), qesR 0.4.4 (tag v0.4.4)"
"master","party_lean","qes1998",,"core","source_map attribute of get_qes_master(), qesR 0.4.4 (tag v0.4.4)"
"master","sovereignty_support","qes1998","voteref","core","source_map attribute of get_qes_master(), qesR 0.4.4 (tag v0.4.4)"
"master","sovereignty","qes1998","voteref","core","source_map attribute of get_qes_master(), qesR 0.4.4 (tag v0.4.4)"
"master","federal_pid","qes1998",,"core","source_map attribute of get_qes_master(), qesR 0.4.4 (tag v0.4.4)"
"master","provincial_pid","qes1998",,"core","source_map attribute of get_qes_master(), qesR 0.4.4 (tag v0.4.4)"
"master","survey_weight","qes1998","ponderc","core","source_map attribute of get_qes_master(), qesR 0.4.4 (tag v0.4.4)"
"master","definibin","qes1998",,"stacked","source_map attribute of get_qes_master(), qesR 0.4.4 (tag v0.4.4)"
"master","ethn1","qes1998",,"stacked","source_map attribute of get_qes_master(), qesR 0.4.4 (tag v0.4.4)"
"master","influperso","qes1998",,"stacked","source_map attribute of get_qes_master(), qesR 0.4.4 (tag v0.4.4)"
"master","luentend","qes1998",,"stacked","source_map attribute of get_qes_master(), qesR 0.4.4 (tag v0.4.4)"
"master","occup","qes1998","occup","stacked","source_map attribute of get_qes_master(), qesR 0.4.4 (tag v0.4.4)"
"master","patron","qes1998",,"stacked","source_map attribute of get_qes_master(), qesR 0.4.4 (tag v0.4.4)"
"master","pondam1","qes1998",,"stacked","source_map attribute of get_qes_master(), qesR 0.4.4 (tag v0.4.4)"
"master","issue_family_support","qes1998",,"stacked","source_map attribute of get_qes_master(), qesR 0.4.4 (tag v0.4.4)"
"master","info_source_primary","qes1998",,"stacked","source_map attribute of get_qes_master(), qesR 0.4.4 (tag v0.4.4)"
"master","info_source_secondary","qes1998",,"stacked","source_map attribute of get_qes_master(), qesR 0.4.4 (tag v0.4.4)"
"master","party_best_health","qes1998",,"stacked","source_map attribute of get_qes_master(), qesR 0.4.4 (tag v0.4.4)"
"master","identity_self_1","qes1998",,"stacked","source_map attribute of get_qes_master(), qesR 0.4.4 (tag v0.4.4)"
"master","identity_self_2","qes1998",,"stacked","source_map attribute of get_qes_master(), qesR 0.4.4 (tag v0.4.4)"
"master","referendum_intent","qes1998",,"stacked","source_map attribute of get_qes_master(), qesR 0.4.4 (tag v0.4.4)"
"master","party_best_anticorruption","qes1998",,"stacked","source_map attribute of get_qes_master(), qesR 0.4.4 (tag v0.4.4)"
"master","elites_out_of_touch","qes1998",,"stacked","source_map attribute of get_qes_master(), qesR 0.4.4 (tag v0.4.4)"
"master","trust_government","qes1998",,"stacked","source_map attribute of get_qes_master(), qesR 0.4.4 (tag v0.4.4)"
"master","gov_tax_waste","qes1998",,"stacked","source_map attribute of get_qes_master(), qesR 0.4.4 (tag v0.4.4)"
"master","issue_education","qes1998",,"stacked","source_map attribute of get_qes_master(), qesR 0.4.4 (tag v0.4.4)"
"master","feeling_qs_0_100","qes1998",,"stacked","source_map attribute of get_qes_master(), qesR 0.4.4 (tag v0.4.4)"
"master","election_timing_eval","qes1998",,"stacked","source_map attribute of get_qes_master(), qesR 0.4.4 (tag v0.4.4)"
"master","pr_reform_support","qes1998",,"stacked","source_map attribute of get_qes_master(), qesR 0.4.4 (tag v0.4.4)"
"master","democracy_needs_parties","qes1998",,"stacked","source_map attribute of get_qes_master(), qesR 0.4.4 (tag v0.4.4)"
"master","parties_all_same","qes1998",,"stacked","source_map attribute of get_qes_master(), qesR 0.4.4 (tag v0.4.4)"
"master","feeling_charest_0_100","qes1998",,"stacked","source_map attribute of get_qes_master(), qesR 0.4.4 (tag v0.4.4)"
"master","qc_difference_view","qes1998",,"stacked","source_map attribute of get_qes_master(), qesR 0.4.4 (tag v0.4.4)"
"master","feeling_boisclair_0_100","qes1998",,"stacked","source_map attribute of get_qes_master(), qesR 0.4.4 (tag v0.4.4)"
"master","feeling_dumont_0_100","qes1998",,"stacked","source_map attribute of get_qes_master(), qesR 0.4.4 (tag v0.4.4)"
"master","feeling_david_0_100","qes1998",,"stacked","source_map attribute of get_qes_master(), qesR 0.4.4 (tag v0.4.4)"
"master","feeling_mckay_0_100","qes1998",,"stacked","source_map attribute of get_qes_master(), qesR 0.4.4 (tag v0.4.4)"
"master","leader_most_competent","qes1998",,"stacked","source_map attribute of get_qes_master(), qesR 0.4.4 (tag v0.4.4)"
"master","fed_gov_too_interventionist","qes1998",,"stacked","source_map attribute of get_qes_master(), qesR 0.4.4 (tag v0.4.4)"
"master","leader_closest_people","qes1998",,"stacked","source_map attribute of get_qes_master(), qesR 0.4.4 (tag v0.4.4)"
"master","qc_economy_change","qes1998",,"stacked","source_map attribute of get_qes_master(), qesR 0.4.4 (tag v0.4.4)"
"master","federalist_sovereignist_self","qes1998",,"stacked","source_map attribute of get_qes_master(), qesR 0.4.4 (tag v0.4.4)"
"master","future_outlook","qes1998",,"stacked","source_map attribute of get_qes_master(), qesR 0.4.4 (tag v0.4.4)"
"master","privatize_hydro_support","qes1998",,"stacked","source_map attribute of get_qes_master(), qesR 0.4.4 (tag v0.4.4)"
"master","private_healthcare_support","qes1998",,"stacked","source_map attribute of get_qes_master(), qesR 0.4.4 (tag v0.4.4)"
"master","gov_role_environment","qes1998",,"stacked","source_map attribute of get_qes_master(), qesR 0.4.4 (tag v0.4.4)"
"master","profits_help_poor","qes1998",,"stacked","source_map attribute of get_qes_master(), qesR 0.4.4 (tag v0.4.4)"
"master","party_best_health_alt","qes1998",,"stacked","source_map attribute of get_qes_master(), qesR 0.4.4 (tag v0.4.4)"
"master","powers_for_quebec","qes1998",,"stacked","source_map attribute of get_qes_master(), qesR 0.4.4 (tag v0.4.4)"
"master","party_best_environment","qes1998",,"stacked","source_map attribute of get_qes_master(), qesR 0.4.4 (tag v0.4.4)"
"master","party_best_poverty","qes1998",,"stacked","source_map attribute of get_qes_master(), qesR 0.4.4 (tag v0.4.4)"
"master","qc_voice_federal","qes1998",,"stacked","source_map attribute of get_qes_master(), qesR 0.4.4 (tag v0.4.4)"
"master","party_best_qc_identity","qes1998",,"stacked","source_map attribute of get_qes_master(), qesR 0.4.4 (tag v0.4.4)"
"master","party_best_caisse_depot","qes1998",,"stacked","source_map attribute of get_qes_master(), qesR 0.4.4 (tag v0.4.4)"
"master","decision_level_a","qes1998",,"stacked","source_map attribute of get_qes_master(), qesR 0.4.4 (tag v0.4.4)"
"master","decision_level_b","qes1998",,"stacked","source_map attribute of get_qes_master(), qesR 0.4.4 (tag v0.4.4)"
"master","feeling_unions_0_100","qes1998",,"stacked","source_map attribute of get_qes_master(), qesR 0.4.4 (tag v0.4.4)"
"master","feeling_business_0_100","qes1998",,"stacked","source_map attribute of get_qes_master(), qesR 0.4.4 (tag v0.4.4)"
"master","same_sex_marriage","qes1998",,"stacked","source_map attribute of get_qes_master(), qesR 0.4.4 (tag v0.4.4)"
"master","family_values_priority","qes1998",,"stacked","source_map attribute of get_qes_master(), qesR 0.4.4 (tag v0.4.4)"
"master","issue_tax_cuts","qes1998",,"stacked","source_map attribute of get_qes_master(), qesR 0.4.4 (tag v0.4.4)"
"master","provincial_pid_item","qes1998",,"stacked","source_map attribute of get_qes_master(), qesR 0.4.4 (tag v0.4.4)"
"master","provincial_party_lean","qes1998",,"stacked","source_map attribute of get_qes_master(), qesR 0.4.4 (tag v0.4.4)"
"master","party_named","qes1998",,"stacked","source_map attribute of get_qes_master(), qesR 0.4.4 (tag v0.4.4)"
"master","vote_federal_2006","qes1998",,"stacked","source_map attribute of get_qes_master(), qesR 0.4.4 (tag v0.4.4)"
"master","employment_status","qes1998",,"stacked","source_map attribute of get_qes_master(), qesR 0.4.4 (tag v0.4.4)"
"master","issue_qc_status","qes1998",,"stacked","source_map attribute of get_qes_master(), qesR 0.4.4 (tag v0.4.4)"
"master","home_language","qes1998",,"stacked","source_map attribute of get_qes_master(), qesR 0.4.4 (tag v0.4.4)"
"master","gov_role_jobs_income","qes1998",,"stacked","source_map attribute of get_qes_master(), qesR 0.4.4 (tag v0.4.4)"
"master","issue_poverty","qes1998",,"stacked","source_map attribute of get_qes_master(), qesR 0.4.4 (tag v0.4.4)"
"master","vote_reason_1","qes1998","raison1","stacked","source_map attribute of get_qes_master(), qesR 0.4.4 (tag v0.4.4)"
"master","vote_reason_2","qes1998","raison2","stacked","source_map attribute of get_qes_master(), qesR 0.4.4 (tag v0.4.4)"
"master","interview_weekday","qes1998","s_jse","stacked","source_map attribute of get_qes_master(), qesR 0.4.4 (tag v0.4.4)"
"master","gov_satisfaction","qes1998","satisf","stacked","source_map attribute of get_qes_master(), qesR 0.4.4 (tag v0.4.4)"
"master","polling_trust","qes1998",,"stacked","source_map attribute of get_qes_master(), qesR 0.4.4 (tag v0.4.4)"
"master","polls_eval","qes1998",,"stacked","source_map attribute of get_qes_master(), qesR 0.4.4 (tag v0.4.4)"
"master","previous_vote_2003","qes1998",,"stacked","source_map attribute of get_qes_master(), qesR 0.4.4 (tag v0.4.4)"
"decon","citizenship","qes2022","cps_citizen","core","get_decon() lookup of qesR 0.4.4 (tag v0.4.4) over its get_qes() names"
"decon","yob","qes2022","cps_yob","core","get_decon() lookup of qesR 0.4.4 (tag v0.4.4) over its get_qes() names"
"decon","age","qes2022","cps_age_in_years","core","get_decon() lookup of qesR 0.4.4 (tag v0.4.4) over its get_qes() names"
"decon","gender","qes2022","cps_genderid","core","get_decon() lookup of qesR 0.4.4 (tag v0.4.4) over its get_qes() names"
"decon","province_territory","qes2022","cps_province","core","get_decon() lookup of qesR 0.4.4 (tag v0.4.4) over its get_qes() names"
"decon","education","qes2022","cps_edu","core","get_decon() lookup of qesR 0.4.4 (tag v0.4.4) over its get_qes() names"
"decon","political_interest","qes2022","cps_interest_1","core","get_decon() lookup of qesR 0.4.4 (tag v0.4.4) over its get_qes() names"
"decon","turnout","qes2022","cps_turnout","core","get_decon() lookup of qesR 0.4.4 (tag v0.4.4) over its get_qes() names"
"decon","votechoice","qes2022","cps_votechoice1","core","get_decon() lookup of qesR 0.4.4 (tag v0.4.4) over its get_qes() names"
"decon","votechoice_text","qes2022","cps_votechoice1_8_TEXT","core","get_decon() lookup of qesR 0.4.4 (tag v0.4.4) over its get_qes() names"
"decon","party_best","qes2022","cps_partybest","core","get_decon() lookup of qesR 0.4.4 (tag v0.4.4) over its get_qes() names"
"decon","partylean","qes2022","cps_votelean","core","get_decon() lookup of qesR 0.4.4 (tag v0.4.4) over its get_qes() names"
"decon","fed_pid","qes2022","cps_fedpid","core","get_decon() lookup of qesR 0.4.4 (tag v0.4.4) over its get_qes() names"
"decon","prov_pid","qes2022","cps_provpid","core","get_decon() lookup of qesR 0.4.4 (tag v0.4.4) over its get_qes() names"
"decon","ideology","qes2022","cps_ideoself_1","core","get_decon() lookup of qesR 0.4.4 (tag v0.4.4) over its get_qes() names"
"decon","income","qes2022","cps_income","core","get_decon() lookup of qesR 0.4.4 (tag v0.4.4) over its get_qes() names"
"decon","religion","qes2022","cps_religion","core","get_decon() lookup of qesR 0.4.4 (tag v0.4.4) over its get_qes() names"
"decon","born_canada","qes2022","cps_borncda","core","get_decon() lookup of qesR 0.4.4 (tag v0.4.4) over its get_qes() names"
"decon","citizenship","qes2018",,"core","get_decon() lookup of qesR 0.4.4 (tag v0.4.4) over its get_qes() names"
"decon","yob","qes2018","ageyear_1","core","get_decon() lookup of qesR 0.4.4 (tag v0.4.4) over its get_qes() names"
"decon","age","qes2018","age","core","get_decon() lookup of qesR 0.4.4 (tag v0.4.4) over its get_qes() names"
"decon","gender","qes2018","qsexe","core","get_decon() lookup of qesR 0.4.4 (tag v0.4.4) over its get_qes() names"
"decon","province_territory","qes2018","regio","core","get_decon() lookup of qesR 0.4.4 (tag v0.4.4) over its get_qes() names"
"decon","education","qes2018","qscol","core","get_decon() lookup of qesR 0.4.4 (tag v0.4.4) over its get_qes() names"
"decon","political_interest","qes2018",,"core","get_decon() lookup of qesR 0.4.4 (tag v0.4.4) over its get_qes() names"
"decon","turnout","qes2018","q1","core","get_decon() lookup of qesR 0.4.4 (tag v0.4.4) over its get_qes() names"
"decon","votechoice","qes2018","q2","core","get_decon() lookup of qesR 0.4.4 (tag v0.4.4) over its get_qes() names"
"decon","votechoice_text","qes2018",,"core","get_decon() lookup of qesR 0.4.4 (tag v0.4.4) over its get_qes() names"
"decon","party_best","qes2018",,"core","get_decon() lookup of qesR 0.4.4 (tag v0.4.4) over its get_qes() names"
"decon","partylean","qes2018",,"core","get_decon() lookup of qesR 0.4.4 (tag v0.4.4) over its get_qes() names"
"decon","fed_pid","qes2018",,"core","get_decon() lookup of qesR 0.4.4 (tag v0.4.4) over its get_qes() names"
"decon","prov_pid","qes2018",,"core","get_decon() lookup of qesR 0.4.4 (tag v0.4.4) over its get_qes() names"
"decon","ideology","qes2018",,"core","get_decon() lookup of qesR 0.4.4 (tag v0.4.4) over its get_qes() names"
"decon","income","qes2018",,"core","get_decon() lookup of qesR 0.4.4 (tag v0.4.4) over its get_qes() names"
"decon","religion","qes2018",,"core","get_decon() lookup of qesR 0.4.4 (tag v0.4.4) over its get_qes() names"
"decon","born_canada","qes2018",,"core","get_decon() lookup of qesR 0.4.4 (tag v0.4.4) over its get_qes() names"
"decon","citizenship","qes2018_panel",,"core","get_decon() lookup of qesR 0.4.4 (tag v0.4.4) over its get_qes() names"
"decon","yob","qes2018_panel",,"core","get_decon() lookup of qesR 0.4.4 (tag v0.4.4) over its get_qes() names"
"decon","age","qes2018_panel","age","core","get_decon() lookup of qesR 0.4.4 (tag v0.4.4) over its get_qes() names"
"decon","gender","qes2018_panel",,"core","get_decon() lookup of qesR 0.4.4 (tag v0.4.4) over its get_qes() names"
"decon","province_territory","qes2018_panel",,"core","get_decon() lookup of qesR 0.4.4 (tag v0.4.4) over its get_qes() names"
"decon","education","qes2018_panel",,"core","get_decon() lookup of qesR 0.4.4 (tag v0.4.4) over its get_qes() names"
"decon","political_interest","qes2018_panel",,"core","get_decon() lookup of qesR 0.4.4 (tag v0.4.4) over its get_qes() names"
"decon","turnout","qes2018_panel","q1","core","get_decon() lookup of qesR 0.4.4 (tag v0.4.4) over its get_qes() names"
"decon","votechoice","qes2018_panel","q2","core","get_decon() lookup of qesR 0.4.4 (tag v0.4.4) over its get_qes() names"
"decon","votechoice_text","qes2018_panel",,"core","get_decon() lookup of qesR 0.4.4 (tag v0.4.4) over its get_qes() names"
"decon","party_best","qes2018_panel",,"core","get_decon() lookup of qesR 0.4.4 (tag v0.4.4) over its get_qes() names"
"decon","partylean","qes2018_panel",,"core","get_decon() lookup of qesR 0.4.4 (tag v0.4.4) over its get_qes() names"
"decon","fed_pid","qes2018_panel",,"core","get_decon() lookup of qesR 0.4.4 (tag v0.4.4) over its get_qes() names"
"decon","prov_pid","qes2018_panel",,"core","get_decon() lookup of qesR 0.4.4 (tag v0.4.4) over its get_qes() names"
"decon","ideology","qes2018_panel",,"core","get_decon() lookup of qesR 0.4.4 (tag v0.4.4) over its get_qes() names"
"decon","income","qes2018_panel",,"core","get_decon() lookup of qesR 0.4.4 (tag v0.4.4) over its get_qes() names"
"decon","religion","qes2018_panel",,"core","get_decon() lookup of qesR 0.4.4 (tag v0.4.4) over its get_qes() names"
"decon","born_canada","qes2018_panel",,"core","get_decon() lookup of qesR 0.4.4 (tag v0.4.4) over its get_qes() names"
"decon","citizenship","qes2014",,"core","get_decon() lookup of qesR 0.4.4 (tag v0.4.4) over its get_qes() names"
"decon","yob","qes2014",,"core","get_decon() lookup of qesR 0.4.4 (tag v0.4.4) over its get_qes() names"
"decon","age","qes2014",,"core","get_decon() lookup of qesR 0.4.4 (tag v0.4.4) over its get_qes() names"
"decon","gender","qes2014","QSEXE","core","get_decon() lookup of qesR 0.4.4 (tag v0.4.4) over its get_qes() names"
"decon","province_territory","qes2014","REGIO","core","get_decon() lookup of qesR 0.4.4 (tag v0.4.4) over its get_qes() names"
"decon","education","qes2014","QSCOL","core","get_decon() lookup of qesR 0.4.4 (tag v0.4.4) over its get_qes() names"
"decon","political_interest","qes2014",,"core","get_decon() lookup of qesR 0.4.4 (tag v0.4.4) over its get_qes() names"
"decon","turnout","qes2014","Q1","core","get_decon() lookup of qesR 0.4.4 (tag v0.4.4) over its get_qes() names"
"decon","votechoice","qes2014","Q2","core","get_decon() lookup of qesR 0.4.4 (tag v0.4.4) over its get_qes() names"
"decon","votechoice_text","qes2014",,"core","get_decon() lookup of qesR 0.4.4 (tag v0.4.4) over its get_qes() names"
"decon","party_best","qes2014",,"core","get_decon() lookup of qesR 0.4.4 (tag v0.4.4) over its get_qes() names"
"decon","partylean","qes2014",,"core","get_decon() lookup of qesR 0.4.4 (tag v0.4.4) over its get_qes() names"
"decon","fed_pid","qes2014",,"core","get_decon() lookup of qesR 0.4.4 (tag v0.4.4) over its get_qes() names"
"decon","prov_pid","qes2014",,"core","get_decon() lookup of qesR 0.4.4 (tag v0.4.4) over its get_qes() names"
"decon","ideology","qes2014",,"core","get_decon() lookup of qesR 0.4.4 (tag v0.4.4) over its get_qes() names"
"decon","income","qes2014",,"core","get_decon() lookup of qesR 0.4.4 (tag v0.4.4) over its get_qes() names"
"decon","religion","qes2014",,"core","get_decon() lookup of qesR 0.4.4 (tag v0.4.4) over its get_qes() names"
"decon","born_canada","qes2014",,"core","get_decon() lookup of qesR 0.4.4 (tag v0.4.4) over its get_qes() names"
"decon","citizenship","qes2012",,"core","get_decon() lookup of qesR 0.4.4 (tag v0.4.4) over its get_qes() names"
"decon","yob","qes2012",,"core","get_decon() lookup of qesR 0.4.4 (tag v0.4.4) over its get_qes() names"
"decon","age","qes2012","age","core","get_decon() lookup of qesR 0.4.4 (tag v0.4.4) over its get_qes() names"
"decon","gender","qes2012",,"core","get_decon() lookup of qesR 0.4.4 (tag v0.4.4) over its get_qes() names"
"decon","province_territory","qes2012","regio","core","get_decon() lookup of qesR 0.4.4 (tag v0.4.4) over its get_qes() names"
"decon","education","qes2012",,"core","get_decon() lookup of qesR 0.4.4 (tag v0.4.4) over its get_qes() names"
"decon","political_interest","qes2012",,"core","get_decon() lookup of qesR 0.4.4 (tag v0.4.4) over its get_qes() names"
"decon","turnout","qes2012","q1","core","get_decon() lookup of qesR 0.4.4 (tag v0.4.4) over its get_qes() names"
"decon","votechoice","qes2012","q2","core","get_decon() lookup of qesR 0.4.4 (tag v0.4.4) over its get_qes() names"
"decon","votechoice_text","qes2012",,"core","get_decon() lookup of qesR 0.4.4 (tag v0.4.4) over its get_qes() names"
"decon","party_best","qes2012",,"core","get_decon() lookup of qesR 0.4.4 (tag v0.4.4) over its get_qes() names"
"decon","partylean","qes2012",,"core","get_decon() lookup of qesR 0.4.4 (tag v0.4.4) over its get_qes() names"
"decon","fed_pid","qes2012",,"core","get_decon() lookup of qesR 0.4.4 (tag v0.4.4) over its get_qes() names"
"decon","prov_pid","qes2012",,"core","get_decon() lookup of qesR 0.4.4 (tag v0.4.4) over its get_qes() names"
"decon","ideology","qes2012",,"core","get_decon() lookup of qesR 0.4.4 (tag v0.4.4) over its get_qes() names"
"decon","income","qes2012",,"core","get_decon() lookup of qesR 0.4.4 (tag v0.4.4) over its get_qes() names"
"decon","religion","qes2012",,"core","get_decon() lookup of qesR 0.4.4 (tag v0.4.4) over its get_qes() names"
"decon","born_canada","qes2012",,"core","get_decon() lookup of qesR 0.4.4 (tag v0.4.4) over its get_qes() names"
"decon","citizenship","qes2012_panel",,"core","get_decon() lookup of qesR 0.4.4 (tag v0.4.4) over its get_qes() names"
"decon","yob","qes2012_panel",,"core","get_decon() lookup of qesR 0.4.4 (tag v0.4.4) over its get_qes() names"
"decon","age","qes2012_panel","age","core","get_decon() lookup of qesR 0.4.4 (tag v0.4.4) over its get_qes() names"
"decon","gender","qes2012_panel",,"core","get_decon() lookup of qesR 0.4.4 (tag v0.4.4) over its get_qes() names"
"decon","province_territory","qes2012_panel",,"core","get_decon() lookup of qesR 0.4.4 (tag v0.4.4) over its get_qes() names"
"decon","education","qes2012_panel",,"core","get_decon() lookup of qesR 0.4.4 (tag v0.4.4) over its get_qes() names"
"decon","political_interest","qes2012_panel",,"core","get_decon() lookup of qesR 0.4.4 (tag v0.4.4) over its get_qes() names"
"decon","turnout","qes2012_panel",,"core","get_decon() lookup of qesR 0.4.4 (tag v0.4.4) over its get_qes() names"
"decon","votechoice","qes2012_panel",,"core","get_decon() lookup of qesR 0.4.4 (tag v0.4.4) over its get_qes() names"
"decon","votechoice_text","qes2012_panel",,"core","get_decon() lookup of qesR 0.4.4 (tag v0.4.4) over its get_qes() names"
"decon","party_best","qes2012_panel",,"core","get_decon() lookup of qesR 0.4.4 (tag v0.4.4) over its get_qes() names"
"decon","partylean","qes2012_panel",,"core","get_decon() lookup of qesR 0.4.4 (tag v0.4.4) over its get_qes() names"
"decon","fed_pid","qes2012_panel",,"core","get_decon() lookup of qesR 0.4.4 (tag v0.4.4) over its get_qes() names"
"decon","prov_pid","qes2012_panel",,"core","get_decon() lookup of qesR 0.4.4 (tag v0.4.4) over its get_qes() names"
"decon","ideology","qes2012_panel",,"core","get_decon() lookup of qesR 0.4.4 (tag v0.4.4) over its get_qes() names"
"decon","income","qes2012_panel",,"core","get_decon() lookup of qesR 0.4.4 (tag v0.4.4) over its get_qes() names"
"decon","religion","qes2012_panel",,"core","get_decon() lookup of qesR 0.4.4 (tag v0.4.4) over its get_qes() names"
"decon","born_canada","qes2012_panel",,"core","get_decon() lookup of qesR 0.4.4 (tag v0.4.4) over its get_qes() names"
"decon","citizenship","qes_crop_2007_2010",,"core","get_decon() lookup of qesR 0.4.4 (tag v0.4.4) over its get_qes() names"
"decon","yob","qes_crop_2007_2010",,"core","get_decon() lookup of qesR 0.4.4 (tag v0.4.4) over its get_qes() names"
"decon","age","qes_crop_2007_2010",,"core","get_decon() lookup of qesR 0.4.4 (tag v0.4.4) over its get_qes() names"
"decon","gender","qes_crop_2007_2010",,"core","get_decon() lookup of qesR 0.4.4 (tag v0.4.4) over its get_qes() names"
"decon","province_territory","qes_crop_2007_2010",,"core","get_decon() lookup of qesR 0.4.4 (tag v0.4.4) over its get_qes() names"
"decon","education","qes_crop_2007_2010",,"core","get_decon() lookup of qesR 0.4.4 (tag v0.4.4) over its get_qes() names"
"decon","political_interest","qes_crop_2007_2010",,"core","get_decon() lookup of qesR 0.4.4 (tag v0.4.4) over its get_qes() names"
"decon","turnout","qes_crop_2007_2010",,"core","get_decon() lookup of qesR 0.4.4 (tag v0.4.4) over its get_qes() names"
"decon","votechoice","qes_crop_2007_2010",,"core","get_decon() lookup of qesR 0.4.4 (tag v0.4.4) over its get_qes() names"
"decon","votechoice_text","qes_crop_2007_2010",,"core","get_decon() lookup of qesR 0.4.4 (tag v0.4.4) over its get_qes() names"
"decon","party_best","qes_crop_2007_2010",,"core","get_decon() lookup of qesR 0.4.4 (tag v0.4.4) over its get_qes() names"
"decon","partylean","qes_crop_2007_2010",,"core","get_decon() lookup of qesR 0.4.4 (tag v0.4.4) over its get_qes() names"
"decon","fed_pid","qes_crop_2007_2010",,"core","get_decon() lookup of qesR 0.4.4 (tag v0.4.4) over its get_qes() names"
"decon","prov_pid","qes_crop_2007_2010",,"core","get_decon() lookup of qesR 0.4.4 (tag v0.4.4) over its get_qes() names"
"decon","ideology","qes_crop_2007_2010",,"core","get_decon() lookup of qesR 0.4.4 (tag v0.4.4) over its get_qes() names"
"decon","income","qes_crop_2007_2010",,"core","get_decon() lookup of qesR 0.4.4 (tag v0.4.4) over its get_qes() names"
"decon","religion","qes_crop_2007_2010",,"core","get_decon() lookup of qesR 0.4.4 (tag v0.4.4) over its get_qes() names"
"decon","born_canada","qes_crop_2007_2010",,"core","get_decon() lookup of qesR 0.4.4 (tag v0.4.4) over its get_qes() names"
"decon","citizenship","qes2008",,"core","get_decon() lookup of qesR 0.4.4 (tag v0.4.4) over its get_qes() names"
"decon","yob","qes2008",,"core","get_decon() lookup of qesR 0.4.4 (tag v0.4.4) over its get_qes() names"
"decon","age","qes2008",,"core","get_decon() lookup of qesR 0.4.4 (tag v0.4.4) over its get_qes() names"
"decon","gender","qes2008",,"core","get_decon() lookup of qesR 0.4.4 (tag v0.4.4) over its get_qes() names"
"decon","province_territory","qes2008","regio","core","get_decon() lookup of qesR 0.4.4 (tag v0.4.4) over its get_qes() names"
"decon","education","qes2008",,"core","get_decon() lookup of qesR 0.4.4 (tag v0.4.4) over its get_qes() names"
"decon","political_interest","qes2008",,"core","get_decon() lookup of qesR 0.4.4 (tag v0.4.4) over its get_qes() names"
"decon","turnout","qes2008","q1","core","get_decon() lookup of qesR 0.4.4 (tag v0.4.4) over its get_qes() names"
"decon","votechoice","qes2008",,"core","get_decon() lookup of qesR 0.4.4 (tag v0.4.4) over its get_qes() names"
"decon","votechoice_text","qes2008",,"core","get_decon() lookup of qesR 0.4.4 (tag v0.4.4) over its get_qes() names"
"decon","party_best","qes2008",,"core","get_decon() lookup of qesR 0.4.4 (tag v0.4.4) over its get_qes() names"
"decon","partylean","qes2008",,"core","get_decon() lookup of qesR 0.4.4 (tag v0.4.4) over its get_qes() names"
"decon","fed_pid","qes2008",,"core","get_decon() lookup of qesR 0.4.4 (tag v0.4.4) over its get_qes() names"
"decon","prov_pid","qes2008",,"core","get_decon() lookup of qesR 0.4.4 (tag v0.4.4) over its get_qes() names"
"decon","ideology","qes2008",,"core","get_decon() lookup of qesR 0.4.4 (tag v0.4.4) over its get_qes() names"
"decon","income","qes2008",,"core","get_decon() lookup of qesR 0.4.4 (tag v0.4.4) over its get_qes() names"
"decon","religion","qes2008",,"core","get_decon() lookup of qesR 0.4.4 (tag v0.4.4) over its get_qes() names"
"decon","born_canada","qes2008",,"core","get_decon() lookup of qesR 0.4.4 (tag v0.4.4) over its get_qes() names"
"decon","citizenship","qes2007",,"core","get_decon() lookup of qesR 0.4.4 (tag v0.4.4) over its get_qes() names"
"decon","yob","qes2007",,"core","get_decon() lookup of qesR 0.4.4 (tag v0.4.4) over its get_qes() names"
"decon","age","qes2007",,"core","get_decon() lookup of qesR 0.4.4 (tag v0.4.4) over its get_qes() names"
"decon","gender","qes2007",,"core","get_decon() lookup of qesR 0.4.4 (tag v0.4.4) over its get_qes() names"
"decon","province_territory","qes2007",,"core","get_decon() lookup of qesR 0.4.4 (tag v0.4.4) over its get_qes() names"
"decon","education","qes2007",,"core","get_decon() lookup of qesR 0.4.4 (tag v0.4.4) over its get_qes() names"
"decon","political_interest","qes2007",,"core","get_decon() lookup of qesR 0.4.4 (tag v0.4.4) over its get_qes() names"
"decon","turnout","qes2007","q1","core","get_decon() lookup of qesR 0.4.4 (tag v0.4.4) over its get_qes() names"
"decon","votechoice","qes2007","q2","core","get_decon() lookup of qesR 0.4.4 (tag v0.4.4) over its get_qes() names"
"decon","votechoice_text","qes2007",,"core","get_decon() lookup of qesR 0.4.4 (tag v0.4.4) over its get_qes() names"
"decon","party_best","qes2007",,"core","get_decon() lookup of qesR 0.4.4 (tag v0.4.4) over its get_qes() names"
"decon","partylean","qes2007",,"core","get_decon() lookup of qesR 0.4.4 (tag v0.4.4) over its get_qes() names"
"decon","fed_pid","qes2007",,"core","get_decon() lookup of qesR 0.4.4 (tag v0.4.4) over its get_qes() names"
"decon","prov_pid","qes2007",,"core","get_decon() lookup of qesR 0.4.4 (tag v0.4.4) over its get_qes() names"
"decon","ideology","qes2007",,"core","get_decon() lookup of qesR 0.4.4 (tag v0.4.4) over its get_qes() names"
"decon","income","qes2007",,"core","get_decon() lookup of qesR 0.4.4 (tag v0.4.4) over its get_qes() names"
"decon","religion","qes2007",,"core","get_decon() lookup of qesR 0.4.4 (tag v0.4.4) over its get_qes() names"
"decon","born_canada","qes2007",,"core","get_decon() lookup of qesR 0.4.4 (tag v0.4.4) over its get_qes() names"
"decon","citizenship","qes2007_panel",,"core","get_decon() lookup of qesR 0.4.4 (tag v0.4.4) over its get_qes() names"
"decon","yob","qes2007_panel",,"core","get_decon() lookup of qesR 0.4.4 (tag v0.4.4) over its get_qes() names"
"decon","age","qes2007_panel","age","core","get_decon() lookup of qesR 0.4.4 (tag v0.4.4) over its get_qes() names"
"decon","gender","qes2007_panel",,"core","get_decon() lookup of qesR 0.4.4 (tag v0.4.4) over its get_qes() names"
"decon","province_territory","qes2007_panel",,"core","get_decon() lookup of qesR 0.4.4 (tag v0.4.4) over its get_qes() names"
"decon","education","qes2007_panel",,"core","get_decon() lookup of qesR 0.4.4 (tag v0.4.4) over its get_qes() names"
"decon","political_interest","qes2007_panel",,"core","get_decon() lookup of qesR 0.4.4 (tag v0.4.4) over its get_qes() names"
"decon","turnout","qes2007_panel",,"core","get_decon() lookup of qesR 0.4.4 (tag v0.4.4) over its get_qes() names"
"decon","votechoice","qes2007_panel",,"core","get_decon() lookup of qesR 0.4.4 (tag v0.4.4) over its get_qes() names"
"decon","votechoice_text","qes2007_panel",,"core","get_decon() lookup of qesR 0.4.4 (tag v0.4.4) over its get_qes() names"
"decon","party_best","qes2007_panel",,"core","get_decon() lookup of qesR 0.4.4 (tag v0.4.4) over its get_qes() names"
"decon","partylean","qes2007_panel",,"core","get_decon() lookup of qesR 0.4.4 (tag v0.4.4) over its get_qes() names"
"decon","fed_pid","qes2007_panel",,"core","get_decon() lookup of qesR 0.4.4 (tag v0.4.4) over its get_qes() names"
"decon","prov_pid","qes2007_panel",,"core","get_decon() lookup of qesR 0.4.4 (tag v0.4.4) over its get_qes() names"
"decon","ideology","qes2007_panel",,"core","get_decon() lookup of qesR 0.4.4 (tag v0.4.4) over its get_qes() names"
"decon","income","qes2007_panel",,"core","get_decon() lookup of qesR 0.4.4 (tag v0.4.4) over its get_qes() names"
"decon","religion","qes2007_panel",,"core","get_decon() lookup of qesR 0.4.4 (tag v0.4.4) over its get_qes() names"
"decon","born_canada","qes2007_panel",,"core","get_decon() lookup of qesR 0.4.4 (tag v0.4.4) over its get_qes() names"
"decon","citizenship","qes1998",,"core","get_decon() lookup of qesR 0.4.4 (tag v0.4.4) over its get_qes() names"
"decon","yob","qes1998",,"core","get_decon() lookup of qesR 0.4.4 (tag v0.4.4) over its get_qes() names"
"decon","age","qes1998","age","core","get_decon() lookup of qesR 0.4.4 (tag v0.4.4) over its get_qes() names"
"decon","gender","qes1998",,"core","get_decon() lookup of qesR 0.4.4 (tag v0.4.4) over its get_qes() names"
"decon","province_territory","qes1998",,"core","get_decon() lookup of qesR 0.4.4 (tag v0.4.4) over its get_qes() names"
"decon","education","qes1998",,"core","get_decon() lookup of qesR 0.4.4 (tag v0.4.4) over its get_qes() names"
"decon","political_interest","qes1998",,"core","get_decon() lookup of qesR 0.4.4 (tag v0.4.4) over its get_qes() names"
"decon","turnout","qes1998",,"core","get_decon() lookup of qesR 0.4.4 (tag v0.4.4) over its get_qes() names"
"decon","votechoice","qes1998",,"core","get_decon() lookup of qesR 0.4.4 (tag v0.4.4) over its get_qes() names"
"decon","votechoice_text","qes1998",,"core","get_decon() lookup of qesR 0.4.4 (tag v0.4.4) over its get_qes() names"
"decon","party_best","qes1998",,"core","get_decon() lookup of qesR 0.4.4 (tag v0.4.4) over its get_qes() names"
"decon","partylean","qes1998",,"core","get_decon() lookup of qesR 0.4.4 (tag v0.4.4) over its get_qes() names"
"decon","fed_pid","qes1998",,"core","get_decon() lookup of qesR 0.4.4 (tag v0.4.4) over its get_qes() names"
"decon","prov_pid","qes1998",,"core","get_decon() lookup of qesR 0.4.4 (tag v0.4.4) over its get_qes() names"
"decon","ideology","qes1998",,"core","get_decon() lookup of qesR 0.4.4 (tag v0.4.4) over its get_qes() names"
"decon","income","qes1998",,"core","get_decon() lookup of qesR 0.4.4 (tag v0.4.4) over its get_qes() names"
"decon","religion","qes1998",,"core","get_decon() lookup of qesR 0.4.4 (tag v0.4.4) over its get_qes() names"
"decon","born_canada","qes1998",,"core","get_decon() lookup of qesR 0.4.4 (tag v0.4.4) over its get_qes() names"
