column,study,wave,value,na_reason,n
citizenship,qes1998,*,,not_asked,1483
citizenship,qes2007,*,,not_asked,2175
citizenship,qes2007_panel,*,,not_asked,2442
citizenship,qes2008,*,,not_asked,1151
citizenship,qes2012,*,,not_asked,1505
citizenship,qes2012_panel,*,,not_asked,844
citizenship,qes2014,*,,not_asked,1517
citizenship,qes2018,*,,not_asked,3072
citizenship,qes2018_panel,*,citizen,,1250
citizenship,qes2022,*,citizen,,1521
citizenship,qes_crop_2007_2010,*,,not_asked,24027
yob,qes1998,*,,not_asked,1483
yob,qes2007,*,1919,,1
yob,qes2007,*,1921,,1
yob,qes2007,*,1922,,2
yob,qes2007,*,1923,,1
yob,qes2007,*,1924,,7
yob,qes2007,*,1925,,2
yob,qes2007,*,1926,,6
yob,qes2007,*,1927,,2
yob,qes2007,*,1928,,10
yob,qes2007,*,1929,,8
yob,qes2007,*,1930,,6
yob,qes2007,*,1931,,10
yob,qes2007,*,1932,,9
yob,qes2007,*,1933,,14
yob,qes2007,*,1934,,18
yob,qes2007,*,1935,,20
yob,qes2007,*,1936,,13
yob,qes2007,*,1937,,23
yob,qes2007,*,1938,,23
yob,qes2007,*,1939,,18
yob,qes2007,*,1940,,36
yob,qes2007,*,1941,,40
yob,qes2007,*,1942,,44
yob,qes2007,*,1943,,35
yob,qes2007,*,1944,,56
yob,qes2007,*,1945,,55
yob,qes2007,*,1946,,55
yob,qes2007,*,1947,,59
yob,qes2007,*,1948,,72
yob,qes2007,*,1949,,63
yob,qes2007,*,1950,,50
yob,qes2007,*,1951,,46
yob,qes2007,*,1952,,26
yob,qes2007,*,1953,,38
yob,qes2007,*,1954,,41
yob,qes2007,*,1955,,49
yob,qes2007,*,1956,,36
yob,qes2007,*,1957,,40
yob,qes2007,*,1958,,46
yob,qes2007,*,1959,,45
yob,qes2007,*,1960,,34
yob,qes2007,*,1961,,53
yob,qes2007,*,1962,,40
yob,qes2007,*,1963,,34
yob,qes2007,*,1964,,34
yob,qes2007,*,1965,,32
yob,qes2007,*,1966,,40
yob,qes2007,*,1967,,33
yob,qes2007,*,1968,,31
yob,qes2007,*,1969,,29
yob,qes2007,*,1970,,24
yob,qes2007,*,1971,,27
yob,qes2007,*,1972,,36
yob,qes2007,*,1973,,38
yob,qes2007,*,1974,,39
yob,qes2007,*,1975,,53
yob,qes2007,*,1976,,32
yob,qes2007,*,1977,,46
yob,qes2007,*,1978,,30
yob,qes2007,*,1979,,48
yob,qes2007,*,1980,,39
yob,qes2007,*,1981,,40
yob,qes2007,*,1982,,38
yob,qes2007,*,1983,,27
yob,qes2007,*,1984,,37
yob,qes2007,*,1985,,31
yob,qes2007,*,1986,,27
yob,qes2007,*,1987,,25
yob,qes2007,*,1988,,10
yob,qes2007,*,1989,,2
yob,qes2007,*,,refused,40
yob,qes2007_panel,*,,not_asked,2442
yob,qes2008,*,1922,,1
yob,qes2008,*,1926,,1
yob,qes2008,*,1928,,3
yob,qes2008,*,1929,,2
yob,qes2008,*,1930,,4
yob,qes2008,*,1931,,3
yob,qes2008,*,1932,,5
yob,qes2008,*,1933,,3
yob,qes2008,*,1934,,9
yob,qes2008,*,1935,,10
yob,qes2008,*,1936,,14
yob,qes2008,*,1937,,18
yob,qes2008,*,1938,,20
yob,qes2008,*,1939,,27
yob,qes2008,*,1940,,23
yob,qes2008,*,1941,,14
yob,qes2008,*,1942,,26
yob,qes2008,*,1943,,34
yob,qes2008,*,1944,,7
yob,qes2008,*,1945,,25
yob,qes2008,*,1946,,13
yob,qes2008,*,1947,,18
yob,qes2008,*,1948,,16
yob,qes2008,*,1949,,18
yob,qes2008,*,1950,,14
yob,qes2008,*,1951,,16
yob,qes2008,*,1952,,23
yob,qes2008,*,1953,,20
yob,qes2008,*,1954,,27
yob,qes2008,*,1955,,17
yob,qes2008,*,1956,,21
yob,qes2008,*,1957,,21
yob,qes2008,*,1958,,32
yob,qes2008,*,1959,,16
yob,qes2008,*,1960,,34
yob,qes2008,*,1961,,16
yob,qes2008,*,1962,,27
yob,qes2008,*,1963,,27
yob,qes2008,*,1964,,37
yob,qes2008,*,1965,,27
yob,qes2008,*,1966,,19
yob,qes2008,*,1967,,26
yob,qes2008,*,1968,,23
yob,qes2008,*,1969,,27
yob,qes2008,*,1970,,25
yob,qes2008,*,1971,,13
yob,qes2008,*,1972,,24
yob,qes2008,*,1973,,18
yob,qes2008,*,1974,,19
yob,qes2008,*,1975,,19
yob,qes2008,*,1976,,17
yob,qes2008,*,1977,,19
yob,qes2008,*,1978,,21
yob,qes2008,*,1979,,18
yob,qes2008,*,1980,,16
yob,qes2008,*,1981,,17
yob,qes2008,*,1982,,11
yob,qes2008,*,1983,,14
yob,qes2008,*,1984,,18
yob,qes2008,*,1985,,15
yob,qes2008,*,1986,,15
yob,qes2008,*,1987,,12
yob,qes2008,*,1988,,16
yob,qes2008,*,1989,,9
yob,qes2008,*,1990,,5
yob,qes2008,*,,refused,26
yob,qes2012,*,1928,,1
yob,qes2012,*,1929,,1
yob,qes2012,*,1930,,1
yob,qes2012,*,1932,,3
yob,qes2012,*,1933,,2
yob,qes2012,*,1934,,5
yob,qes2012,*,1935,,1
yob,qes2012,*,1936,,4
yob,qes2012,*,1937,,5
yob,qes2012,*,1938,,7
yob,qes2012,*,1939,,4
yob,qes2012,*,1940,,8
yob,qes2012,*,1941,,15
yob,qes2012,*,1942,,13
yob,qes2012,*,1943,,13
yob,qes2012,*,1944,,14
yob,qes2012,*,1945,,20
yob,qes2012,*,1946,,17
yob,qes2012,*,1947,,17
yob,qes2012,*,1948,,13
yob,qes2012,*,1949,,18
yob,qes2012,*,1950,,19
yob,qes2012,*,1951,,19
yob,qes2012,*,1952,,15
yob,qes2012,*,1953,,19
yob,qes2012,*,1954,,16
yob,qes2012,*,1955,,13
yob,qes2012,*,1956,,20
yob,qes2012,*,1957,,14
yob,qes2012,*,1958,,40
yob,qes2012,*,1959,,30
yob,qes2012,*,1960,,32
yob,qes2012,*,1961,,29
yob,qes2012,*,1962,,30
yob,qes2012,*,1963,,50
yob,qes2012,*,1964,,38
yob,qes2012,*,1965,,24
yob,qes2012,*,1966,,21
yob,qes2012,*,1967,,21
yob,qes2012,*,1968,,36
yob,qes2012,*,1969,,32
yob,qes2012,*,1970,,26
yob,qes2012,*,1971,,23
yob,qes2012,*,1972,,30
yob,qes2012,*,1973,,32
yob,qes2012,*,1974,,25
yob,qes2012,*,1975,,37
yob,qes2012,*,1976,,50
yob,qes2012,*,1977,,37
yob,qes2012,*,1978,,32
yob,qes2012,*,1979,,22
yob,qes2012,*,1980,,40
yob,qes2012,*,1981,,37
yob,qes2012,*,1982,,34
yob,qes2012,*,1983,,28
yob,qes2012,*,1984,,33
yob,qes2012,*,1985,,24
yob,qes2012,*,1986,,29
yob,qes2012,*,1987,,26
yob,qes2012,*,1988,,47
yob,qes2012,*,1989,,34
yob,qes2012,*,1990,,42
yob,qes2012,*,1991,,46
yob,qes2012,*,1992,,27
yob,qes2012,*,1993,,23
yob,qes2012,*,1994,,21
yob,qes2012_panel,*,,not_asked,844
yob,qes2014,*,1926,,1
yob,qes2014,*,1929,,1
yob,qes2014,*,1930,,2
yob,qes2014,*,1931,,3
yob,qes2014,*,1932,,2
yob,qes2014,*,1933,,4
yob,qes2014,*,1934,,3
yob,qes2014,*,1935,,4
yob,qes2014,*,1936,,9
yob,qes2014,*,1937,,5
yob,qes2014,*,1938,,7
yob,qes2014,*,1939,,18
yob,qes2014,*,1940,,11
yob,qes2014,*,1941,,8
yob,qes2014,*,1942,,23
yob,qes2014,*,1943,,14
yob,qes2014,*,1944,,25
yob,qes2014,*,1945,,29
yob,qes2014,*,1946,,18
yob,qes2014,*,1947,,36
yob,qes2014,*,1948,,35
yob,qes2014,*,1949,,29
yob,qes2014,*,1950,,31
yob,qes2014,*,1951,,13
yob,qes2014,*,1952,,24
yob,qes2014,*,1953,,31
yob,qes2014,*,1954,,27
yob,qes2014,*,1955,,24
yob,qes2014,*,1956,,25
yob,qes2014,*,1957,,20
yob,qes2014,*,1958,,24
yob,qes2014,*,1959,,24
yob,qes2014,*,1960,,40
yob,qes2014,*,1961,,31
yob,qes2014,*,1962,,30
yob,qes2014,*,1963,,40
yob,qes2014,*,1964,,40
yob,qes2014,*,1965,,29
yob,qes2014,*,1966,,27
yob,qes2014,*,1967,,27
yob,qes2014,*,1968,,35
yob,qes2014,*,1969,,31
yob,qes2014,*,1970,,21
yob,qes2014,*,1971,,37
yob,qes2014,*,1972,,22
yob,qes2014,*,1973,,19
yob,qes2014,*,1974,,24
yob,qes2014,*,1975,,24
yob,qes2014,*,1976,,19
yob,qes2014,*,1977,,29
yob,qes2014,*,1978,,27
yob,qes2014,*,1979,,37
yob,qes2014,*,1980,,21
yob,qes2014,*,1981,,21
yob,qes2014,*,1982,,18
yob,qes2014,*,1983,,25
yob,qes2014,*,1984,,26
yob,qes2014,*,1985,,21
yob,qes2014,*,1986,,18
yob,qes2014,*,1987,,15
yob,qes2014,*,1988,,16
yob,qes2014,*,1989,,23
yob,qes2014,*,1990,,54
yob,qes2014,*,1991,,28
yob,qes2014,*,1992,,34
yob,qes2014,*,1993,,35
yob,qes2014,*,1994,,23
yob,qes2014,*,1995,,20
yob,qes2018,*,1922,,1
yob,qes2018,*,1925,,1
yob,qes2018,*,1926,,1
yob,qes2018,*,1927,,2
yob,qes2018,*,1929,,1
yob,qes2018,*,1930,,2
yob,qes2018,*,1931,,7
yob,qes2018,*,1932,,2
yob,qes2018,*,1933,,8
yob,qes2018,*,1934,,11
yob,qes2018,*,1935,,14
yob,qes2018,*,1936,,9
yob,qes2018,*,1937,,19
yob,qes2018,*,1938,,26
yob,qes2018,*,1939,,32
yob,qes2018,*,1940,,35
yob,qes2018,*,1941,,34
yob,qes2018,*,1942,,51
yob,qes2018,*,1943,,70
yob,qes2018,*,1944,,72
yob,qes2018,*,1945,,36
yob,qes2018,*,1946,,45
yob,qes2018,*,1947,,50
yob,qes2018,*,1948,,46
yob,qes2018,*,1949,,45
yob,qes2018,*,1950,,44
yob,qes2018,*,1951,,53
yob,qes2018,*,1952,,48
yob,qes2018,*,1953,,62
yob,qes2018,*,1954,,49
yob,qes2018,*,1955,,62
yob,qes2018,*,1956,,51
yob,qes2018,*,1957,,70
yob,qes2018,*,1958,,48
yob,qes2018,*,1959,,42
yob,qes2018,*,1960,,68
yob,qes2018,*,1961,,93
yob,qes2018,*,1962,,61
yob,qes2018,*,1963,,61
yob,qes2018,*,1964,,57
yob,qes2018,*,1965,,27
yob,qes2018,*,1966,,29
yob,qes2018,*,1967,,29
yob,qes2018,*,1968,,36
yob,qes2018,*,1969,,21
yob,qes2018,*,1970,,23
yob,qes2018,*,1971,,16
yob,qes2018,*,1972,,29
yob,qes2018,*,1973,,25
yob,qes2018,*,1974,,27
yob,qes2018,*,1975,,12
yob,qes2018,*,1976,,32
yob,qes2018,*,1977,,28
yob,qes2018,*,1978,,31
yob,qes2018,*,1979,,39
yob,qes2018,*,1980,,34
yob,qes2018,*,1981,,14
yob,qes2018,*,1982,,19
yob,qes2018,*,1983,,18
yob,qes2018,*,1984,,9
yob,qes2018,*,1985,,38
yob,qes2018,*,1986,,50
yob,qes2018,*,1987,,49
yob,qes2018,*,1988,,55
yob,qes2018,*,1989,,48
yob,qes2018,*,1990,,52
yob,qes2018,*,1991,,49
yob,qes2018,*,1992,,48
yob,qes2018,*,1993,,32
yob,qes2018,*,1994,,43
yob,qes2018,*,1995,,46
yob,qes2018,*,1996,,37
yob,qes2018,*,1997,,40
yob,qes2018,*,1998,,30
yob,qes2018,*,1999,,32
yob,qes2018,*,2000,,166
yob,qes2018,*,2001,,134
yob,qes2018,*,2002,,95
yob,qes2018,*,,refused,41
yob,qes2018_panel,*,,not_asked,1250
yob,qes2022,*,1931,,1
yob,qes2022,*,1934,,1
yob,qes2022,*,1935,,1
yob,qes2022,*,1936,,2
yob,qes2022,*,1938,,3
yob,qes2022,*,1939,,2
yob,qes2022,*,1940,,2
yob,qes2022,*,1941,,8
yob,qes2022,*,1942,,14
yob,qes2022,*,1943,,14
yob,qes2022,*,1944,,18
yob,qes2022,*,1945,,11
yob,qes2022,*,1946,,19
yob,qes2022,*,1947,,26
yob,qes2022,*,1948,,23
yob,qes2022,*,1949,,35
yob,qes2022,*,1950,,28
yob,qes2022,*,1951,,34
yob,qes2022,*,1952,,26
yob,qes2022,*,1953,,18
yob,qes2022,*,1954,,20
yob,qes2022,*,1955,,28
yob,qes2022,*,1956,,22
yob,qes2022,*,1957,,28
yob,qes2022,*,1958,,29
yob,qes2022,*,1959,,27
yob,qes2022,*,1960,,39
yob,qes2022,*,1961,,27
yob,qes2022,*,1962,,29
yob,qes2022,*,1963,,31
yob,qes2022,*,1964,,26
yob,qes2022,*,1965,,16
yob,qes2022,*,1966,,19
yob,qes2022,*,1967,,26
yob,qes2022,*,1968,,30
yob,qes2022,*,1969,,30
yob,qes2022,*,1970,,19
yob,qes2022,*,1971,,25
yob,qes2022,*,1972,,17
yob,qes2022,*,1973,,22
yob,qes2022,*,1974,,20
yob,qes2022,*,1975,,19
yob,qes2022,*,1976,,24
yob,qes2022,*,1977,,22
yob,qes2022,*,1978,,37
yob,qes2022,*,1979,,32
yob,qes2022,*,1980,,35
yob,qes2022,*,1981,,18
yob,qes2022,*,1982,,31
yob,qes2022,*,1983,,24
yob,qes2022,*,1984,,22
yob,qes2022,*,1985,,22
yob,qes2022,*,1986,,14
yob,qes2022,*,1987,,19
yob,qes2022,*,1988,,31
yob,qes2022,*,1989,,16
yob,qes2022,*,1990,,27
yob,qes2022,*,1991,,26
yob,qes2022,*,1992,,42
yob,qes2022,*,1993,,23
yob,qes2022,*,1994,,26
yob,qes2022,*,1995,,23
yob,qes2022,*,1996,,32
yob,qes2022,*,1997,,23
yob,qes2022,*,1998,,20
yob,qes2022,*,1999,,27
yob,qes2022,*,2000,,26
yob,qes2022,*,2001,,16
yob,qes2022,*,2002,,10
yob,qes2022,*,2003,,11
yob,qes2022,*,2004,,5
yob,qes2022,*,,no_answer,2
yob,qes_crop_2007_2010,*,,not_asked,24027
age_group,qes1998,*,a18_34,,375
age_group,qes1998,*,a35_54,,694
age_group,qes1998,*,a55_plus,,413
age_group,qes1998,*,,dk_refused,1
age_group,qes2007,*,a18_34,,562
age_group,qes2007,*,a35_54,,742
age_group,qes2007,*,a55_plus,,831
age_group,qes2007,*,,refused,40
age_group,qes2007_panel,*,a18_34,,528
age_group,qes2007_panel,*,a35_54,,1065
age_group,qes2007_panel,*,a55_plus,,847
age_group,qes2007_panel,*,,not_in_wave,1
age_group,qes2007_panel,*,,sysmis,1
age_group,qes2008,*,a18_34,,266
age_group,qes2008,*,a35_54,,484
age_group,qes2008,*,a55_plus,,401
age_group,qes2012,*,a18_34,,545
age_group,qes2012,*,a35_54,,643
age_group,qes2012,*,a55_plus,,317
age_group,qes2012_panel,*,a18_34,,127
age_group,qes2012_panel,*,a35_54,,339
age_group,qes2012_panel,*,a55_plus,,378
age_group,qes2014,*,a18_34,,398
age_group,qes2014,*,a35_54,,589
age_group,qes2014,*,a55_plus,,530
age_group,qes2018,*,a18_34,,810
age_group,qes2018,*,a35_54,,558
age_group,qes2018,*,a55_plus,,1449
age_group,qes2018,*,,ineligible,255
age_group,qes2018_panel,*,a18_34,,246
age_group,qes2018_panel,*,a35_54,,453
age_group,qes2018_panel,*,a55_plus,,551
age_group,qes2022,*,a18_34,,385
age_group,qes2022,*,a35_54,,491
age_group,qes2022,*,a55_plus,,645
age_group,qes_crop_2007_2010,*,a18_34,,5323
age_group,qes_crop_2007_2010,*,a35_54,,10188
age_group,qes_crop_2007_2010,*,a55_plus,,8466
age_group,qes_crop_2007_2010,*,,sysmis,50
gender,qes1998,*,man,,670
gender,qes1998,*,woman,,813
gender,qes2007,*,man,,937
gender,qes2007,*,woman,,1238
gender,qes2007_panel,*,man,,1039
gender,qes2007_panel,*,woman,,1401
gender,qes2007_panel,*,,not_in_wave,1
gender,qes2007_panel,*,,sysmis,1
gender,qes2008,*,man,,532
gender,qes2008,*,woman,,619
gender,qes2012,*,man,,765
gender,qes2012,*,woman,,740
gender,qes2012_panel,*,man,,336
gender,qes2012_panel,*,woman,,508
gender,qes2014,*,man,,836
gender,qes2014,*,woman,,681
gender,qes2018,*,man,,1486
gender,qes2018,*,woman,,1586
gender,qes2018_panel,*,man,,610
gender,qes2018_panel,*,woman,,640
gender,qes2022,*,man,,724
gender,qes2022,*,nonbinary,,5
gender,qes2022,*,other,,1
gender,qes2022,*,woman,,791
gender,qes_crop_2007_2010,*,man,,9540
gender,qes_crop_2007_2010,*,woman,,13484
gender,qes_crop_2007_2010,*,,sysmis,1003
education,qes1998,*,,dk_refused,11
education,qes1998,*,,not_mappable,1393
education,qes1998,*,,sysmis,79
education,qes2007,*,college,,633
education,qes2007,*,high_school,,355
education,qes2007,*,no_diploma,,195
education,qes2007,*,university,,975
education,qes2007,*,,dk,2
education,qes2007,*,,refused,15
education,qes2007_panel,*,college,,684
education,qes2007_panel,*,high_school,,761
education,qes2007_panel,*,no_diploma,,154
education,qes2007_panel,*,university,,830
education,qes2007_panel,*,,not_asked,1
education,qes2007_panel,*,,refused,11
education,qes2007_panel,*,,sysmis,1
education,qes2008,*,college,,346
education,qes2008,*,high_school,,202
education,qes2008,*,no_diploma,,53
education,qes2008,*,university,,540
education,qes2008,*,,refused,10
education,qes2012,*,college,,515
education,qes2012,*,high_school,,225
education,qes2012,*,no_diploma,,73
education,qes2012,*,university,,687
education,qes2012,*,,dk,2
education,qes2012,*,,refused,3
education,qes2012_panel,*,,not_asked,844
education,qes2014,*,college,,476
education,qes2014,*,high_school,,252
education,qes2014,*,no_diploma,,94
education,qes2014,*,university,,685
education,qes2014,*,,refused,10
education,qes2018,*,college,,1089
education,qes2018,*,high_school,,457
education,qes2018,*,no_diploma,,322
education,qes2018,*,university,,1181
education,qes2018,*,,refused,23
education,qes2018_panel,*,college,,430
education,qes2018_panel,*,high_school,,193
education,qes2018_panel,*,no_diploma,,70
education,qes2018_panel,*,university,,554
education,qes2018_panel,*,,dk_refused,3
education,qes2022,*,college,,493
education,qes2022,*,high_school,,219
education,qes2022,*,no_diploma,,63
education,qes2022,*,university,,746
education,qes_crop_2007_2010,*,college,,6996
education,qes_crop_2007_2010,*,high_school,,6988
education,qes_crop_2007_2010,*,no_diploma,,1125
education,qes_crop_2007_2010,*,university,,8742
education,qes_crop_2007_2010,*,,refused,79
education,qes_crop_2007_2010,*,,sysmis,97
income_cat,qes1998,*,,not_asked,1483
income_cat,qes2007,*,high,,635
income_cat,qes2007,*,low,,671
income_cat,qes2007,*,middle,,575
income_cat,qes2007,*,,dk,39
income_cat,qes2007,*,,refused,255
income_cat,qes2007_panel,*,high,,800
income_cat,qes2007_panel,*,low,,746
income_cat,qes2007_panel,*,middle,,486
income_cat,qes2007_panel,*,,dk_refused,408
income_cat,qes2007_panel,*,,not_asked,1
income_cat,qes2007_panel,*,,sysmis,1
income_cat,qes2008,*,high,,371
income_cat,qes2008,*,low,,286
income_cat,qes2008,*,middle,,316
income_cat,qes2008,*,,dk,11
income_cat,qes2008,*,,refused,167
income_cat,qes2012,*,high,,411
income_cat,qes2012,*,low,,391
income_cat,qes2012,*,middle,,555
income_cat,qes2012,*,,dk,12
income_cat,qes2012,*,,refused,136
income_cat,qes2012_panel,*,,not_asked,844
income_cat,qes2014,*,high,,514
income_cat,qes2014,*,low,,404
income_cat,qes2014,*,middle,,410
income_cat,qes2014,*,,refused,189
income_cat,qes2018,*,high,,895
income_cat,qes2018,*,low,,774
income_cat,qes2018,*,middle,,807
income_cat,qes2018,*,,refused,326
income_cat,qes2018,*,,sysmis,270
income_cat,qes2018_panel,*,high,,404
income_cat,qes2018_panel,*,low,,313
income_cat,qes2018_panel,*,middle,,383
income_cat,qes2018_panel,*,,dk_refused,150
income_cat,qes2022,*,high,,497
income_cat,qes2022,*,low,,521
income_cat,qes2022,*,middle,,493
income_cat,qes2022,*,,no_answer,10
income_cat,qes_crop_2007_2010,*,high,,5785
income_cat,qes_crop_2007_2010,*,low,,6736
income_cat,qes_crop_2007_2010,*,middle,,7578
income_cat,qes_crop_2007_2010,*,,dk_refused,3831
income_cat,qes_crop_2007_2010,*,,sysmis,97
language,qes1998,*,french,,1057
language,qes1998,*,,not_mappable,426
language,qes2007,*,english,,175
language,qes2007,*,french,,1925
language,qes2007,*,other,,72
language,qes2007,*,,dk_refused,3
language,qes2007_panel,*,english,,165
language,qes2007_panel,*,french,,2083
language,qes2007_panel,*,other,,186
language,qes2007_panel,*,,dk_refused,6
language,qes2007_panel,*,,not_in_wave,1
language,qes2007_panel,*,,sysmis,1
language,qes2008,*,english,,138
language,qes2008,*,french,,965
language,qes2008,*,other,,48
language,qes2012,*,english,,108
language,qes2012,*,french,,1264
language,qes2012,*,other,,133
language,qes2012_panel,*,english,,41
language,qes2012_panel,*,french,,751
language,qes2012_panel,*,other,,52
language,qes2014,*,english,,226
language,qes2014,*,french,,1224
language,qes2014,*,other,,67
language,qes2018,*,english,,447
language,qes2018,*,french,,2437
language,qes2018,*,other,,187
language,qes2018,*,,dk,1
language,qes2018_panel,*,english,,183
language,qes2018_panel,*,french,,998
language,qes2018_panel,*,other,,68
language,qes2018_panel,*,,dk_refused,1
language,qes2022,*,english,,121
language,qes2022,*,french,,1352
language,qes2022,*,other,,48
language,qes_crop_2007_2010,*,english,,1434
language,qes_crop_2007_2010,*,french,,20817
language,qes_crop_2007_2010,*,other,,1636
language,qes_crop_2007_2010,*,,dk_refused,43
language,qes_crop_2007_2010,*,,sysmis,97
language_fr,qes1998,*,yes,,1057
language_fr,qes1998,*,,not_mappable,426
language_fr,qes2007,*,no,,247
language_fr,qes2007,*,yes,,1925
language_fr,qes2007,*,,dk_refused,3
language_fr,qes2007_panel,*,no,,351
language_fr,qes2007_panel,*,yes,,2083
language_fr,qes2007_panel,*,,dk_refused,6
language_fr,qes2007_panel,*,,not_in_wave,1
language_fr,qes2007_panel,*,,sysmis,1
language_fr,qes2008,*,no,,186
language_fr,qes2008,*,yes,,965
language_fr,qes2012,*,no,,241
language_fr,qes2012,*,yes,,1264
language_fr,qes2012_panel,*,no,,93
language_fr,qes2012_panel,*,yes,,751
language_fr,qes2014,*,no,,293
language_fr,qes2014,*,yes,,1224
language_fr,qes2018,*,no,,634
language_fr,qes2018,*,yes,,2437
language_fr,qes2018,*,,dk,1
language_fr,qes2018_panel,*,no,,251
language_fr,qes2018_panel,*,yes,,998
language_fr,qes2018_panel,*,,dk_refused,1
language_fr,qes2022,*,no,,169
language_fr,qes2022,*,yes,,1352
language_fr,qes_crop_2007_2010,*,no,,3070
language_fr,qes_crop_2007_2010,*,yes,,20817
language_fr,qes_crop_2007_2010,*,,dk_refused,43
language_fr,qes_crop_2007_2010,*,,sysmis,97
language_eng,qes1998,*,no,,1057
language_eng,qes1998,*,,not_mappable,426
language_eng,qes2007,*,no,,1964
language_eng,qes2007,*,yes,,208
language_eng,qes2007,*,,dk_refused,3
language_eng,qes2007_panel,*,no,,2269
language_eng,qes2007_panel,*,yes,,165
language_eng,qes2007_panel,*,,dk_refused,6
language_eng,qes2007_panel,*,,not_in_wave,1
language_eng,qes2007_panel,*,,sysmis,1
language_eng,qes2008,*,no,,1013
language_eng,qes2008,*,yes,,138
language_eng,qes2012,*,no,,1397
language_eng,qes2012,*,yes,,108
language_eng,qes2012_panel,*,no,,803
language_eng,qes2012_panel,*,yes,,41
language_eng,qes2014,*,no,,1218
language_eng,qes2014,*,yes,,299
language_eng,qes2018,*,no,,2624
language_eng,qes2018,*,yes,,447
language_eng,qes2018,*,,dk,1
language_eng,qes2018_panel,*,no,,1066
language_eng,qes2018_panel,*,yes,,183
language_eng,qes2018_panel,*,,dk_refused,1
language_eng,qes2022,*,no,,1268
language_eng,qes2022,*,yes,,253
language_eng,qes_crop_2007_2010,*,no,,22453
language_eng,qes_crop_2007_2010,*,yes,,1434
language_eng,qes_crop_2007_2010,*,,dk_refused,43
language_eng,qes_crop_2007_2010,*,,sysmis,97
religion,qes1998,*,,not_asked,1483
religion,qes2007,*,,not_asked,2175
religion,qes2007_panel,*,,not_asked,2442
religion,qes2008,*,,not_asked,1151
religion,qes2012,*,catholic,,519
religion,qes2012,*,none,,842
religion,qes2012,*,other,,42
religion,qes2012,*,other_christian,,28
religion,qes2012,*,protestant,,38
religion,qes2012,*,,refused,36
religion,qes2012_panel,*,,not_asked,844
religion,qes2014,*,catholic,,492
religion,qes2014,*,none,,845
religion,qes2014,*,other,,50
religion,qes2014,*,other_christian,,29
religion,qes2014,*,protestant,,48
religion,qes2014,*,,refused,53
religion,qes2018,*,catholic,,941
religion,qes2018,*,none,,1737
religion,qes2018,*,other,,115
religion,qes2018,*,other_christian,,59
religion,qes2018,*,protestant,,108
religion,qes2018,*,,refused,112
religion,qes2018_panel,*,,not_asked,1250
religion,qes2022,*,catholic,,705
religion,qes2022,*,none,,656
religion,qes2022,*,other,,82
religion,qes2022,*,other_christian,,21
religion,qes2022,*,protestant,,55
religion,qes2022,*,,no_answer,2
religion,qes_crop_2007_2010,*,,not_asked,24027
marital,qes1998,*,,not_asked,1483
marital,qes2007,*,,not_asked,2175
marital,qes2007_panel,*,,not_asked,2442
marital,qes2008,*,,not_asked,1151
marital,qes2012,*,married,,805
marital,qes2012,*,never_married,,537
marital,qes2012,*,separated_divorced,,115
marital,qes2012,*,widowed,,32
marital,qes2012,*,,refused,16
marital,qes2012_panel,*,,not_asked,844
marital,qes2014,*,married,,841
marital,qes2014,*,never_married,,469
marital,qes2014,*,separated_divorced,,146
marital,qes2014,*,widowed,,45
marital,qes2014,*,,refused,16
marital,qes2018,*,married,,1614
marital,qes2018,*,never_married,,1037
marital,qes2018,*,separated_divorced,,265
marital,qes2018,*,widowed,,127
marital,qes2018,*,,refused,29
marital,qes2018_panel,*,,not_asked,1250
marital,qes2022,*,married,,767
marital,qes2022,*,never_married,,304
marital,qes2022,*,separated_divorced,,126
marital,qes2022,*,widowed,,23
marital,qes2022,*,,not_asked,301
marital,qes_crop_2007_2010,*,,not_asked,24027
employment,qes1998,*,,not_mappable,1404
employment,qes1998,*,,sysmis,79
employment,qes2007,*,other,,123
employment,qes2007,*,retired,,557
employment,qes2007,*,student,,157
employment,qes2007,*,unemployed,,71
employment,qes2007,*,working,,1249
employment,qes2007,*,,refused,18
employment,qes2007_panel,*,other,,150
employment,qes2007_panel,*,retired,,593
employment,qes2007_panel,*,student,,131
employment,qes2007_panel,*,unemployed,,59
employment,qes2007_panel,*,working,,1504
employment,qes2007_panel,*,,not_asked,1
employment,qes2007_panel,*,,refused,3
employment,qes2007_panel,*,,sysmis,1
employment,qes2008,*,other,,55
employment,qes2008,*,retired,,290
employment,qes2008,*,student,,71
employment,qes2008,*,unemployed,,38
employment,qes2008,*,working,,685
employment,qes2008,*,,refused,12
employment,qes2012,*,other,,93
employment,qes2012,*,retired,,227
employment,qes2012,*,student,,195
employment,qes2012,*,unemployed,,63
employment,qes2012,*,working,,910
employment,qes2012,*,,refused,17
employment,qes2012_panel,*,,not_asked,844
employment,qes2014,*,other,,98
employment,qes2014,*,retired,,354
employment,qes2014,*,student,,163
employment,qes2014,*,unemployed,,48
employment,qes2014,*,working,,831
employment,qes2014,*,,refused,23
employment,qes2018,*,other,,149
employment,qes2018,*,retired,,1033
employment,qes2018,*,student,,537
employment,qes2018,*,unemployed,,66
employment,qes2018,*,working,,1272
employment,qes2018,*,,refused,15
employment,qes2018_panel,*,other,,65
employment,qes2018_panel,*,retired,,247
employment,qes2018_panel,*,student,,30
employment,qes2018_panel,*,unemployed,,23
employment,qes2018_panel,*,working,,479
employment,qes2018_panel,*,,dk_refused,406
employment,qes2022,*,other,,65
employment,qes2022,*,retired,,393
employment,qes2022,*,student,,57
employment,qes2022,*,unemployed,,24
employment,qes2022,*,working,,681
employment,qes2022,*,,not_asked,301
employment,qes_crop_2007_2010,*,other,,1475
employment,qes_crop_2007_2010,*,retired,,5795
employment,qes_crop_2007_2010,*,student,,1160
employment,qes_crop_2007_2010,*,unemployed,,702
employment,qes_crop_2007_2010,*,working,,14836
employment,qes_crop_2007_2010,*,,refused,59
region,qes1998,*,,not_asked,1483
region,qes2007,*,mtl_cma,,873
region,qes2007,*,quebec_cma,,601
region,qes2007,*,rest,,701
region,qes2007_panel,*,mtl_cma,,1251
region,qes2007_panel,*,quebec_cma,,213
region,qes2007_panel,*,rest,,977
region,qes2007_panel,*,,not_asked,1
region,qes2008,*,mtl_cma,,433
region,qes2008,*,quebec_cma,,360
region,qes2008,*,rest,,358
region,qes2012,*,mtl_cma,,716
region,qes2012,*,quebec_cma,,145
region,qes2012,*,rest,,644
region,qes2012_panel,*,mtl_cma,,422
region,qes2012_panel,*,quebec_cma,,162
region,qes2012_panel,*,rest,,260
region,qes2014,*,mtl_cma,,763
region,qes2014,*,quebec_cma,,140
region,qes2014,*,rest,,614
region,qes2018,*,mtl_cma,,1532
region,qes2018,*,quebec_cma,,324
region,qes2018,*,rest,,1216
region,qes2018_panel,*,mtl_cma,,632
region,qes2018_panel,*,quebec_cma,,271
region,qes2018_panel,*,rest,,347
region,qes2022,*,,not_asked,1521
region,qes_crop_2007_2010,*,mtl_cma,,12017
region,qes_crop_2007_2010,*,quebec_cma,,4806
region,qes_crop_2007_2010,*,rest,,7204
region_admin,qes1998,*,,not_asked,1483
region_admin,qes2007,*,abitibi_temiscamingue,,27
region_admin,qes2007,*,bas_saint_laurent,,35
region_admin,qes2007,*,capitale_nationale,,522
region_admin,qes2007,*,centre_du_quebec,,49
region_admin,qes2007,*,chaudiere_appalaches,,142
region_admin,qes2007,*,cote_nord,,21
region_admin,qes2007,*,estrie,,78
region_admin,qes2007,*,gaspesie_iles,,26
region_admin,qes2007,*,lanaudiere,,107
region_admin,qes2007,*,laurentides,,99
region_admin,qes2007,*,laval,,88
region_admin,qes2007,*,mauricie,,77
region_admin,qes2007,*,monteregie,,359
region_admin,qes2007,*,montreal,,419
region_admin,qes2007,*,outaouais,,55
region_admin,qes2007,*,saguenay_lac_saint_jean,,71
region_admin,qes2007_panel,*,abitibi_temiscamingue,,46
region_admin,qes2007_panel,*,bas_saint_laurent,,61
region_admin,qes2007_panel,*,capitale_nationale,,196
region_admin,qes2007_panel,*,centre_du_quebec,,64
region_admin,qes2007_panel,*,chaudiere_appalaches,,136
region_admin,qes2007_panel,*,cote_nord,,15
region_admin,qes2007_panel,*,estrie,,108
region_admin,qes2007_panel,*,gaspesie_iles,,33
region_admin,qes2007_panel,*,lanaudiere,,148
region_admin,qes2007_panel,*,laurentides,,182
region_admin,qes2007_panel,*,laval,,103
region_admin,qes2007_panel,*,mauricie,,71
region_admin,qes2007_panel,*,monteregie,,415
region_admin,qes2007_panel,*,montreal,,670
region_admin,qes2007_panel,*,nord_du_quebec,,5
region_admin,qes2007_panel,*,outaouais,,93
region_admin,qes2007_panel,*,saguenay_lac_saint_jean,,95
region_admin,qes2007_panel,*,,not_asked,1
region_admin,qes2008,*,,not_asked,1151
region_admin,qes2012,*,abitibi_temiscamingue,,30
region_admin,qes2012,*,bas_saint_laurent,,35
region_admin,qes2012,*,capitale_nationale,,123
region_admin,qes2012,*,centre_du_quebec,,51
region_admin,qes2012,*,chaudiere_appalaches,,93
region_admin,qes2012,*,cote_nord,,21
region_admin,qes2012,*,estrie,,62
region_admin,qes2012,*,gaspesie_iles,,19
region_admin,qes2012,*,lanaudiere,,91
region_admin,qes2012,*,laurentides,,76
region_admin,qes2012,*,laval,,72
region_admin,qes2012,*,mauricie,,48
region_admin,qes2012,*,monteregie,,258
region_admin,qes2012,*,montreal,,407
region_admin,qes2012,*,nord_du_quebec,,4
region_admin,qes2012,*,outaouais,,54
region_admin,qes2012,*,saguenay_lac_saint_jean,,61
region_admin,qes2012_panel,*,,not_asked,844
region_admin,qes2014,*,abitibi_temiscamingue,,25
region_admin,qes2014,*,bas_saint_laurent,,33
region_admin,qes2014,*,capitale_nationale,,123
region_admin,qes2014,*,centre_du_quebec,,52
region_admin,qes2014,*,chaudiere_appalaches,,82
region_admin,qes2014,*,cote_nord,,19
region_admin,qes2014,*,estrie,,74
region_admin,qes2014,*,gaspesie_iles,,12
region_admin,qes2014,*,lanaudiere,,76
region_admin,qes2014,*,laurentides,,68
region_admin,qes2014,*,laval,,79
region_admin,qes2014,*,mauricie,,58
region_admin,qes2014,*,monteregie,,238
region_admin,qes2014,*,montreal,,473
region_admin,qes2014,*,nord_du_quebec,,1
region_admin,qes2014,*,outaouais,,58
region_admin,qes2014,*,saguenay_lac_saint_jean,,46
region_admin,qes2018,*,abitibi_temiscamingue,,47
region_admin,qes2018,*,bas_saint_laurent,,88
region_admin,qes2018,*,capitale_nationale,,288
region_admin,qes2018,*,centre_du_quebec,,94
region_admin,qes2018,*,chaudiere_appalaches,,149
region_admin,qes2018,*,cote_nord,,33
region_admin,qes2018,*,estrie,,162
region_admin,qes2018,*,gaspesie_iles,,25
region_admin,qes2018,*,lanaudiere,,162
region_admin,qes2018,*,laurentides,,200
region_admin,qes2018,*,laval,,138
region_admin,qes2018,*,mauricie,,108
region_admin,qes2018,*,monteregie,,472
region_admin,qes2018,*,montreal,,846
region_admin,qes2018,*,nord_du_quebec,,5
region_admin,qes2018,*,outaouais,,143
region_admin,qes2018,*,saguenay_lac_saint_jean,,112
region_admin,qes2018_panel,*,,not_asked,1250
region_admin,qes2022,*,,not_asked,1521
region_admin,qes_crop_2007_2010,*,,not_asked,24027
born_canada,qes1998,*,,not_asked,1483
born_canada,qes2007,*,,not_asked,2175
born_canada,qes2007_panel,*,,not_asked,2442
born_canada,qes2008,*,,not_asked,1151
born_canada,qes2012,*,no,,118
born_canada,qes2012,*,yes,,1384
born_canada,qes2012,*,,refused,3
born_canada,qes2012_panel,*,,not_asked,844
born_canada,qes2014,*,no,,151
born_canada,qes2014,*,yes,,1359
born_canada,qes2014,*,,dk,3
born_canada,qes2014,*,,refused,4
born_canada,qes2018,*,no,,304
born_canada,qes2018,*,yes,,2743
born_canada,qes2018,*,,dk,8
born_canada,qes2018,*,,refused,17
born_canada,qes2018_panel,*,,not_asked,1250
born_canada,qes2022,*,no,,105
born_canada,qes2022,*,yes,,1416
born_canada,qes_crop_2007_2010,*,,not_asked,24027
born_quebec,qes1998,*,,not_asked,1483
born_quebec,qes2007,*,,not_asked,2175
born_quebec,qes2007_panel,*,,not_asked,2442
born_quebec,qes2008,*,,not_asked,1151
born_quebec,qes2012,*,no,,185
born_quebec,qes2012,*,yes,,1317
born_quebec,qes2012,*,,refused,3
born_quebec,qes2012_panel,*,,not_asked,844
born_quebec,qes2014,*,no,,235
born_quebec,qes2014,*,yes,,1275
born_quebec,qes2014,*,,dk,3
born_quebec,qes2014,*,,refused,4
born_quebec,qes2018,*,no,,442
born_quebec,qes2018,*,yes,,2605
born_quebec,qes2018,*,,dk,8
born_quebec,qes2018,*,,refused,17
born_quebec,qes2018_panel,*,,not_asked,1250
born_quebec,qes2022,*,,not_asked,1521
born_quebec,qes_crop_2007_2010,*,,not_asked,24027
vote_choice,qes1998,post,ADQ,,204
vote_choice,qes1998,post,PLQ,,384
vote_choice,qes1998,post,PQ,,517
vote_choice,qes1998,post,other,,21
vote_choice,qes1998,post,,not_voted,187
vote_choice,qes1998,post,,refused,154
vote_choice,qes1998,post,,spoiled,14
vote_choice,qes1998,post,,sysmis,2
vote_choice,qes1998,pre,ADQ,,277
vote_choice,qes1998,pre,PLQ,,325
vote_choice,qes1998,pre,PQ,,446
vote_choice,qes1998,pre,no_party,,26
vote_choice,qes1998,pre,other,,33
vote_choice,qes1998,pre,,dk,108
vote_choice,qes1998,pre,,inapplicable,79
vote_choice,qes1998,pre,,refused,189
vote_choice,qes2007,post,ADQ,,583
vote_choice,qes2007,post,PLQ,,439
vote_choice,qes2007,post,PQ,,521
vote_choice,qes2007,post,PVQ,,101
vote_choice,qes2007,post,QS,,75
vote_choice,qes2007,post,other,,8
vote_choice,qes2007,post,,dk,8
vote_choice,qes2007,post,,not_voted,176
vote_choice,qes2007,post,,refused,252
vote_choice,qes2007,post,,spoiled,12
vote_choice,qes2007_panel,NA,,not_in_wave,1
vote_choice,qes2007_panel,post,ADQ,,480
vote_choice,qes2007_panel,post,PLQ,,428
vote_choice,qes2007_panel,post,PQ,,460
vote_choice,qes2007_panel,post,PVQ,,66
vote_choice,qes2007_panel,post,QS,,57
vote_choice,qes2007_panel,post,other,,3
vote_choice,qes2007_panel,post,,not_voted,302
vote_choice,qes2007_panel,post,,refused,249
vote_choice,qes2007_panel,post,,spoiled,9
vote_choice,qes2007_panel,pre,ADQ,,476
vote_choice,qes2007_panel,pre,PLQ,,554
vote_choice,qes2007_panel,pre,PQ,,530
vote_choice,qes2007_panel,pre,PVQ,,129
vote_choice,qes2007_panel,pre,QS,,103
vote_choice,qes2007_panel,pre,no_party,,42
vote_choice,qes2007_panel,pre,other,,4
vote_choice,qes2007_panel,pre,,dk_refused,211
vote_choice,qes2007_panel,pre,,sysmis,1
vote_choice,qes2008,post,ADQ,,144
vote_choice,qes2008,post,PLQ,,352
vote_choice,qes2008,post,PQ,,336
vote_choice,qes2008,post,PVQ,,22
vote_choice,qes2008,post,QS,,38
vote_choice,qes2008,post,other,,6
vote_choice,qes2008,post,,dk,2
vote_choice,qes2008,post,,not_voted,145
vote_choice,qes2008,post,,refused,103
vote_choice,qes2008,post,,spoiled,3
vote_choice,qes2012,post,CAQ,,324
vote_choice,qes2012,post,ON,,39
vote_choice,qes2012,post,PLQ,,278
vote_choice,qes2012,post,PQ,,509
vote_choice,qes2012,post,PVQ,,13
vote_choice,qes2012,post,QS,,96
vote_choice,qes2012,post,other,,15
vote_choice,qes2012,post,,not_voted,117
vote_choice,qes2012,post,,refused,114
vote_choice,qes2012_panel,post,CAQ,,151
vote_choice,qes2012_panel,post,ON,,16
vote_choice,qes2012_panel,post,PLQ,,167
vote_choice,qes2012_panel,post,PQ,,243
vote_choice,qes2012_panel,post,PVQ,,10
vote_choice,qes2012_panel,post,QS,,45
vote_choice,qes2012_panel,post,other,,1
vote_choice,qes2012_panel,post,,dk_refused,138
vote_choice,qes2012_panel,post,,not_voted,66
vote_choice,qes2012_panel,post,,spoiled,7
vote_choice,qes2012_panel,pre,CAQ,,199
vote_choice,qes2012_panel,pre,ON,,21
vote_choice,qes2012_panel,pre,PLQ,,183
vote_choice,qes2012_panel,pre,PQ,,232
vote_choice,qes2012_panel,pre,PVQ,,17
vote_choice,qes2012_panel,pre,QS,,52
vote_choice,qes2012_panel,pre,no_party,,12
vote_choice,qes2012_panel,pre,other,,10
vote_choice,qes2012_panel,pre,,dk,99
vote_choice,qes2012_panel,pre,,refused,19
vote_choice,qes2014,post,CAQ,,277
vote_choice,qes2014,post,ON,,9
vote_choice,qes2014,post,PLQ,,489
vote_choice,qes2014,post,PQ,,344
vote_choice,qes2014,post,PVQ,,16
vote_choice,qes2014,post,QS,,131
vote_choice,qes2014,post,other,,17
vote_choice,qes2014,post,,not_voted,147
vote_choice,qes2014,post,,refused,87
vote_choice,qes2018,post,CAQ,,700
vote_choice,qes2018,post,PLQ,,490
vote_choice,qes2018,post,PQ,,392
vote_choice,qes2018,post,QS,,342
vote_choice,qes2018,post,other,,92
vote_choice,qes2018,post,,inapplicable,270
vote_choice,qes2018,post,,ineligible,99
vote_choice,qes2018,post,,not_voted,432
vote_choice,qes2018,post,,refused,224
vote_choice,qes2018,post,,spoiled,31
vote_choice,qes2018_panel,post,CAQ,,263
vote_choice,qes2018_panel,post,PLQ,,200
vote_choice,qes2018_panel,post,PQ,,108
vote_choice,qes2018_panel,post,QS,,87
vote_choice,qes2018_panel,post,other,,46
vote_choice,qes2018_panel,post,,dk_refused,14
vote_choice,qes2018_panel,post,,not_voted,111
vote_choice,qes2018_panel,post,,spoiled,13
vote_choice,qes2018_panel,pre,CAQ,,317
vote_choice,qes2018_panel,pre,PLQ,,331
vote_choice,qes2018_panel,pre,PQ,,172
vote_choice,qes2018_panel,pre,QS,,171
vote_choice,qes2018_panel,pre,no_party,,63
vote_choice,qes2018_panel,pre,other,,51
vote_choice,qes2018_panel,pre,,dk_refused,145
vote_choice,qes2022,cps,CAQ,,485
vote_choice,qes2022,cps,PCQ,,210
vote_choice,qes2022,cps,PLQ,,150
vote_choice,qes2022,cps,PQ,,184
vote_choice,qes2022,cps,QS,,291
vote_choice,qes2022,cps,other,,30
vote_choice,qes2022,cps,,dk,105
vote_choice,qes2022,cps,,inapplicable,27
vote_choice,qes2022,cps,,refused,39
vote_choice,qes2022,pes,CAQ,,364
vote_choice,qes2022,pes,PCQ,,145
vote_choice,qes2022,pes,PLQ,,146
vote_choice,qes2022,pes,PQ,,206
vote_choice,qes2022,pes,QS,,209
vote_choice,qes2022,pes,other,,31
vote_choice,qes2022,pes,,dk,2
vote_choice,qes2022,pes,,not_registered,3
vote_choice,qes2022,pes,,not_voted,106
vote_choice,qes2022,pes,,spoiled,8
vote_choice,qes_crop_2007_2010,poll_2007_06,ADQ,,256
vote_choice,qes_crop_2007_2010,poll_2007_06,PLQ,,224
vote_choice,qes_crop_2007_2010,poll_2007_06,PQ,,257
vote_choice,qes_crop_2007_2010,poll_2007_06,PVQ,,72
vote_choice,qes_crop_2007_2010,poll_2007_06,QS,,56
vote_choice,qes_crop_2007_2010,poll_2007_06,no_party,,39
vote_choice,qes_crop_2007_2010,poll_2007_06,other,,4
vote_choice,qes_crop_2007_2010,poll_2007_06,,dk_refused,92
vote_choice,qes_crop_2007_2010,poll_2007_08,ADQ,,257
vote_choice,qes_crop_2007_2010,poll_2007_08,PLQ,,216
vote_choice,qes_crop_2007_2010,poll_2007_08,PQ,,299
vote_choice,qes_crop_2007_2010,poll_2007_08,PVQ,,51
vote_choice,qes_crop_2007_2010,poll_2007_08,QS,,37
vote_choice,qes_crop_2007_2010,poll_2007_08,no_party,,42
vote_choice,qes_crop_2007_2010,poll_2007_08,other,,5
vote_choice,qes_crop_2007_2010,poll_2007_08,,dk_refused,96
vote_choice,qes_crop_2007_2010,poll_2007_09,ADQ,,301
vote_choice,qes_crop_2007_2010,poll_2007_09,PLQ,,187
vote_choice,qes_crop_2007_2010,poll_2007_09,PQ,,272
vote_choice,qes_crop_2007_2010,poll_2007_09,PVQ,,58
vote_choice,qes_crop_2007_2010,poll_2007_09,QS,,48
vote_choice,qes_crop_2007_2010,poll_2007_09,no_party,,41
vote_choice,qes_crop_2007_2010,poll_2007_09,,dk_refused,94
vote_choice,qes_crop_2007_2010,poll_2007_10,ADQ,,258
vote_choice,qes_crop_2007_2010,poll_2007_10,PLQ,,234
vote_choice,qes_crop_2007_2010,poll_2007_10,PQ,,269
vote_choice,qes_crop_2007_2010,poll_2007_10,PVQ,,54
vote_choice,qes_crop_2007_2010,poll_2007_10,QS,,32
vote_choice,qes_crop_2007_2010,poll_2007_10,no_party,,33
vote_choice,qes_crop_2007_2010,poll_2007_10,,dk_refused,121
vote_choice,qes_crop_2007_2010,poll_2007_11,ADQ,,242
vote_choice,qes_crop_2007_2010,poll_2007_11,PLQ,,235
vote_choice,qes_crop_2007_2010,poll_2007_11,PQ,,310
vote_choice,qes_crop_2007_2010,poll_2007_11,PVQ,,51
vote_choice,qes_crop_2007_2010,poll_2007_11,QS,,39
vote_choice,qes_crop_2007_2010,poll_2007_11,no_party,,36
vote_choice,qes_crop_2007_2010,poll_2007_11,other,,7
vote_choice,qes_crop_2007_2010,poll_2007_11,,dk_refused,82
vote_choice,qes_crop_2007_2010,poll_2008_01,ADQ,,217
vote_choice,qes_crop_2007_2010,poll_2008_01,PLQ,,258
vote_choice,qes_crop_2007_2010,poll_2008_01,PQ,,318
vote_choice,qes_crop_2007_2010,poll_2008_01,PVQ,,42
vote_choice,qes_crop_2007_2010,poll_2008_01,QS,,45
vote_choice,qes_crop_2007_2010,poll_2008_01,no_party,,23
vote_choice,qes_crop_2007_2010,poll_2008_01,other,,2
vote_choice,qes_crop_2007_2010,poll_2008_01,,dk_refused,95
vote_choice,qes_crop_2007_2010,poll_2008_02,ADQ,,201
vote_choice,qes_crop_2007_2010,poll_2008_02,PLQ,,265
vote_choice,qes_crop_2007_2010,poll_2008_02,PQ,,280
vote_choice,qes_crop_2007_2010,poll_2008_02,PVQ,,54
vote_choice,qes_crop_2007_2010,poll_2008_02,QS,,43
vote_choice,qes_crop_2007_2010,poll_2008_02,no_party,,30
vote_choice,qes_crop_2007_2010,poll_2008_02,other,,2
vote_choice,qes_crop_2007_2010,poll_2008_02,,dk_refused,125
vote_choice,qes_crop_2007_2010,poll_2008_03,ADQ,,196
vote_choice,qes_crop_2007_2010,poll_2008_03,PLQ,,287
vote_choice,qes_crop_2007_2010,poll_2008_03,PQ,,282
vote_choice,qes_crop_2007_2010,poll_2008_03,PVQ,,53
vote_choice,qes_crop_2007_2010,poll_2008_03,QS,,53
vote_choice,qes_crop_2007_2010,poll_2008_03,no_party,,27
vote_choice,qes_crop_2007_2010,poll_2008_03,other,,4
vote_choice,qes_crop_2007_2010,poll_2008_03,,dk_refused,102
vote_choice,qes_crop_2007_2010,poll_2008_04,ADQ,,152
vote_choice,qes_crop_2007_2010,poll_2008_04,PLQ,,296
vote_choice,qes_crop_2007_2010,poll_2008_04,PQ,,253
vote_choice,qes_crop_2007_2010,poll_2008_04,PVQ,,64
vote_choice,qes_crop_2007_2010,poll_2008_04,QS,,46
vote_choice,qes_crop_2007_2010,poll_2008_04,no_party,,43
vote_choice,qes_crop_2007_2010,poll_2008_04,other,,6
vote_choice,qes_crop_2007_2010,poll_2008_04,,dk_refused,140
vote_choice,qes_crop_2007_2010,poll_2008_05,ADQ,,118
vote_choice,qes_crop_2007_2010,poll_2008_05,PLQ,,322
vote_choice,qes_crop_2007_2010,poll_2008_05,PQ,,304
vote_choice,qes_crop_2007_2010,poll_2008_05,PVQ,,50
vote_choice,qes_crop_2007_2010,poll_2008_05,QS,,51
vote_choice,qes_crop_2007_2010,poll_2008_05,no_party,,31
vote_choice,qes_crop_2007_2010,poll_2008_05,other,,4
vote_choice,qes_crop_2007_2010,poll_2008_05,,dk_refused,120
vote_choice,qes_crop_2007_2010,poll_2008_06,ADQ,,149
vote_choice,qes_crop_2007_2010,poll_2008_06,PLQ,,292
vote_choice,qes_crop_2007_2010,poll_2008_06,PQ,,311
vote_choice,qes_crop_2007_2010,poll_2008_06,PVQ,,52
vote_choice,qes_crop_2007_2010,poll_2008_06,QS,,70
vote_choice,qes_crop_2007_2010,poll_2008_06,no_party,,44
vote_choice,qes_crop_2007_2010,poll_2008_06,other,,3
vote_choice,qes_crop_2007_2010,poll_2008_06,,dk_refused,80
vote_choice,qes_crop_2007_2010,poll_2008_08,ADQ,,136
vote_choice,qes_crop_2007_2010,poll_2008_08,PLQ,,334
vote_choice,qes_crop_2007_2010,poll_2008_08,PQ,,273
vote_choice,qes_crop_2007_2010,poll_2008_08,PVQ,,42
vote_choice,qes_crop_2007_2010,poll_2008_08,QS,,32
vote_choice,qes_crop_2007_2010,poll_2008_08,no_party,,35
vote_choice,qes_crop_2007_2010,poll_2008_08,other,,1
vote_choice,qes_crop_2007_2010,poll_2008_08,,dk_refused,150
vote_choice,qes_crop_2007_2010,poll_2008_09,ADQ,,154
vote_choice,qes_crop_2007_2010,poll_2008_09,PLQ,,362
vote_choice,qes_crop_2007_2010,poll_2008_09,PQ,,306
vote_choice,qes_crop_2007_2010,poll_2008_09,PVQ,,46
vote_choice,qes_crop_2007_2010,poll_2008_09,QS,,41
vote_choice,qes_crop_2007_2010,poll_2008_09,no_party,,11
vote_choice,qes_crop_2007_2010,poll_2008_09,other,,2
vote_choice,qes_crop_2007_2010,poll_2008_09,,dk_refused,78
vote_choice,qes_crop_2007_2010,poll_2008_10,ADQ,,137
vote_choice,qes_crop_2007_2010,poll_2008_10,PLQ,,313
vote_choice,qes_crop_2007_2010,poll_2008_10,PQ,,288
vote_choice,qes_crop_2007_2010,poll_2008_10,PVQ,,59
vote_choice,qes_crop_2007_2010,poll_2008_10,QS,,47
vote_choice,qes_crop_2007_2010,poll_2008_10,no_party,,34
vote_choice,qes_crop_2007_2010,poll_2008_10,other,,5
vote_choice,qes_crop_2007_2010,poll_2008_10,,dk_refused,118
vote_choice,qes_crop_2007_2010,poll_2008_11,ADQ,,119
vote_choice,qes_crop_2007_2010,poll_2008_11,PLQ,,359
vote_choice,qes_crop_2007_2010,poll_2008_11,PQ,,287
vote_choice,qes_crop_2007_2010,poll_2008_11,PVQ,,64
vote_choice,qes_crop_2007_2010,poll_2008_11,QS,,36
vote_choice,qes_crop_2007_2010,poll_2008_11,no_party,,23
vote_choice,qes_crop_2007_2010,poll_2008_11,other,,5
vote_choice,qes_crop_2007_2010,poll_2008_11,,dk_refused,110
vote_choice,qes_crop_2007_2010,poll_2009_01,ADQ,,111
vote_choice,qes_crop_2007_2010,poll_2009_01,PLQ,,330
vote_choice,qes_crop_2007_2010,poll_2009_01,PQ,,297
vote_choice,qes_crop_2007_2010,poll_2009_01,PVQ,,42
vote_choice,qes_crop_2007_2010,poll_2009_01,QS,,54
vote_choice,qes_crop_2007_2010,poll_2009_01,no_party,,42
vote_choice,qes_crop_2007_2010,poll_2009_01,other,,5
vote_choice,qes_crop_2007_2010,poll_2009_01,,dk_refused,119
vote_choice,qes_crop_2007_2010,poll_2009_03,ADQ,,86
vote_choice,qes_crop_2007_2010,poll_2009_03,PLQ,,261
vote_choice,qes_crop_2007_2010,poll_2009_03,PQ,,322
vote_choice,qes_crop_2007_2010,poll_2009_03,PVQ,,56
vote_choice,qes_crop_2007_2010,poll_2009_03,QS,,69
vote_choice,qes_crop_2007_2010,poll_2009_03,no_party,,66
vote_choice,qes_crop_2007_2010,poll_2009_03,other,,4
vote_choice,qes_crop_2007_2010,poll_2009_03,,dk_refused,137
vote_choice,qes_crop_2007_2010,poll_2009_04,ADQ,,75
vote_choice,qes_crop_2007_2010,poll_2009_04,PLQ,,306
vote_choice,qes_crop_2007_2010,poll_2009_04,PQ,,348
vote_choice,qes_crop_2007_2010,poll_2009_04,PVQ,,68
vote_choice,qes_crop_2007_2010,poll_2009_04,QS,,51
vote_choice,qes_crop_2007_2010,poll_2009_04,no_party,,40
vote_choice,qes_crop_2007_2010,poll_2009_04,other,,3
vote_choice,qes_crop_2007_2010,poll_2009_04,,dk_refused,109
vote_choice,qes_crop_2007_2010,poll_2009_05,ADQ,,85
vote_choice,qes_crop_2007_2010,poll_2009_05,PLQ,,305
vote_choice,qes_crop_2007_2010,poll_2009_05,PQ,,316
vote_choice,qes_crop_2007_2010,poll_2009_05,PVQ,,59
vote_choice,qes_crop_2007_2010,poll_2009_05,QS,,62
vote_choice,qes_crop_2007_2010,poll_2009_05,no_party,,48
vote_choice,qes_crop_2007_2010,poll_2009_05,other,,3
vote_choice,qes_crop_2007_2010,poll_2009_05,,dk_refused,123
vote_choice,qes_crop_2007_2010,poll_2009_06,ADQ,,80
vote_choice,qes_crop_2007_2010,poll_2009_06,PLQ,,317
vote_choice,qes_crop_2007_2010,poll_2009_06,PQ,,313
vote_choice,qes_crop_2007_2010,poll_2009_06,PVQ,,44
vote_choice,qes_crop_2007_2010,poll_2009_06,QS,,58
vote_choice,qes_crop_2007_2010,poll_2009_06,no_party,,49
vote_choice,qes_crop_2007_2010,poll_2009_06,other,,2
vote_choice,qes_crop_2007_2010,poll_2009_06,,dk_refused,140
vote_choice,qes_crop_2007_2010,poll_2009_08,ADQ,,68
vote_choice,qes_crop_2007_2010,poll_2009_08,PLQ,,345
vote_choice,qes_crop_2007_2010,poll_2009_08,PQ,,304
vote_choice,qes_crop_2007_2010,poll_2009_08,PVQ,,50
vote_choice,qes_crop_2007_2010,poll_2009_08,QS,,72
vote_choice,qes_crop_2007_2010,poll_2009_08,no_party,,42
vote_choice,qes_crop_2007_2010,poll_2009_08,other,,1
vote_choice,qes_crop_2007_2010,poll_2009_08,,dk_refused,121
vote_choice,qes_crop_2007_2010,poll_2009_09,ADQ,,60
vote_choice,qes_crop_2007_2010,poll_2009_09,PLQ,,327
vote_choice,qes_crop_2007_2010,poll_2009_09,PQ,,290
vote_choice,qes_crop_2007_2010,poll_2009_09,PVQ,,62
vote_choice,qes_crop_2007_2010,poll_2009_09,QS,,54
vote_choice,qes_crop_2007_2010,poll_2009_09,no_party,,55
vote_choice,qes_crop_2007_2010,poll_2009_09,other,,1
vote_choice,qes_crop_2007_2010,poll_2009_09,,dk_refused,151
vote_choice,qes_crop_2007_2010,poll_2009_10,ADQ,,74
vote_choice,qes_crop_2007_2010,poll_2009_10,PLQ,,294
vote_choice,qes_crop_2007_2010,poll_2009_10,PQ,,333
vote_choice,qes_crop_2007_2010,poll_2009_10,PVQ,,46
vote_choice,qes_crop_2007_2010,poll_2009_10,QS,,54
vote_choice,qes_crop_2007_2010,poll_2009_10,no_party,,70
vote_choice,qes_crop_2007_2010,poll_2009_10,other,,2
vote_choice,qes_crop_2007_2010,poll_2009_10,,dk_refused,127
vote_choice,qes_crop_2007_2010,poll_2010_01,ADQ,,57
vote_choice,qes_crop_2007_2010,poll_2010_01,PLQ,,304
vote_choice,qes_crop_2007_2010,poll_2010_01,PQ,,301
vote_choice,qes_crop_2007_2010,poll_2010_01,PVQ,,53
vote_choice,qes_crop_2007_2010,poll_2010_01,QS,,68
vote_choice,qes_crop_2007_2010,poll_2010_01,no_party,,60
vote_choice,qes_crop_2007_2010,poll_2010_01,other,,1
vote_choice,qes_crop_2007_2010,poll_2010_01,,dk_refused,156
vote_type,qes1998,post,recall,,1483
vote_type,qes1998,pre,intention_push,,1483
vote_type,qes2007,post,recall,,2175
vote_type,qes2007_panel,NA,,not_in_wave,1
vote_type,qes2007_panel,post,recall,,2054
vote_type,qes2007_panel,pre,intention,,53
vote_type,qes2007_panel,pre,intention_push,,1997
vote_type,qes2008,post,recall,,1151
vote_type,qes2012,post,recall,,1505
vote_type,qes2012_panel,post,recall,,844
vote_type,qes2012_panel,pre,intention_push,,844
vote_type,qes2014,post,recall,,1517
vote_type,qes2018,post,recall,,3072
vote_type,qes2018_panel,post,recall,,842
vote_type,qes2018_panel,pre,intention_push,,1250
vote_type,qes2022,cps,intention_push,,1521
vote_type,qes2022,pes,recall,,1220
vote_type,qes_crop_2007_2010,poll_2007_06,intention,,49
vote_type,qes_crop_2007_2010,poll_2007_06,intention_push,,951
vote_type,qes_crop_2007_2010,poll_2007_08,intention,,49
vote_type,qes_crop_2007_2010,poll_2007_08,intention_push,,954
vote_type,qes_crop_2007_2010,poll_2007_09,intention,,46
vote_type,qes_crop_2007_2010,poll_2007_09,intention_push,,955
vote_type,qes_crop_2007_2010,poll_2007_10,intention,,39
vote_type,qes_crop_2007_2010,poll_2007_10,intention_push,,962
vote_type,qes_crop_2007_2010,poll_2007_11,intention,,45
vote_type,qes_crop_2007_2010,poll_2007_11,intention_push,,957
vote_type,qes_crop_2007_2010,poll_2008_01,intention,,32
vote_type,qes_crop_2007_2010,poll_2008_01,intention_push,,968
vote_type,qes_crop_2007_2010,poll_2008_02,intention,,36
vote_type,qes_crop_2007_2010,poll_2008_02,intention_push,,964
vote_type,qes_crop_2007_2010,poll_2008_03,intention,,34
vote_type,qes_crop_2007_2010,poll_2008_03,intention_push,,970
vote_type,qes_crop_2007_2010,poll_2008_04,intention,,56
vote_type,qes_crop_2007_2010,poll_2008_04,intention_push,,944
vote_type,qes_crop_2007_2010,poll_2008_05,intention,,43
vote_type,qes_crop_2007_2010,poll_2008_05,intention_push,,957
vote_type,qes_crop_2007_2010,poll_2008_06,intention,,51
vote_type,qes_crop_2007_2010,poll_2008_06,intention_push,,950
vote_type,qes_crop_2007_2010,poll_2008_08,intention,,48
vote_type,qes_crop_2007_2010,poll_2008_08,intention_push,,955
vote_type,qes_crop_2007_2010,poll_2008_09,intention,,17
vote_type,qes_crop_2007_2010,poll_2008_09,intention_push,,983
vote_type,qes_crop_2007_2010,poll_2008_10,intention,,43
vote_type,qes_crop_2007_2010,poll_2008_10,intention_push,,958
vote_type,qes_crop_2007_2010,poll_2008_11,intention,,36
vote_type,qes_crop_2007_2010,poll_2008_11,intention_push,,967
vote_type,qes_crop_2007_2010,poll_2009_01,intention,,52
vote_type,qes_crop_2007_2010,poll_2009_01,intention_push,,948
vote_type,qes_crop_2007_2010,poll_2009_03,intention,,75
vote_type,qes_crop_2007_2010,poll_2009_03,intention_push,,926
vote_type,qes_crop_2007_2010,poll_2009_04,intention,,50
vote_type,qes_crop_2007_2010,poll_2009_04,intention_push,,950
vote_type,qes_crop_2007_2010,poll_2009_05,intention,,57
vote_type,qes_crop_2007_2010,poll_2009_05,intention_push,,944
vote_type,qes_crop_2007_2010,poll_2009_06,intention,,55
vote_type,qes_crop_2007_2010,poll_2009_06,intention_push,,948
vote_type,qes_crop_2007_2010,poll_2009_08,intention,,49
vote_type,qes_crop_2007_2010,poll_2009_08,intention_push,,954
vote_type,qes_crop_2007_2010,poll_2009_09,intention,,64
vote_type,qes_crop_2007_2010,poll_2009_09,intention_push,,936
vote_type,qes_crop_2007_2010,poll_2009_10,intention,,78
vote_type,qes_crop_2007_2010,poll_2009_10,intention_push,,922
vote_type,qes_crop_2007_2010,poll_2010_01,intention,,75
vote_type,qes_crop_2007_2010,poll_2010_01,intention_push,,925
turnout,qes1998,post,no,,187
turnout,qes1998,post,yes,,1296
turnout,qes1998,pre,,not_in_wave,1483
turnout,qes2007,post,no,,172
turnout,qes2007,post,yes,,1990
turnout,qes2007,post,,dk,1
turnout,qes2007,post,,refused,12
turnout,qes2007_panel,NA,,not_in_wave,1
turnout,qes2007_panel,post,no,,302
turnout,qes2007_panel,post,yes,,1752
turnout,qes2007_panel,pre,,not_in_wave,2050
turnout,qes2008,post,no,,145
turnout,qes2008,post,yes,,986
turnout,qes2008,post,,refused,20
turnout,qes2012,post,no,,117
turnout,qes2012,post,yes,,1369
turnout,qes2012,post,,refused,19
turnout,qes2012_panel,post,no,,66
turnout,qes2012_panel,post,yes,,778
turnout,qes2012_panel,pre,,not_in_wave,844
turnout,qes2014,post,no,,147
turnout,qes2014,post,yes,,1352
turnout,qes2014,post,,refused,18
turnout,qes2018,post,no,,432
turnout,qes2018,post,yes,,2207
turnout,qes2018,post,,inapplicable,270
turnout,qes2018,post,,ineligible,99
turnout,qes2018,post,,refused,64
turnout,qes2018_panel,post,no,,111
turnout,qes2018_panel,post,yes,,731
turnout,qes2018_panel,pre,,not_in_wave,1250
turnout,qes2022,cps,,not_in_wave,1521
turnout,qes2022,pes,no,,106
turnout,qes2022,pes,yes,,1109
turnout,qes2022,pes,,dk,2
turnout,qes2022,pes,,not_registered,3
turnout,qes_crop_2007_2010,poll_2007_06,,not_asked,1000
turnout,qes_crop_2007_2010,poll_2007_08,,not_asked,1003
turnout,qes_crop_2007_2010,poll_2007_09,,not_asked,1001
turnout,qes_crop_2007_2010,poll_2007_10,,not_asked,1001
turnout,qes_crop_2007_2010,poll_2007_11,,not_asked,1002
turnout,qes_crop_2007_2010,poll_2008_01,,not_asked,1000
turnout,qes_crop_2007_2010,poll_2008_02,,not_asked,1000
turnout,qes_crop_2007_2010,poll_2008_03,,not_asked,1004
turnout,qes_crop_2007_2010,poll_2008_04,,not_asked,1000
turnout,qes_crop_2007_2010,poll_2008_05,,not_asked,1000
turnout,qes_crop_2007_2010,poll_2008_06,,not_asked,1001
turnout,qes_crop_2007_2010,poll_2008_08,,not_asked,1003
turnout,qes_crop_2007_2010,poll_2008_09,,not_asked,1000
turnout,qes_crop_2007_2010,poll_2008_10,,not_asked,1001
turnout,qes_crop_2007_2010,poll_2008_11,,not_asked,1003
turnout,qes_crop_2007_2010,poll_2009_01,,not_asked,1000
turnout,qes_crop_2007_2010,poll_2009_03,,not_asked,1001
turnout,qes_crop_2007_2010,poll_2009_04,,not_asked,1000
turnout,qes_crop_2007_2010,poll_2009_05,,not_asked,1001
turnout,qes_crop_2007_2010,poll_2009_06,,not_asked,1003
turnout,qes_crop_2007_2010,poll_2009_08,,not_asked,1003
turnout,qes_crop_2007_2010,poll_2009_09,,not_asked,1000
turnout,qes_crop_2007_2010,poll_2009_10,,not_asked,1000
turnout,qes_crop_2007_2010,poll_2010_01,,not_asked,1000
vote_prev,qes1998,post,,not_asked,1483
vote_prev,qes1998,pre,PLQ,,270
vote_prev,qes1998,pre,PQ,,479
vote_prev,qes1998,pre,,not_mappable,242
vote_prev,qes1998,pre,,not_voted,152
vote_prev,qes1998,pre,,sysmis,340
vote_prev,qes2007,post,,not_asked,2175
vote_prev,qes2007_panel,NA,,not_asked,1
vote_prev,qes2007_panel,post,,not_asked,2054
vote_prev,qes2007_panel,pre,ADQ,,86
vote_prev,qes2007_panel,pre,PLQ,,331
vote_prev,qes2007_panel,pre,PQ,,360
vote_prev,qes2007_panel,pre,other,,37
vote_prev,qes2007_panel,pre,,dk,71
vote_prev,qes2007_panel,pre,,not_voted,132
vote_prev,qes2007_panel,pre,,refused,34
vote_prev,qes2007_panel,pre,,sysmis,999
vote_prev,qes2008,post,,not_reviewed,1151
vote_prev,qes2012,post,,not_asked,1505
vote_prev,qes2012_panel,post,,not_asked,844
vote_prev,qes2012_panel,pre,,not_asked,844
vote_prev,qes2014,post,CAQ,,263
vote_prev,qes2014,post,ON,,29
vote_prev,qes2014,post,PLQ,,398
vote_prev,qes2014,post,PQ,,486
vote_prev,qes2014,post,PVQ,,26
vote_prev,qes2014,post,QS,,104
vote_prev,qes2014,post,other,,10
vote_prev,qes2014,post,,not_voted,152
vote_prev,qes2014,post,,refused,49
vote_prev,qes2018,post,,not_reviewed,3072
vote_prev,qes2018_panel,post,,not_asked,842
vote_prev,qes2018_panel,pre,,not_asked,1250
vote_prev,qes2022,cps,CAQ,,594
vote_prev,qes2022,cps,PLQ,,213
vote_prev,qes2022,cps,PQ,,220
vote_prev,qes2022,cps,QS,,229
vote_prev,qes2022,cps,other,,67
vote_prev,qes2022,cps,,ineligible,52
vote_prev,qes2022,cps,,no_answer,4
vote_prev,qes2022,cps,,not_voted,142
vote_prev,qes2022,pes,,not_in_wave,1220
vote_prev,qes_crop_2007_2010,poll_2007_06,ADQ,,251
vote_prev,qes_crop_2007_2010,poll_2007_06,PLQ,,221
vote_prev,qes_crop_2007_2010,poll_2007_06,PQ,,212
vote_prev,qes_crop_2007_2010,poll_2007_06,PVQ,,49
vote_prev,qes_crop_2007_2010,poll_2007_06,QS,,44
vote_prev,qes_crop_2007_2010,poll_2007_06,,dk_refused,85
vote_prev,qes_crop_2007_2010,poll_2007_06,,not_voted,138
vote_prev,qes_crop_2007_2010,poll_2007_08,ADQ,,222
vote_prev,qes_crop_2007_2010,poll_2007_08,PLQ,,225
vote_prev,qes_crop_2007_2010,poll_2007_08,PQ,,267
vote_prev,qes_crop_2007_2010,poll_2007_08,PVQ,,35
vote_prev,qes_crop_2007_2010,poll_2007_08,QS,,36
vote_prev,qes_crop_2007_2010,poll_2007_08,other,,1
vote_prev,qes_crop_2007_2010,poll_2007_08,,dk_refused,94
vote_prev,qes_crop_2007_2010,poll_2007_08,,not_voted,123
vote_prev,qes_crop_2007_2010,poll_2007_09,ADQ,,248
vote_prev,qes_crop_2007_2010,poll_2007_09,PLQ,,211
vote_prev,qes_crop_2007_2010,poll_2007_09,PQ,,231
vote_prev,qes_crop_2007_2010,poll_2007_09,PVQ,,48
vote_prev,qes_crop_2007_2010,poll_2007_09,QS,,40
vote_prev,qes_crop_2007_2010,poll_2007_09,other,,1
vote_prev,qes_crop_2007_2010,poll_2007_09,,dk_refused,79
vote_prev,qes_crop_2007_2010,poll_2007_09,,not_voted,143
vote_prev,qes_crop_2007_2010,poll_2007_10,ADQ,,209
vote_prev,qes_crop_2007_2010,poll_2007_10,PLQ,,250
vote_prev,qes_crop_2007_2010,poll_2007_10,PQ,,236
vote_prev,qes_crop_2007_2010,poll_2007_10,PVQ,,30
vote_prev,qes_crop_2007_2010,poll_2007_10,QS,,31
vote_prev,qes_crop_2007_2010,poll_2007_10,other,,1
vote_prev,qes_crop_2007_2010,poll_2007_10,,dk_refused,108
vote_prev,qes_crop_2007_2010,poll_2007_10,,not_voted,136
vote_prev,qes_crop_2007_2010,poll_2007_11,ADQ,,226
vote_prev,qes_crop_2007_2010,poll_2007_11,PLQ,,234
vote_prev,qes_crop_2007_2010,poll_2007_11,PQ,,261
vote_prev,qes_crop_2007_2010,poll_2007_11,PVQ,,38
vote_prev,qes_crop_2007_2010,poll_2007_11,QS,,21
vote_prev,qes_crop_2007_2010,poll_2007_11,other,,3
vote_prev,qes_crop_2007_2010,poll_2007_11,,dk_refused,90
vote_prev,qes_crop_2007_2010,poll_2007_11,,not_voted,129
vote_prev,qes_crop_2007_2010,poll_2008_01,ADQ,,225
vote_prev,qes_crop_2007_2010,poll_2008_01,PLQ,,225
vote_prev,qes_crop_2007_2010,poll_2008_01,PQ,,275
vote_prev,qes_crop_2007_2010,poll_2008_01,PVQ,,30
vote_prev,qes_crop_2007_2010,poll_2008_01,QS,,32
vote_prev,qes_crop_2007_2010,poll_2008_01,other,,2
vote_prev,qes_crop_2007_2010,poll_2008_01,,dk_refused,84
vote_prev,qes_crop_2007_2010,poll_2008_01,,not_voted,127
vote_prev,qes_crop_2007_2010,poll_2008_02,ADQ,,223
vote_prev,qes_crop_2007_2010,poll_2008_02,PLQ,,230
vote_prev,qes_crop_2007_2010,poll_2008_02,PQ,,253
vote_prev,qes_crop_2007_2010,poll_2008_02,PVQ,,47
vote_prev,qes_crop_2007_2010,poll_2008_02,QS,,34
vote_prev,qes_crop_2007_2010,poll_2008_02,other,,3
vote_prev,qes_crop_2007_2010,poll_2008_02,,dk_refused,96
vote_prev,qes_crop_2007_2010,poll_2008_02,,not_voted,114
vote_prev,qes_crop_2007_2010,poll_2008_03,ADQ,,226
vote_prev,qes_crop_2007_2010,poll_2008_03,PLQ,,259
vote_prev,qes_crop_2007_2010,poll_2008_03,PQ,,245
vote_prev,qes_crop_2007_2010,poll_2008_03,PVQ,,38
vote_prev,qes_crop_2007_2010,poll_2008_03,QS,,38
vote_prev,qes_crop_2007_2010,poll_2008_03,other,,4
vote_prev,qes_crop_2007_2010,poll_2008_03,,dk_refused,88
vote_prev,qes_crop_2007_2010,poll_2008_03,,not_voted,106
vote_prev,qes_crop_2007_2010,poll_2008_04,ADQ,,203
vote_prev,qes_crop_2007_2010,poll_2008_04,PLQ,,251
vote_prev,qes_crop_2007_2010,poll_2008_04,PQ,,238
vote_prev,qes_crop_2007_2010,poll_2008_04,PVQ,,35
vote_prev,qes_crop_2007_2010,poll_2008_04,QS,,25
vote_prev,qes_crop_2007_2010,poll_2008_04,other,,5
vote_prev,qes_crop_2007_2010,poll_2008_04,,dk_refused,116
vote_prev,qes_crop_2007_2010,poll_2008_04,,not_voted,127
vote_prev,qes_crop_2007_2010,poll_2008_05,ADQ,,194
vote_prev,qes_crop_2007_2010,poll_2008_05,PLQ,,257
vote_prev,qes_crop_2007_2010,poll_2008_05,PQ,,265
vote_prev,qes_crop_2007_2010,poll_2008_05,PVQ,,39
vote_prev,qes_crop_2007_2010,poll_2008_05,QS,,31
vote_prev,qes_crop_2007_2010,poll_2008_05,other,,2
vote_prev,qes_crop_2007_2010,poll_2008_05,,dk_refused,99
vote_prev,qes_crop_2007_2010,poll_2008_05,,not_voted,113
vote_prev,qes_crop_2007_2010,poll_2008_06,ADQ,,197
vote_prev,qes_crop_2007_2010,poll_2008_06,PLQ,,223
vote_prev,qes_crop_2007_2010,poll_2008_06,PQ,,278
vote_prev,qes_crop_2007_2010,poll_2008_06,PVQ,,32
vote_prev,qes_crop_2007_2010,poll_2008_06,QS,,39
vote_prev,qes_crop_2007_2010,poll_2008_06,,dk_refused,92
vote_prev,qes_crop_2007_2010,poll_2008_06,,not_voted,140
vote_prev,qes_crop_2007_2010,poll_2008_08,ADQ,,178
vote_prev,qes_crop_2007_2010,poll_2008_08,PLQ,,280
vote_prev,qes_crop_2007_2010,poll_2008_08,PQ,,250
vote_prev,qes_crop_2007_2010,poll_2008_08,PVQ,,30
vote_prev,qes_crop_2007_2010,poll_2008_08,QS,,31
vote_prev,qes_crop_2007_2010,poll_2008_08,,dk_refused,108
vote_prev,qes_crop_2007_2010,poll_2008_08,,not_voted,126
vote_prev,qes_crop_2007_2010,poll_2008_09,ADQ,,182
vote_prev,qes_crop_2007_2010,poll_2008_09,PLQ,,289
vote_prev,qes_crop_2007_2010,poll_2008_09,PQ,,273
vote_prev,qes_crop_2007_2010,poll_2008_09,PVQ,,32
vote_prev,qes_crop_2007_2010,poll_2008_09,QS,,30
vote_prev,qes_crop_2007_2010,poll_2008_09,other,,1
vote_prev,qes_crop_2007_2010,poll_2008_09,,dk_refused,87
vote_prev,qes_crop_2007_2010,poll_2008_09,,not_voted,106
vote_prev,qes_crop_2007_2010,poll_2008_10,ADQ,,170
vote_prev,qes_crop_2007_2010,poll_2008_10,PLQ,,232
vote_prev,qes_crop_2007_2010,poll_2008_10,PQ,,286
vote_prev,qes_crop_2007_2010,poll_2008_10,PVQ,,26
vote_prev,qes_crop_2007_2010,poll_2008_10,QS,,26
vote_prev,qes_crop_2007_2010,poll_2008_10,other,,1
vote_prev,qes_crop_2007_2010,poll_2008_10,,dk_refused,122
vote_prev,qes_crop_2007_2010,poll_2008_10,,not_voted,138
vote_prev,qes_crop_2007_2010,poll_2008_11,ADQ,,190
vote_prev,qes_crop_2007_2010,poll_2008_11,PLQ,,252
vote_prev,qes_crop_2007_2010,poll_2008_11,PQ,,289
vote_prev,qes_crop_2007_2010,poll_2008_11,PVQ,,39
vote_prev,qes_crop_2007_2010,poll_2008_11,QS,,23
vote_prev,qes_crop_2007_2010,poll_2008_11,other,,1
vote_prev,qes_crop_2007_2010,poll_2008_11,,dk_refused,74
vote_prev,qes_crop_2007_2010,poll_2008_11,,not_voted,135
vote_prev,qes_crop_2007_2010,poll_2009_01,ADQ,,103
vote_prev,qes_crop_2007_2010,poll_2009_01,PLQ,,265
vote_prev,qes_crop_2007_2010,poll_2009_01,PQ,,271
vote_prev,qes_crop_2007_2010,poll_2009_01,PVQ,,33
vote_prev,qes_crop_2007_2010,poll_2009_01,QS,,39
vote_prev,qes_crop_2007_2010,poll_2009_01,other,,2
vote_prev,qes_crop_2007_2010,poll_2009_01,,dk_refused,104
vote_prev,qes_crop_2007_2010,poll_2009_01,,not_voted,183
vote_prev,qes_crop_2007_2010,poll_2009_03,ADQ,,113
vote_prev,qes_crop_2007_2010,poll_2009_03,PLQ,,269
vote_prev,qes_crop_2007_2010,poll_2009_03,PQ,,259
vote_prev,qes_crop_2007_2010,poll_2009_03,PVQ,,27
vote_prev,qes_crop_2007_2010,poll_2009_03,QS,,39
vote_prev,qes_crop_2007_2010,poll_2009_03,,dk_refused,111
vote_prev,qes_crop_2007_2010,poll_2009_03,,not_voted,183
vote_prev,qes_crop_2007_2010,poll_2009_04,ADQ,,111
vote_prev,qes_crop_2007_2010,poll_2009_04,PLQ,,294
vote_prev,qes_crop_2007_2010,poll_2009_04,PQ,,289
vote_prev,qes_crop_2007_2010,poll_2009_04,PVQ,,38
vote_prev,qes_crop_2007_2010,poll_2009_04,QS,,36
vote_prev,qes_crop_2007_2010,poll_2009_04,other,,1
vote_prev,qes_crop_2007_2010,poll_2009_04,,dk_refused,77
vote_prev,qes_crop_2007_2010,poll_2009_04,,not_voted,154
vote_prev,qes_crop_2007_2010,poll_2009_05,ADQ,,112
vote_prev,qes_crop_2007_2010,poll_2009_05,PLQ,,278
vote_prev,qes_crop_2007_2010,poll_2009_05,PQ,,285
vote_prev,qes_crop_2007_2010,poll_2009_05,PVQ,,38
vote_prev,qes_crop_2007_2010,poll_2009_05,QS,,50
vote_prev,qes_crop_2007_2010,poll_2009_05,other,,2
vote_prev,qes_crop_2007_2010,poll_2009_05,,dk_refused,97
vote_prev,qes_crop_2007_2010,poll_2009_05,,not_voted,139
vote_prev,qes_crop_2007_2010,poll_2009_06,ADQ,,123
vote_prev,qes_crop_2007_2010,poll_2009_06,PLQ,,301
vote_prev,qes_crop_2007_2010,poll_2009_06,PQ,,271
vote_prev,qes_crop_2007_2010,poll_2009_06,PVQ,,28
vote_prev,qes_crop_2007_2010,poll_2009_06,QS,,33
vote_prev,qes_crop_2007_2010,poll_2009_06,other,,4
vote_prev,qes_crop_2007_2010,poll_2009_06,,dk_refused,109
vote_prev,qes_crop_2007_2010,poll_2009_06,,not_voted,134
vote_prev,qes_crop_2007_2010,poll_2009_08,ADQ,,113
vote_prev,qes_crop_2007_2010,poll_2009_08,PLQ,,285
vote_prev,qes_crop_2007_2010,poll_2009_08,PQ,,296
vote_prev,qes_crop_2007_2010,poll_2009_08,PVQ,,38
vote_prev,qes_crop_2007_2010,poll_2009_08,QS,,38
vote_prev,qes_crop_2007_2010,poll_2009_08,other,,2
vote_prev,qes_crop_2007_2010,poll_2009_08,,dk_refused,86
vote_prev,qes_crop_2007_2010,poll_2009_08,,not_voted,145
vote_prev,qes_crop_2007_2010,poll_2009_09,ADQ,,115
vote_prev,qes_crop_2007_2010,poll_2009_09,PLQ,,307
vote_prev,qes_crop_2007_2010,poll_2009_09,PQ,,272
vote_prev,qes_crop_2007_2010,poll_2009_09,PVQ,,35
vote_prev,qes_crop_2007_2010,poll_2009_09,QS,,30
vote_prev,qes_crop_2007_2010,poll_2009_09,,dk_refused,99
vote_prev,qes_crop_2007_2010,poll_2009_09,,not_voted,142
vote_prev,qes_crop_2007_2010,poll_2009_10,ADQ,,131
vote_prev,qes_crop_2007_2010,poll_2009_10,PLQ,,261
vote_prev,qes_crop_2007_2010,poll_2009_10,PQ,,289
vote_prev,qes_crop_2007_2010,poll_2009_10,PVQ,,30
vote_prev,qes_crop_2007_2010,poll_2009_10,QS,,33
vote_prev,qes_crop_2007_2010,poll_2009_10,other,,2
vote_prev,qes_crop_2007_2010,poll_2009_10,,dk_refused,99
vote_prev,qes_crop_2007_2010,poll_2009_10,,not_voted,155
vote_prev,qes_crop_2007_2010,poll_2010_01,ADQ,,85
vote_prev,qes_crop_2007_2010,poll_2010_01,PLQ,,291
vote_prev,qes_crop_2007_2010,poll_2010_01,PQ,,263
vote_prev,qes_crop_2007_2010,poll_2010_01,PVQ,,34
vote_prev,qes_crop_2007_2010,poll_2010_01,QS,,37
vote_prev,qes_crop_2007_2010,poll_2010_01,other,,2
vote_prev,qes_crop_2007_2010,poll_2010_01,,dk_refused,112
vote_prev,qes_crop_2007_2010,poll_2010_01,,not_voted,176
pid,qes1998,post,,not_asked,1483
pid,qes1998,pre,,not_asked,1483
pid,qes2007,post,ADQ,,480
pid,qes2007,post,PLQ,,495
pid,qes2007,post,PQ,,644
pid,qes2007,post,PVQ,,66
pid,qes2007,post,QS,,85
pid,qes2007,post,none,,295
pid,qes2007,post,other,,4
pid,qes2007,post,,dk,42
pid,qes2007,post,,refused,64
pid,qes2007_panel,NA,,not_asked,1
pid,qes2007_panel,post,,not_asked,2054
pid,qes2007_panel,pre,,not_asked,2050
pid,qes2008,post,ADQ,,139
pid,qes2008,post,PLQ,,318
pid,qes2008,post,PQ,,385
pid,qes2008,post,PVQ,,24
pid,qes2008,post,QS,,34
pid,qes2008,post,none,,182
pid,qes2008,post,other,,1
pid,qes2008,post,,dk,24
pid,qes2008,post,,refused,44
pid,qes2012,post,CAQ,,202
pid,qes2012,post,ON,,28
pid,qes2012,post,PLQ,,323
pid,qes2012,post,PQ,,449
pid,qes2012,post,PVQ,,30
pid,qes2012,post,QS,,102
pid,qes2012,post,none,,227
pid,qes2012,post,,dk,93
pid,qes2012,post,,refused,51
pid,qes2012_panel,post,,not_asked,844
pid,qes2012_panel,pre,,not_asked,844
pid,qes2014,post,CAQ,,192
pid,qes2014,post,ON,,10
pid,qes2014,post,PLQ,,480
pid,qes2014,post,PQ,,378
pid,qes2014,post,PVQ,,29
pid,qes2014,post,QS,,113
pid,qes2014,post,none,,181
pid,qes2014,post,,dk,92
pid,qes2014,post,,refused,42
pid,qes2018,post,CAQ,,533
pid,qes2018,post,PLQ,,727
pid,qes2018,post,PQ,,528
pid,qes2018,post,QS,,389
pid,qes2018,post,none,,478
pid,qes2018,post,,dk,312
pid,qes2018,post,,refused,105
pid,qes2018_panel,post,,not_asked,842
pid,qes2018_panel,pre,,not_asked,1250
pid,qes2022,cps,CAQ,,472
pid,qes2022,cps,PCQ,,176
pid,qes2022,cps,PLQ,,211
pid,qes2022,cps,PQ,,221
pid,qes2022,cps,QS,,257
pid,qes2022,cps,none,,169
pid,qes2022,cps,other,,15
pid,qes2022,pes,,not_in_wave,1220
pid,qes_crop_2007_2010,poll_2007_06,,not_asked,1000
pid,qes_crop_2007_2010,poll_2007_08,,not_asked,1003
pid,qes_crop_2007_2010,poll_2007_09,,not_asked,1001
pid,qes_crop_2007_2010,poll_2007_10,,not_asked,1001
pid,qes_crop_2007_2010,poll_2007_11,,not_asked,1002
pid,qes_crop_2007_2010,poll_2008_01,,not_asked,1000
pid,qes_crop_2007_2010,poll_2008_02,,not_asked,1000
pid,qes_crop_2007_2010,poll_2008_03,,not_asked,1004
pid,qes_crop_2007_2010,poll_2008_04,,not_asked,1000
pid,qes_crop_2007_2010,poll_2008_05,,not_asked,1000
pid,qes_crop_2007_2010,poll_2008_06,,not_asked,1001
pid,qes_crop_2007_2010,poll_2008_08,,not_asked,1003
pid,qes_crop_2007_2010,poll_2008_09,,not_asked,1000
pid,qes_crop_2007_2010,poll_2008_10,,not_asked,1001
pid,qes_crop_2007_2010,poll_2008_11,,not_asked,1003
pid,qes_crop_2007_2010,poll_2009_01,,not_asked,1000
pid,qes_crop_2007_2010,poll_2009_03,,not_asked,1001
pid,qes_crop_2007_2010,poll_2009_04,,not_asked,1000
pid,qes_crop_2007_2010,poll_2009_05,,not_asked,1001
pid,qes_crop_2007_2010,poll_2009_06,,not_asked,1003
pid,qes_crop_2007_2010,poll_2009_08,,not_asked,1003
pid,qes_crop_2007_2010,poll_2009_09,,not_asked,1000
pid,qes_crop_2007_2010,poll_2009_10,,not_asked,1000
pid,qes_crop_2007_2010,poll_2010_01,,not_asked,1000
lr,qes1998,post,,not_asked,1483
lr,qes1998,pre,,not_asked,1483
lr,qes2007,post,,not_asked,2175
lr,qes2007_panel,NA,,not_asked,1
lr,qes2007_panel,post,,not_asked,2054
lr,qes2007_panel,pre,,not_asked,2050
lr,qes2008,post,,not_asked,1151
lr,qes2012,post,0,,39
lr,qes2012,post,1,,24
lr,qes2012,post,10,,48
lr,qes2012,post,2,,88
lr,qes2012,post,3,,143
lr,qes2012,post,4,,149
lr,qes2012,post,5,,232
lr,qes2012,post,6,,166
lr,qes2012,post,7,,154
lr,qes2012,post,8,,122
lr,qes2012,post,9,,39
lr,qes2012,post,,dk,256
lr,qes2012,post,,refused,45
lr,qes2012_panel,post,,not_asked,844
lr,qes2012_panel,pre,,not_asked,844
lr,qes2014,post,0,,55
lr,qes2014,post,1,,27
lr,qes2014,post,10,,87
lr,qes2014,post,2,,60
lr,qes2014,post,3,,123
lr,qes2014,post,4,,152
lr,qes2014,post,5,,275
lr,qes2014,post,6,,139
lr,qes2014,post,7,,142
lr,qes2014,post,8,,101
lr,qes2014,post,9,,34
lr,qes2014,post,,dk,268
lr,qes2014,post,,refused,54
lr,qes2018,post,0,,84
lr,qes2018,post,1,,71
lr,qes2018,post,10,,115
lr,qes2018,post,2,,133
lr,qes2018,post,3,,235
lr,qes2018,post,4,,257
lr,qes2018,post,5,,657
lr,qes2018,post,6,,318
lr,qes2018,post,7,,302
lr,qes2018,post,8,,232
lr,qes2018,post,9,,86
lr,qes2018,post,,dk,494
lr,qes2018,post,,refused,88
lr,qes2018_panel,post,0,,9
lr,qes2018_panel,post,1,,9
lr,qes2018_panel,post,10,,22
lr,qes2018_panel,post,2,,40
lr,qes2018_panel,post,3,,69
lr,qes2018_panel,post,4,,64
lr,qes2018_panel,post,5,,280
lr,qes2018_panel,post,6,,77
lr,qes2018_panel,post,7,,80
lr,qes2018_panel,post,8,,54
lr,qes2018_panel,post,9,,16
lr,qes2018_panel,post,,dk_refused,122
lr,qes2018_panel,pre,,not_in_wave,1250
lr,qes2022,cps,0,,32
lr,qes2022,cps,1,,36
lr,qes2022,cps,10,,30
lr,qes2022,cps,2,,111
lr,qes2022,cps,3,,165
lr,qes2022,cps,4,,182
lr,qes2022,cps,5,,418
lr,qes2022,cps,6,,221
lr,qes2022,cps,7,,183
lr,qes2022,cps,8,,84
lr,qes2022,cps,9,,25
lr,qes2022,cps,,no_answer,34
lr,qes2022,pes,,not_in_wave,1220
lr,qes_crop_2007_2010,poll_2007_06,,not_asked,1000
lr,qes_crop_2007_2010,poll_2007_08,,not_asked,1003
lr,qes_crop_2007_2010,poll_2007_09,,not_asked,1001
lr,qes_crop_2007_2010,poll_2007_10,,not_asked,1001
lr,qes_crop_2007_2010,poll_2007_11,,not_asked,1002
lr,qes_crop_2007_2010,poll_2008_01,,not_asked,1000
lr,qes_crop_2007_2010,poll_2008_02,,not_asked,1000
lr,qes_crop_2007_2010,poll_2008_03,,not_asked,1004
lr,qes_crop_2007_2010,poll_2008_04,,not_asked,1000
lr,qes_crop_2007_2010,poll_2008_05,,not_asked,1000
lr,qes_crop_2007_2010,poll_2008_06,,not_asked,1001
lr,qes_crop_2007_2010,poll_2008_08,,not_asked,1003
lr,qes_crop_2007_2010,poll_2008_09,,not_asked,1000
lr,qes_crop_2007_2010,poll_2008_10,,not_asked,1001
lr,qes_crop_2007_2010,poll_2008_11,,not_asked,1003
lr,qes_crop_2007_2010,poll_2009_01,,not_asked,1000
lr,qes_crop_2007_2010,poll_2009_03,,not_asked,1001
lr,qes_crop_2007_2010,poll_2009_04,,not_asked,1000
lr,qes_crop_2007_2010,poll_2009_05,,not_asked,1001
lr,qes_crop_2007_2010,poll_2009_06,,not_asked,1003
lr,qes_crop_2007_2010,poll_2009_08,,not_asked,1003
lr,qes_crop_2007_2010,poll_2009_09,,not_asked,1000
lr,qes_crop_2007_2010,poll_2009_10,,not_asked,1000
lr,qes_crop_2007_2010,poll_2010_01,,not_asked,1000
interest,qes1998,post,,not_asked,1483
interest,qes1998,pre,,not_asked,1483
interest,qes2007,post,high,,853
interest,qes2007,post,low,,265
interest,qes2007,post,medium,,1047
interest,qes2007,post,,dk,4
interest,qes2007,post,,refused,6
interest,qes2007_panel,NA,,not_in_wave,1
interest,qes2007_panel,post,,not_in_wave,2054
interest,qes2007_panel,pre,high,,420
interest,qes2007_panel,pre,low,,950
interest,qes2007_panel,pre,medium,,676
interest,qes2007_panel,pre,,dk_refused,3
interest,qes2007_panel,pre,,sysmis,1
interest,qes2008,post,high,,257
interest,qes2008,post,low,,435
interest,qes2008,post,medium,,455
interest,qes2008,post,,dk,2
interest,qes2008,post,,refused,2
interest,qes2012,post,high,,335
interest,qes2012,post,low,,458
interest,qes2012,post,medium,,696
interest,qes2012,post,,dk,10
interest,qes2012,post,,refused,6
interest,qes2012_panel,post,,not_asked,844
interest,qes2012_panel,pre,,not_asked,844
interest,qes2014,post,high,,379
interest,qes2014,post,low,,406
interest,qes2014,post,medium,,721
interest,qes2014,post,,dk,5
interest,qes2014,post,,refused,6
interest,qes2018,post,high,,743
interest,qes2018,post,low,,847
interest,qes2018,post,medium,,1422
interest,qes2018,post,,dk,40
interest,qes2018,post,,refused,20
interest,qes2018_panel,post,,not_asked,842
interest,qes2018_panel,pre,,not_asked,1250
interest,qes2022,cps,high,,642
interest,qes2022,cps,low,,238
interest,qes2022,cps,medium,,628
interest,qes2022,cps,,no_answer,13
interest,qes2022,pes,,not_in_wave,1220
interest,qes_crop_2007_2010,poll_2007_06,,not_asked,1000
interest,qes_crop_2007_2010,poll_2007_08,,not_asked,1003
interest,qes_crop_2007_2010,poll_2007_09,,not_asked,1001
interest,qes_crop_2007_2010,poll_2007_10,,not_asked,1001
interest,qes_crop_2007_2010,poll_2007_11,,not_asked,1002
interest,qes_crop_2007_2010,poll_2008_01,,not_asked,1000
interest,qes_crop_2007_2010,poll_2008_02,,not_asked,1000
interest,qes_crop_2007_2010,poll_2008_03,,not_asked,1004
interest,qes_crop_2007_2010,poll_2008_04,,not_asked,1000
interest,qes_crop_2007_2010,poll_2008_05,,not_asked,1000
interest,qes_crop_2007_2010,poll_2008_06,,not_asked,1001
interest,qes_crop_2007_2010,poll_2008_08,,not_asked,1003
interest,qes_crop_2007_2010,poll_2008_09,,not_asked,1000
interest,qes_crop_2007_2010,poll_2008_10,,not_asked,1001
interest,qes_crop_2007_2010,poll_2008_11,,not_asked,1003
interest,qes_crop_2007_2010,poll_2009_01,,not_asked,1000
interest,qes_crop_2007_2010,poll_2009_03,,not_asked,1001
interest,qes_crop_2007_2010,poll_2009_04,,not_asked,1000
interest,qes_crop_2007_2010,poll_2009_05,,not_asked,1001
interest,qes_crop_2007_2010,poll_2009_06,,not_asked,1003
interest,qes_crop_2007_2010,poll_2009_08,,not_asked,1003
interest,qes_crop_2007_2010,poll_2009_09,,not_asked,1000
interest,qes_crop_2007_2010,poll_2009_10,,not_asked,1000
interest,qes_crop_2007_2010,poll_2010_01,,not_asked,1000
interest_01,qes1998,post,,not_asked,1483
interest_01,qes1998,pre,,not_asked,1483
interest_01,qes2007,post,0,,74
interest_01,qes2007,post,0.1,,33
interest_01,qes2007,post,0.2,,74
interest_01,qes2007,post,0.3,,84
interest_01,qes2007,post,0.4,,102
interest_01,qes2007,post,0.5,,317
interest_01,qes2007,post,0.6,,240
interest_01,qes2007,post,0.7,,388
interest_01,qes2007,post,0.8,,430
interest_01,qes2007,post,0.9,,153
interest_01,qes2007,post,1,,270
interest_01,qes2007,post,,dk,4
interest_01,qes2007,post,,refused,6
interest_01,qes2007_panel,NA,,not_in_wave,1
interest_01,qes2007_panel,post,,not_in_wave,2054
interest_01,qes2007_panel,pre,0,,289
interest_01,qes2007_panel,pre,0.3,,661
interest_01,qes2007_panel,pre,0.7,,676
interest_01,qes2007_panel,pre,1,,420
interest_01,qes2007_panel,pre,,dk_refused,3
interest_01,qes2007_panel,pre,,sysmis,1
interest_01,qes2008,post,0,,144
interest_01,qes2008,post,0.1,,66
interest_01,qes2008,post,0.2,,104
interest_01,qes2008,post,0.3,,121
interest_01,qes2008,post,0.4,,77
interest_01,qes2008,post,0.5,,168
interest_01,qes2008,post,0.6,,93
interest_01,qes2008,post,0.7,,117
interest_01,qes2008,post,0.8,,84
interest_01,qes2008,post,0.9,,29
interest_01,qes2008,post,1,,144
interest_01,qes2008,post,,dk,2
interest_01,qes2008,post,,refused,2
interest_01,qes2012,post,0,,78
interest_01,qes2012,post,0.3,,380
interest_01,qes2012,post,0.7,,696
interest_01,qes2012,post,1,,335
interest_01,qes2012,post,,dk,10
interest_01,qes2012,post,,refused,6
interest_01,qes2012_panel,post,,not_asked,844
interest_01,qes2012_panel,pre,,not_asked,844
interest_01,qes2014,post,0,,71
interest_01,qes2014,post,0.3,,335
interest_01,qes2014,post,0.7,,721
interest_01,qes2014,post,1,,379
interest_01,qes2014,post,,dk,5
interest_01,qes2014,post,,refused,6
interest_01,qes2018,post,0,,160
interest_01,qes2018,post,0.3,,687
interest_01,qes2018,post,0.7,,1422
interest_01,qes2018,post,1,,743
interest_01,qes2018,post,,dk,40
interest_01,qes2018,post,,refused,20
interest_01,qes2018_panel,post,,not_asked,842
interest_01,qes2018_panel,pre,,not_asked,1250
interest_01,qes2022,cps,0,,40
interest_01,qes2022,cps,0.1,,40
interest_01,qes2022,cps,0.2,,69
interest_01,qes2022,cps,0.3,,89
interest_01,qes2022,cps,0.4,,69
interest_01,qes2022,cps,0.5,,130
interest_01,qes2022,cps,0.6,,172
interest_01,qes2022,cps,0.7,,257
interest_01,qes2022,cps,0.8,,296
interest_01,qes2022,cps,0.9,,167
interest_01,qes2022,cps,1,,179
interest_01,qes2022,cps,,no_answer,13
interest_01,qes2022,pes,,not_in_wave,1220
interest_01,qes_crop_2007_2010,poll_2007_06,,not_asked,1000
interest_01,qes_crop_2007_2010,poll_2007_08,,not_asked,1003
interest_01,qes_crop_2007_2010,poll_2007_09,,not_asked,1001
interest_01,qes_crop_2007_2010,poll_2007_10,,not_asked,1001
interest_01,qes_crop_2007_2010,poll_2007_11,,not_asked,1002
interest_01,qes_crop_2007_2010,poll_2008_01,,not_asked,1000
interest_01,qes_crop_2007_2010,poll_2008_02,,not_asked,1000
interest_01,qes_crop_2007_2010,poll_2008_03,,not_asked,1004
interest_01,qes_crop_2007_2010,poll_2008_04,,not_asked,1000
interest_01,qes_crop_2007_2010,poll_2008_05,,not_asked,1000
interest_01,qes_crop_2007_2010,poll_2008_06,,not_asked,1001
interest_01,qes_crop_2007_2010,poll_2008_08,,not_asked,1003
interest_01,qes_crop_2007_2010,poll_2008_09,,not_asked,1000
interest_01,qes_crop_2007_2010,poll_2008_10,,not_asked,1001
interest_01,qes_crop_2007_2010,poll_2008_11,,not_asked,1003
interest_01,qes_crop_2007_2010,poll_2009_01,,not_asked,1000
interest_01,qes_crop_2007_2010,poll_2009_03,,not_asked,1001
interest_01,qes_crop_2007_2010,poll_2009_04,,not_asked,1000
interest_01,qes_crop_2007_2010,poll_2009_05,,not_asked,1001
interest_01,qes_crop_2007_2010,poll_2009_06,,not_asked,1003
interest_01,qes_crop_2007_2010,poll_2009_08,,not_asked,1003
interest_01,qes_crop_2007_2010,poll_2009_09,,not_asked,1000
interest_01,qes_crop_2007_2010,poll_2009_10,,not_asked,1000
interest_01,qes_crop_2007_2010,poll_2010_01,,not_asked,1000
sovereignty,qes1998,post,,not_in_wave,1483
sovereignty,qes1998,pre,no,,215
sovereignty,qes1998,pre,yes,,165
sovereignty,qes1998,pre,,dk,21
sovereignty,qes1998,pre,,inapplicable,1057
sovereignty,qes1998,pre,,not_mappable,8
sovereignty,qes1998,pre,,refused,17
sovereignty,qes2007,post,no,,1158
sovereignty,qes2007,post,yes,,853
sovereignty,qes2007,post,,dk,91
sovereignty,qes2007,post,,not_mappable,36
sovereignty,qes2007,post,,refused,37
sovereignty,qes2007_panel,NA,,not_in_wave,1
sovereignty,qes2007_panel,post,,not_in_wave,2054
sovereignty,qes2007_panel,pre,no,,1048
sovereignty,qes2007_panel,pre,yes,,851
sovereignty,qes2007_panel,pre,,dk,82
sovereignty,qes2007_panel,pre,,not_mappable,32
sovereignty,qes2007_panel,pre,,refused,36
sovereignty,qes2007_panel,pre,,sysmis,1
sovereignty,qes2008,post,no,,563
sovereignty,qes2008,post,yes,,475
sovereignty,qes2008,post,,dk,71
sovereignty,qes2008,post,,not_mappable,16
sovereignty,qes2008,post,,refused,26
sovereignty,qes2012,post,no,,756
sovereignty,qes2012,post,yes,,567
sovereignty,qes2012,post,,dk,156
sovereignty,qes2012,post,,refused,26
sovereignty,qes2012_panel,post,,not_in_wave,844
sovereignty,qes2012_panel,pre,no,,482
sovereignty,qes2012_panel,pre,yes,,261
sovereignty,qes2012_panel,pre,,dk,88
sovereignty,qes2012_panel,pre,,not_mappable,7
sovereignty,qes2012_panel,pre,,refused,6
sovereignty,qes2014,post,no,,891
sovereignty,qes2014,post,yes,,462
sovereignty,qes2014,post,,dk,148
sovereignty,qes2014,post,,refused,16
sovereignty,qes2018,post,no,,1671
sovereignty,qes2018,post,yes,,887
sovereignty,qes2018,post,,dk,463
sovereignty,qes2018,post,,refused,51
sovereignty,qes2018_panel,post,no,,546
sovereignty,qes2018_panel,post,yes,,234
sovereignty,qes2018_panel,post,,dk_refused,62
sovereignty,qes2018_panel,pre,,not_in_wave,1250
sovereignty,qes2022,cps,no,,817
sovereignty,qes2022,cps,yes,,467
sovereignty,qes2022,cps,,dk,237
sovereignty,qes2022,pes,,not_in_wave,1220
sovereignty,qes_crop_2007_2010,poll_2007_06,no,,654
sovereignty,qes_crop_2007_2010,poll_2007_06,yes,,299
sovereignty,qes_crop_2007_2010,poll_2007_06,,dk,24
sovereignty,qes_crop_2007_2010,poll_2007_06,,not_mappable,9
sovereignty,qes_crop_2007_2010,poll_2007_06,,refused,14
sovereignty,qes_crop_2007_2010,poll_2007_08,no,,560
sovereignty,qes_crop_2007_2010,poll_2007_08,yes,,365
sovereignty,qes_crop_2007_2010,poll_2007_08,,dk,35
sovereignty,qes_crop_2007_2010,poll_2007_08,,not_mappable,14
sovereignty,qes_crop_2007_2010,poll_2007_08,,refused,29
sovereignty,qes_crop_2007_2010,poll_2007_09,no,,551
sovereignty,qes_crop_2007_2010,poll_2007_09,yes,,376
sovereignty,qes_crop_2007_2010,poll_2007_09,,dk,36
sovereignty,qes_crop_2007_2010,poll_2007_09,,not_mappable,14
sovereignty,qes_crop_2007_2010,poll_2007_09,,refused,24
sovereignty,qes_crop_2007_2010,poll_2007_10,no,,572
sovereignty,qes_crop_2007_2010,poll_2007_10,yes,,335
sovereignty,qes_crop_2007_2010,poll_2007_10,,dk,44
sovereignty,qes_crop_2007_2010,poll_2007_10,,not_mappable,12
sovereignty,qes_crop_2007_2010,poll_2007_10,,refused,38
sovereignty,qes_crop_2007_2010,poll_2007_11,no,,560
sovereignty,qes_crop_2007_2010,poll_2007_11,yes,,378
sovereignty,qes_crop_2007_2010,poll_2007_11,,dk,34
sovereignty,qes_crop_2007_2010,poll_2007_11,,not_mappable,5
sovereignty,qes_crop_2007_2010,poll_2007_11,,refused,25
sovereignty,qes_crop_2007_2010,poll_2008_01,no,,556
sovereignty,qes_crop_2007_2010,poll_2008_01,yes,,381
sovereignty,qes_crop_2007_2010,poll_2008_01,,dk,27
sovereignty,qes_crop_2007_2010,poll_2008_01,,not_mappable,6
sovereignty,qes_crop_2007_2010,poll_2008_01,,refused,30
sovereignty,qes_crop_2007_2010,poll_2008_02,no,,541
sovereignty,qes_crop_2007_2010,poll_2008_02,yes,,393
sovereignty,qes_crop_2007_2010,poll_2008_02,,dk,29
sovereignty,qes_crop_2007_2010,poll_2008_02,,not_mappable,13
sovereignty,qes_crop_2007_2010,poll_2008_02,,refused,24
sovereignty,qes_crop_2007_2010,poll_2008_03,no,,601
sovereignty,qes_crop_2007_2010,poll_2008_03,yes,,348
sovereignty,qes_crop_2007_2010,poll_2008_03,,dk,29
sovereignty,qes_crop_2007_2010,poll_2008_03,,not_mappable,8
sovereignty,qes_crop_2007_2010,poll_2008_03,,refused,18
sovereignty,qes_crop_2007_2010,poll_2008_04,no,,552
sovereignty,qes_crop_2007_2010,poll_2008_04,yes,,354
sovereignty,qes_crop_2007_2010,poll_2008_04,,dk,39
sovereignty,qes_crop_2007_2010,poll_2008_04,,not_mappable,14
sovereignty,qes_crop_2007_2010,poll_2008_04,,refused,41
sovereignty,qes_crop_2007_2010,poll_2008_05,no,,527
sovereignty,qes_crop_2007_2010,poll_2008_05,yes,,407
sovereignty,qes_crop_2007_2010,poll_2008_05,,dk,32
sovereignty,qes_crop_2007_2010,poll_2008_05,,not_mappable,7
sovereignty,qes_crop_2007_2010,poll_2008_05,,refused,27
sovereignty,qes_crop_2007_2010,poll_2008_06,no,,530
sovereignty,qes_crop_2007_2010,poll_2008_06,yes,,400
sovereignty,qes_crop_2007_2010,poll_2008_06,,dk,47
sovereignty,qes_crop_2007_2010,poll_2008_06,,not_mappable,13
sovereignty,qes_crop_2007_2010,poll_2008_06,,refused,11
sovereignty,qes_crop_2007_2010,poll_2008_08,no,,580
sovereignty,qes_crop_2007_2010,poll_2008_08,yes,,337
sovereignty,qes_crop_2007_2010,poll_2008_08,,dk,39
sovereignty,qes_crop_2007_2010,poll_2008_08,,not_mappable,15
sovereignty,qes_crop_2007_2010,poll_2008_08,,refused,32
sovereignty,qes_crop_2007_2010,poll_2008_09,no,,577
sovereignty,qes_crop_2007_2010,poll_2008_09,yes,,376
sovereignty,qes_crop_2007_2010,poll_2008_09,,dk,22
sovereignty,qes_crop_2007_2010,poll_2008_09,,not_mappable,7
sovereignty,qes_crop_2007_2010,poll_2008_09,,refused,18
sovereignty,qes_crop_2007_2010,poll_2008_10,no,,595
sovereignty,qes_crop_2007_2010,poll_2008_10,yes,,340
sovereignty,qes_crop_2007_2010,poll_2008_10,,dk,25
sovereignty,qes_crop_2007_2010,poll_2008_10,,not_mappable,15
sovereignty,qes_crop_2007_2010,poll_2008_10,,refused,26
sovereignty,qes_crop_2007_2010,poll_2008_11,no,,592
sovereignty,qes_crop_2007_2010,poll_2008_11,yes,,364
sovereignty,qes_crop_2007_2010,poll_2008_11,,dk,24
sovereignty,qes_crop_2007_2010,poll_2008_11,,not_mappable,12
sovereignty,qes_crop_2007_2010,poll_2008_11,,refused,11
sovereignty,qes_crop_2007_2010,poll_2009_01,no,,534
sovereignty,qes_crop_2007_2010,poll_2009_01,yes,,378
sovereignty,qes_crop_2007_2010,poll_2009_01,,dk,53
sovereignty,qes_crop_2007_2010,poll_2009_01,,not_mappable,7
sovereignty,qes_crop_2007_2010,poll_2009_01,,refused,28
sovereignty,qes_crop_2007_2010,poll_2009_03,no,,547
sovereignty,qes_crop_2007_2010,poll_2009_03,yes,,367
sovereignty,qes_crop_2007_2010,poll_2009_03,,dk,53
sovereignty,qes_crop_2007_2010,poll_2009_03,,not_mappable,9
sovereignty,qes_crop_2007_2010,poll_2009_03,,refused,25
sovereignty,qes_crop_2007_2010,poll_2009_04,no,,574
sovereignty,qes_crop_2007_2010,poll_2009_04,yes,,359
sovereignty,qes_crop_2007_2010,poll_2009_04,,dk,29
sovereignty,qes_crop_2007_2010,poll_2009_04,,not_mappable,15
sovereignty,qes_crop_2007_2010,poll_2009_04,,refused,23
sovereignty,qes_crop_2007_2010,poll_2009_05,no,,538
sovereignty,qes_crop_2007_2010,poll_2009_05,yes,,383
sovereignty,qes_crop_2007_2010,poll_2009_05,,dk,45
sovereignty,qes_crop_2007_2010,poll_2009_05,,not_mappable,9
sovereignty,qes_crop_2007_2010,poll_2009_05,,refused,26
sovereignty,qes_crop_2007_2010,poll_2009_06,no,,571
sovereignty,qes_crop_2007_2010,poll_2009_06,yes,,370
sovereignty,qes_crop_2007_2010,poll_2009_06,,dk,30
sovereignty,qes_crop_2007_2010,poll_2009_06,,not_mappable,8
sovereignty,qes_crop_2007_2010,poll_2009_06,,refused,24
sovereignty,qes_crop_2007_2010,poll_2009_08,no,,592
sovereignty,qes_crop_2007_2010,poll_2009_08,yes,,356
sovereignty,qes_crop_2007_2010,poll_2009_08,,dk,26
sovereignty,qes_crop_2007_2010,poll_2009_08,,not_mappable,12
sovereignty,qes_crop_2007_2010,poll_2009_08,,refused,17
sovereignty,qes_crop_2007_2010,poll_2009_09,no,,584
sovereignty,qes_crop_2007_2010,poll_2009_09,yes,,348
sovereignty,qes_crop_2007_2010,poll_2009_09,,dk,30
sovereignty,qes_crop_2007_2010,poll_2009_09,,not_mappable,13
sovereignty,qes_crop_2007_2010,poll_2009_09,,refused,25
sovereignty,qes_crop_2007_2010,poll_2009_10,no,,577
sovereignty,qes_crop_2007_2010,poll_2009_10,yes,,356
sovereignty,qes_crop_2007_2010,poll_2009_10,,dk,31
sovereignty,qes_crop_2007_2010,poll_2009_10,,not_mappable,8
sovereignty,qes_crop_2007_2010,poll_2009_10,,refused,28
sovereignty,qes_crop_2007_2010,poll_2010_01,no,,552
sovereignty,qes_crop_2007_2010,poll_2010_01,yes,,367
sovereignty,qes_crop_2007_2010,poll_2010_01,,dk,36
sovereignty,qes_crop_2007_2010,poll_2010_01,,not_mappable,16
sovereignty,qes_crop_2007_2010,poll_2010_01,,refused,29
sovereignty_type,qes1998,post,,not_in_wave,1483
sovereignty_type,qes1998,pre,partnership_1995,,1483
sovereignty_type,qes2007,post,partnership_1995,,2175
sovereignty_type,qes2007_panel,NA,,not_in_wave,1
sovereignty_type,qes2007_panel,post,,not_in_wave,2054
sovereignty_type,qes2007_panel,pre,partnership_1995,,2050
sovereignty_type,qes2008,post,partnership_1995,,1151
sovereignty_type,qes2012,post,independence,,1505
sovereignty_type,qes2012_panel,post,,not_in_wave,844
sovereignty_type,qes2012_panel,pre,sovereign_country,,844
sovereignty_type,qes2014,post,independence,,1517
sovereignty_type,qes2018,post,independence,,3072
sovereignty_type,qes2018_panel,post,favour,,842
sovereignty_type,qes2018_panel,pre,,not_in_wave,1250
sovereignty_type,qes2022,cps,independence,,1521
sovereignty_type,qes2022,pes,,not_in_wave,1220
sovereignty_type,qes_crop_2007_2010,poll_2007_06,crop_undocumented,,1000
sovereignty_type,qes_crop_2007_2010,poll_2007_08,crop_undocumented,,1003
sovereignty_type,qes_crop_2007_2010,poll_2007_09,crop_undocumented,,1001
sovereignty_type,qes_crop_2007_2010,poll_2007_10,crop_undocumented,,1001
sovereignty_type,qes_crop_2007_2010,poll_2007_11,crop_undocumented,,1002
sovereignty_type,qes_crop_2007_2010,poll_2008_01,crop_undocumented,,1000
sovereignty_type,qes_crop_2007_2010,poll_2008_02,crop_undocumented,,1000
sovereignty_type,qes_crop_2007_2010,poll_2008_03,crop_undocumented,,1004
sovereignty_type,qes_crop_2007_2010,poll_2008_04,crop_undocumented,,1000
sovereignty_type,qes_crop_2007_2010,poll_2008_05,crop_undocumented,,1000
sovereignty_type,qes_crop_2007_2010,poll_2008_06,crop_undocumented,,1001
sovereignty_type,qes_crop_2007_2010,poll_2008_08,crop_undocumented,,1003
sovereignty_type,qes_crop_2007_2010,poll_2008_09,crop_undocumented,,1000
sovereignty_type,qes_crop_2007_2010,poll_2008_10,crop_undocumented,,1001
sovereignty_type,qes_crop_2007_2010,poll_2008_11,crop_undocumented,,1003
sovereignty_type,qes_crop_2007_2010,poll_2009_01,crop_undocumented,,1000
sovereignty_type,qes_crop_2007_2010,poll_2009_03,crop_undocumented,,1001
sovereignty_type,qes_crop_2007_2010,poll_2009_04,crop_undocumented,,1000
sovereignty_type,qes_crop_2007_2010,poll_2009_05,crop_undocumented,,1001
sovereignty_type,qes_crop_2007_2010,poll_2009_06,crop_undocumented,,1003
sovereignty_type,qes_crop_2007_2010,poll_2009_08,crop_undocumented,,1003
sovereignty_type,qes_crop_2007_2010,poll_2009_09,crop_undocumented,,1000
sovereignty_type,qes_crop_2007_2010,poll_2009_10,crop_undocumented,,1000
sovereignty_type,qes_crop_2007_2010,poll_2010_01,crop_undocumented,,1000
satis_democracy,qes1998,post,,not_asked,1483
satis_democracy,qes1998,pre,,not_asked,1483
satis_democracy,qes2007,post,fairly,,1130
satis_democracy,qes2007,post,not_at_all,,183
satis_democracy,qes2007,post,not_very,,639
satis_democracy,qes2007,post,very,,184
satis_democracy,qes2007,post,,dk,26
satis_democracy,qes2007,post,,refused,13
satis_democracy,qes2007_panel,NA,,not_asked,1
satis_democracy,qes2007_panel,post,,not_asked,2054
satis_democracy,qes2007_panel,pre,,not_asked,2050
satis_democracy,qes2008,post,fairly,,587
satis_democracy,qes2008,post,not_at_all,,99
satis_democracy,qes2008,post,not_very,,364
satis_democracy,qes2008,post,very,,70
satis_democracy,qes2008,post,,dk,19
satis_democracy,qes2008,post,,refused,12
satis_democracy,qes2012,post,fairly,,772
satis_democracy,qes2012,post,not_at_all,,106
satis_democracy,qes2012,post,not_very,,472
satis_democracy,qes2012,post,very,,95
satis_democracy,qes2012,post,,dk,40
satis_democracy,qes2012,post,,refused,20
satis_democracy,qes2012_panel,post,,not_asked,844
satis_democracy,qes2012_panel,pre,,not_asked,844
satis_democracy,qes2014,post,fairly,,701
satis_democracy,qes2014,post,not_at_all,,155
satis_democracy,qes2014,post,not_very,,509
satis_democracy,qes2014,post,very,,94
satis_democracy,qes2014,post,,dk,42
satis_democracy,qes2014,post,,refused,16
satis_democracy,qes2018,post,fairly,,1547
satis_democracy,qes2018,post,not_at_all,,190
satis_democracy,qes2018,post,not_very,,845
satis_democracy,qes2018,post,very,,279
satis_democracy,qes2018,post,,dk,182
satis_democracy,qes2018,post,,refused,29
satis_democracy,qes2018_panel,post,,not_asked,842
satis_democracy,qes2018_panel,pre,,not_asked,1250
satis_democracy,qes2022,cps,fairly,,839
satis_democracy,qes2022,cps,not_at_all,,123
satis_democracy,qes2022,cps,not_very,,273
satis_democracy,qes2022,cps,very,,284
satis_democracy,qes2022,cps,,no_answer,2
satis_democracy,qes2022,pes,,not_in_wave,1220
satis_democracy,qes_crop_2007_2010,poll_2007_06,,not_asked,1000
satis_democracy,qes_crop_2007_2010,poll_2007_08,,not_asked,1003
satis_democracy,qes_crop_2007_2010,poll_2007_09,,not_asked,1001
satis_democracy,qes_crop_2007_2010,poll_2007_10,,not_asked,1001
satis_democracy,qes_crop_2007_2010,poll_2007_11,,not_asked,1002
satis_democracy,qes_crop_2007_2010,poll_2008_01,,not_asked,1000
satis_democracy,qes_crop_2007_2010,poll_2008_02,,not_asked,1000
satis_democracy,qes_crop_2007_2010,poll_2008_03,,not_asked,1004
satis_democracy,qes_crop_2007_2010,poll_2008_04,,not_asked,1000
satis_democracy,qes_crop_2007_2010,poll_2008_05,,not_asked,1000
satis_democracy,qes_crop_2007_2010,poll_2008_06,,not_asked,1001
satis_democracy,qes_crop_2007_2010,poll_2008_08,,not_asked,1003
satis_democracy,qes_crop_2007_2010,poll_2008_09,,not_asked,1000
satis_democracy,qes_crop_2007_2010,poll_2008_10,,not_asked,1001
satis_democracy,qes_crop_2007_2010,poll_2008_11,,not_asked,1003
satis_democracy,qes_crop_2007_2010,poll_2009_01,,not_asked,1000
satis_democracy,qes_crop_2007_2010,poll_2009_03,,not_asked,1001
satis_democracy,qes_crop_2007_2010,poll_2009_04,,not_asked,1000
satis_democracy,qes_crop_2007_2010,poll_2009_05,,not_asked,1001
satis_democracy,qes_crop_2007_2010,poll_2009_06,,not_asked,1003
satis_democracy,qes_crop_2007_2010,poll_2009_08,,not_asked,1003
satis_democracy,qes_crop_2007_2010,poll_2009_09,,not_asked,1000
satis_democracy,qes_crop_2007_2010,poll_2009_10,,not_asked,1000
satis_democracy,qes_crop_2007_2010,poll_2010_01,,not_asked,1000
gov_satisfaction,qes1998,post,,not_asked,1483
gov_satisfaction,qes1998,pre,fairly,,653
gov_satisfaction,qes1998,pre,not_at_all,,170
gov_satisfaction,qes1998,pre,not_very,,387
gov_satisfaction,qes1998,pre,very,,134
gov_satisfaction,qes1998,pre,,dk_refused,60
gov_satisfaction,qes1998,pre,,sysmis,79
gov_satisfaction,qes2007,post,,not_asked,2175
gov_satisfaction,qes2007_panel,NA,,not_in_wave,1
gov_satisfaction,qes2007_panel,post,,not_in_wave,2054
gov_satisfaction,qes2007_panel,pre,fairly,,670
gov_satisfaction,qes2007_panel,pre,not_at_all,,456
gov_satisfaction,qes2007_panel,pre,not_very,,767
gov_satisfaction,qes2007_panel,pre,very,,85
gov_satisfaction,qes2007_panel,pre,,dk_refused,71
gov_satisfaction,qes2007_panel,pre,,sysmis,1
gov_satisfaction,qes2008,post,,not_asked,1151
gov_satisfaction,qes2012,post,fairly,,397
gov_satisfaction,qes2012,post,not_at_all,,510
gov_satisfaction,qes2012,post,not_very,,454
gov_satisfaction,qes2012,post,very,,82
gov_satisfaction,qes2012,post,,dk,45
gov_satisfaction,qes2012,post,,refused,17
gov_satisfaction,qes2012_panel,post,,not_asked,844
gov_satisfaction,qes2012_panel,pre,,not_asked,844
gov_satisfaction,qes2014,post,fairly,,387
gov_satisfaction,qes2014,post,not_at_all,,586
gov_satisfaction,qes2014,post,not_very,,391
gov_satisfaction,qes2014,post,very,,95
gov_satisfaction,qes2014,post,,dk,36
gov_satisfaction,qes2014,post,,refused,22
gov_satisfaction,qes2018,post,fairly,,766
gov_satisfaction,qes2018,post,not_at_all,,966
gov_satisfaction,qes2018,post,not_very,,932
gov_satisfaction,qes2018,post,very,,204
gov_satisfaction,qes2018,post,,dk,162
gov_satisfaction,qes2018,post,,refused,42
gov_satisfaction,qes2018_panel,post,,not_asked,842
gov_satisfaction,qes2018_panel,pre,,not_asked,1250
gov_satisfaction,qes2022,cps,fairly,,626
gov_satisfaction,qes2022,cps,not_at_all,,265
gov_satisfaction,qes2022,cps,not_very,,334
gov_satisfaction,qes2022,cps,very,,296
gov_satisfaction,qes2022,pes,,not_in_wave,1220
gov_satisfaction,qes_crop_2007_2010,poll_2007_06,,not_asked,1000
gov_satisfaction,qes_crop_2007_2010,poll_2007_08,,not_asked,1003
gov_satisfaction,qes_crop_2007_2010,poll_2007_09,,not_asked,1001
gov_satisfaction,qes_crop_2007_2010,poll_2007_10,,not_asked,1001
gov_satisfaction,qes_crop_2007_2010,poll_2007_11,,not_asked,1002
gov_satisfaction,qes_crop_2007_2010,poll_2008_01,,not_asked,1000
gov_satisfaction,qes_crop_2007_2010,poll_2008_02,,not_asked,1000
gov_satisfaction,qes_crop_2007_2010,poll_2008_03,,not_asked,1004
gov_satisfaction,qes_crop_2007_2010,poll_2008_04,,not_asked,1000
gov_satisfaction,qes_crop_2007_2010,poll_2008_05,,not_asked,1000
gov_satisfaction,qes_crop_2007_2010,poll_2008_06,,not_asked,1001
gov_satisfaction,qes_crop_2007_2010,poll_2008_08,,not_asked,1003
gov_satisfaction,qes_crop_2007_2010,poll_2008_09,,not_asked,1000
gov_satisfaction,qes_crop_2007_2010,poll_2008_10,,not_asked,1001
gov_satisfaction,qes_crop_2007_2010,poll_2008_11,,not_asked,1003
gov_satisfaction,qes_crop_2007_2010,poll_2009_01,,not_asked,1000
gov_satisfaction,qes_crop_2007_2010,poll_2009_03,,not_asked,1001
gov_satisfaction,qes_crop_2007_2010,poll_2009_04,,not_asked,1000
gov_satisfaction,qes_crop_2007_2010,poll_2009_05,,not_asked,1001
gov_satisfaction,qes_crop_2007_2010,poll_2009_06,,not_asked,1003
gov_satisfaction,qes_crop_2007_2010,poll_2009_08,,not_asked,1003
gov_satisfaction,qes_crop_2007_2010,poll_2009_09,,not_asked,1000
gov_satisfaction,qes_crop_2007_2010,poll_2009_10,,not_asked,1000
gov_satisfaction,qes_crop_2007_2010,poll_2010_01,,not_asked,1000
econ_retro,qes1998,post,,not_asked,1483
econ_retro,qes1998,pre,,not_asked,1483
econ_retro,qes2007,post,better,,308
econ_retro,qes2007,post,same,,1172
econ_retro,qes2007,post,worse,,607
econ_retro,qes2007,post,,dk,82
econ_retro,qes2007,post,,refused,6
econ_retro,qes2007_panel,NA,,not_asked,1
econ_retro,qes2007_panel,post,,not_asked,2054
econ_retro,qes2007_panel,pre,,not_asked,2050
econ_retro,qes2008,post,better,,43
econ_retro,qes2008,post,same,,466
econ_retro,qes2008,post,worse,,601
econ_retro,qes2008,post,,dk,37
econ_retro,qes2008,post,,refused,4
econ_retro,qes2012,post,better,,125
econ_retro,qes2012,post,same,,709
econ_retro,qes2012,post,worse,,572
econ_retro,qes2012,post,,dk,92
econ_retro,qes2012,post,,refused,7
econ_retro,qes2012_panel,post,,not_asked,844
econ_retro,qes2012_panel,pre,,not_asked,844
econ_retro,qes2014,post,better,,122
econ_retro,qes2014,post,same,,588
econ_retro,qes2014,post,worse,,713
econ_retro,qes2014,post,,dk,88
econ_retro,qes2014,post,,refused,6
econ_retro,qes2018,post,better,,979
econ_retro,qes2018,post,same,,1261
econ_retro,qes2018,post,worse,,551
econ_retro,qes2018,post,,dk,252
econ_retro,qes2018,post,,refused,29
econ_retro,qes2018_panel,post,,not_asked,842
econ_retro,qes2018_panel,pre,,not_asked,1250
econ_retro,qes2022,cps,better,,267
econ_retro,qes2022,cps,same,,446
econ_retro,qes2022,cps,worse,,808
econ_retro,qes2022,pes,,not_in_wave,1220
econ_retro,qes_crop_2007_2010,poll_2007_06,,not_asked,1000
econ_retro,qes_crop_2007_2010,poll_2007_08,,not_asked,1003
econ_retro,qes_crop_2007_2010,poll_2007_09,,not_asked,1001
econ_retro,qes_crop_2007_2010,poll_2007_10,,not_asked,1001
econ_retro,qes_crop_2007_2010,poll_2007_11,,not_asked,1002
econ_retro,qes_crop_2007_2010,poll_2008_01,,not_asked,1000
econ_retro,qes_crop_2007_2010,poll_2008_02,,not_asked,1000
econ_retro,qes_crop_2007_2010,poll_2008_03,,not_asked,1004
econ_retro,qes_crop_2007_2010,poll_2008_04,,not_asked,1000
econ_retro,qes_crop_2007_2010,poll_2008_05,,not_asked,1000
econ_retro,qes_crop_2007_2010,poll_2008_06,,not_asked,1001
econ_retro,qes_crop_2007_2010,poll_2008_08,,not_asked,1003
econ_retro,qes_crop_2007_2010,poll_2008_09,,not_asked,1000
econ_retro,qes_crop_2007_2010,poll_2008_10,,not_asked,1001
econ_retro,qes_crop_2007_2010,poll_2008_11,,not_asked,1003
econ_retro,qes_crop_2007_2010,poll_2009_01,,not_asked,1000
econ_retro,qes_crop_2007_2010,poll_2009_03,,not_asked,1001
econ_retro,qes_crop_2007_2010,poll_2009_04,,not_asked,1000
econ_retro,qes_crop_2007_2010,poll_2009_05,,not_asked,1001
econ_retro,qes_crop_2007_2010,poll_2009_06,,not_asked,1003
econ_retro,qes_crop_2007_2010,poll_2009_08,,not_asked,1003
econ_retro,qes_crop_2007_2010,poll_2009_09,,not_asked,1000
econ_retro,qes_crop_2007_2010,poll_2009_10,,not_asked,1000
econ_retro,qes_crop_2007_2010,poll_2010_01,,not_asked,1000
identity,qes1998,post,,not_asked,1483
identity,qes1998,pre,,not_asked,1483
identity,qes2007,post,ca_first,,303
identity,qes2007,post,ca_only,,112
identity,qes2007,post,equal,,518
identity,qes2007,post,other,,27
identity,qes2007,post,qc_first,,798
identity,qes2007,post,qc_only,,398
identity,qes2007,post,,dk,3
identity,qes2007,post,,refused,16
identity,qes2007_panel,NA,,not_asked,1
identity,qes2007_panel,post,,not_asked,2054
identity,qes2007_panel,pre,,not_asked,2050
identity,qes2008,post,ca_first,,176
identity,qes2008,post,ca_only,,67
identity,qes2008,post,equal,,240
identity,qes2008,post,other,,9
identity,qes2008,post,qc_first,,436
identity,qes2008,post,qc_only,,210
identity,qes2008,post,,dk,6
identity,qes2008,post,,refused,7
identity,qes2012,post,ca_first,,203
identity,qes2012,post,ca_only,,74
identity,qes2012,post,equal,,309
identity,qes2012,post,qc_first,,667
identity,qes2012,post,qc_only,,234
identity,qes2012,post,,dk,14
identity,qes2012,post,,refused,4
identity,qes2012_panel,post,,not_asked,844
identity,qes2012_panel,pre,,not_asked,844
identity,qes2014,post,ca_first,,242
identity,qes2014,post,ca_only,,94
identity,qes2014,post,equal,,363
identity,qes2014,post,qc_first,,594
identity,qes2014,post,qc_only,,202
identity,qes2014,post,,dk,11
identity,qes2014,post,,refused,11
identity,qes2018,post,,not_asked,3072
identity,qes2018_panel,post,,not_asked,842
identity,qes2018_panel,pre,,not_asked,1250
identity,qes2022,cps,ca_first,,231
identity,qes2022,cps,ca_only,,105
identity,qes2022,cps,equal,,324
identity,qes2022,cps,qc_first,,669
identity,qes2022,cps,qc_only,,171
identity,qes2022,cps,,dk,20
identity,qes2022,cps,,no_answer,1
identity,qes2022,pes,,not_in_wave,1220
identity,qes_crop_2007_2010,poll_2007_06,,not_asked,1000
identity,qes_crop_2007_2010,poll_2007_08,,not_asked,1003
identity,qes_crop_2007_2010,poll_2007_09,,not_asked,1001
identity,qes_crop_2007_2010,poll_2007_10,,not_asked,1001
identity,qes_crop_2007_2010,poll_2007_11,,not_asked,1002
identity,qes_crop_2007_2010,poll_2008_01,,not_asked,1000
identity,qes_crop_2007_2010,poll_2008_02,,not_asked,1000
identity,qes_crop_2007_2010,poll_2008_03,,not_asked,1004
identity,qes_crop_2007_2010,poll_2008_04,,not_asked,1000
identity,qes_crop_2007_2010,poll_2008_05,,not_asked,1000
identity,qes_crop_2007_2010,poll_2008_06,,not_asked,1001
identity,qes_crop_2007_2010,poll_2008_08,,not_asked,1003
identity,qes_crop_2007_2010,poll_2008_09,,not_asked,1000
identity,qes_crop_2007_2010,poll_2008_10,,not_asked,1001
identity,qes_crop_2007_2010,poll_2008_11,,not_asked,1003
identity,qes_crop_2007_2010,poll_2009_01,,not_asked,1000
identity,qes_crop_2007_2010,poll_2009_03,,not_asked,1001
identity,qes_crop_2007_2010,poll_2009_04,,not_asked,1000
identity,qes_crop_2007_2010,poll_2009_05,,not_asked,1001
identity,qes_crop_2007_2010,poll_2009_06,,not_asked,1003
identity,qes_crop_2007_2010,poll_2009_08,,not_asked,1003
identity,qes_crop_2007_2010,poll_2009_09,,not_asked,1000
identity,qes_crop_2007_2010,poll_2009_10,,not_asked,1000
identity,qes_crop_2007_2010,poll_2010_01,,not_asked,1000
attach_quebec,qes1998,post,,not_asked,1483
attach_quebec,qes1998,pre,,not_asked,1483
attach_quebec,qes2007,post,,not_asked,2175
attach_quebec,qes2007_panel,NA,,not_asked,1
attach_quebec,qes2007_panel,post,,not_asked,2054
attach_quebec,qes2007_panel,pre,,not_asked,2050
attach_quebec,qes2008,post,,not_asked,1151
attach_quebec,qes2012,post,fairly,,575
attach_quebec,qes2012,post,not_at_all,,26
attach_quebec,qes2012,post,not_very,,124
attach_quebec,qes2012,post,very,,770
attach_quebec,qes2012,post,,dk,7
attach_quebec,qes2012,post,,refused,3
attach_quebec,qes2012_panel,post,,not_asked,844
attach_quebec,qes2012_panel,pre,,not_asked,844
attach_quebec,qes2014,post,fairly,,459
attach_quebec,qes2014,post,not_at_all,,32
attach_quebec,qes2014,post,not_very,,130
attach_quebec,qes2014,post,very,,870
attach_quebec,qes2014,post,,dk,15
attach_quebec,qes2014,post,,refused,11
attach_quebec,qes2018,post,fairly,,1088
attach_quebec,qes2018,post,not_at_all,,92
attach_quebec,qes2018,post,not_very,,283
attach_quebec,qes2018,post,very,,1556
attach_quebec,qes2018,post,,dk,36
attach_quebec,qes2018,post,,refused,17
attach_quebec,qes2018_panel,post,,not_asked,842
attach_quebec,qes2018_panel,pre,,not_asked,1250
attach_quebec,qes2022,cps,fairly,,550
attach_quebec,qes2022,cps,not_at_all,,67
attach_quebec,qes2022,cps,not_very,,182
attach_quebec,qes2022,cps,very,,697
attach_quebec,qes2022,cps,,dk,24
attach_quebec,qes2022,cps,,no_answer,1
attach_quebec,qes2022,pes,,not_in_wave,1220
attach_quebec,qes_crop_2007_2010,poll_2007_06,,not_asked,1000
attach_quebec,qes_crop_2007_2010,poll_2007_08,,not_asked,1003
attach_quebec,qes_crop_2007_2010,poll_2007_09,,not_asked,1001
attach_quebec,qes_crop_2007_2010,poll_2007_10,,not_asked,1001
attach_quebec,qes_crop_2007_2010,poll_2007_11,,not_asked,1002
attach_quebec,qes_crop_2007_2010,poll_2008_01,,not_asked,1000
attach_quebec,qes_crop_2007_2010,poll_2008_02,,not_asked,1000
attach_quebec,qes_crop_2007_2010,poll_2008_03,,not_asked,1004
attach_quebec,qes_crop_2007_2010,poll_2008_04,,not_asked,1000
attach_quebec,qes_crop_2007_2010,poll_2008_05,,not_asked,1000
attach_quebec,qes_crop_2007_2010,poll_2008_06,,not_asked,1001
attach_quebec,qes_crop_2007_2010,poll_2008_08,,not_asked,1003
attach_quebec,qes_crop_2007_2010,poll_2008_09,,not_asked,1000
attach_quebec,qes_crop_2007_2010,poll_2008_10,,not_asked,1001
attach_quebec,qes_crop_2007_2010,poll_2008_11,,not_asked,1003
attach_quebec,qes_crop_2007_2010,poll_2009_01,,not_asked,1000
attach_quebec,qes_crop_2007_2010,poll_2009_03,,not_asked,1001
attach_quebec,qes_crop_2007_2010,poll_2009_04,,not_asked,1000
attach_quebec,qes_crop_2007_2010,poll_2009_05,,not_asked,1001
attach_quebec,qes_crop_2007_2010,poll_2009_06,,not_asked,1003
attach_quebec,qes_crop_2007_2010,poll_2009_08,,not_asked,1003
attach_quebec,qes_crop_2007_2010,poll_2009_09,,not_asked,1000
attach_quebec,qes_crop_2007_2010,poll_2009_10,,not_asked,1000
attach_quebec,qes_crop_2007_2010,poll_2010_01,,not_asked,1000
attach_canada,qes1998,post,,not_asked,1483
attach_canada,qes1998,pre,,not_asked,1483
attach_canada,qes2007,post,,not_asked,2175
attach_canada,qes2007_panel,NA,,not_asked,1
attach_canada,qes2007_panel,post,,not_asked,2054
attach_canada,qes2007_panel,pre,,not_asked,2050
attach_canada,qes2008,post,,not_asked,1151
attach_canada,qes2012,post,fairly,,477
attach_canada,qes2012,post,not_at_all,,190
attach_canada,qes2012,post,not_very,,434
attach_canada,qes2012,post,very,,385
attach_canada,qes2012,post,,dk,13
attach_canada,qes2012,post,,refused,6
attach_canada,qes2012_panel,post,,not_asked,844
attach_canada,qes2012_panel,pre,,not_asked,844
attach_canada,qes2014,post,fairly,,431
attach_canada,qes2014,post,not_at_all,,168
attach_canada,qes2014,post,not_very,,344
attach_canada,qes2014,post,very,,547
attach_canada,qes2014,post,,dk,20
attach_canada,qes2014,post,,refused,7
attach_canada,qes2018,post,fairly,,994
attach_canada,qes2018,post,not_at_all,,246
attach_canada,qes2018,post,not_very,,682
attach_canada,qes2018,post,very,,1102
attach_canada,qes2018,post,,dk,31
attach_canada,qes2018,post,,refused,17
attach_canada,qes2018_panel,post,,not_asked,842
attach_canada,qes2018_panel,pre,,not_asked,1250
attach_canada,qes2022,cps,fairly,,603
attach_canada,qes2022,cps,not_at_all,,147
attach_canada,qes2022,cps,not_very,,386
attach_canada,qes2022,cps,very,,360
attach_canada,qes2022,cps,,dk,18
attach_canada,qes2022,cps,,no_answer,7
attach_canada,qes2022,pes,,not_in_wave,1220
attach_canada,qes_crop_2007_2010,poll_2007_06,,not_asked,1000
attach_canada,qes_crop_2007_2010,poll_2007_08,,not_asked,1003
attach_canada,qes_crop_2007_2010,poll_2007_09,,not_asked,1001
attach_canada,qes_crop_2007_2010,poll_2007_10,,not_asked,1001
attach_canada,qes_crop_2007_2010,poll_2007_11,,not_asked,1002
attach_canada,qes_crop_2007_2010,poll_2008_01,,not_asked,1000
attach_canada,qes_crop_2007_2010,poll_2008_02,,not_asked,1000
attach_canada,qes_crop_2007_2010,poll_2008_03,,not_asked,1004
attach_canada,qes_crop_2007_2010,poll_2008_04,,not_asked,1000
attach_canada,qes_crop_2007_2010,poll_2008_05,,not_asked,1000
attach_canada,qes_crop_2007_2010,poll_2008_06,,not_asked,1001
attach_canada,qes_crop_2007_2010,poll_2008_08,,not_asked,1003
attach_canada,qes_crop_2007_2010,poll_2008_09,,not_asked,1000
attach_canada,qes_crop_2007_2010,poll_2008_10,,not_asked,1001
attach_canada,qes_crop_2007_2010,poll_2008_11,,not_asked,1003
attach_canada,qes_crop_2007_2010,poll_2009_01,,not_asked,1000
attach_canada,qes_crop_2007_2010,poll_2009_03,,not_asked,1001
attach_canada,qes_crop_2007_2010,poll_2009_04,,not_asked,1000
attach_canada,qes_crop_2007_2010,poll_2009_05,,not_asked,1001
attach_canada,qes_crop_2007_2010,poll_2009_06,,not_asked,1003
attach_canada,qes_crop_2007_2010,poll_2009_08,,not_asked,1003
attach_canada,qes_crop_2007_2010,poll_2009_09,,not_asked,1000
attach_canada,qes_crop_2007_2010,poll_2009_10,,not_asked,1000
attach_canada,qes_crop_2007_2010,poll_2010_01,,not_asked,1000
