"variable","value","label","label_lang","label_en","label_fr","missing_type","label_flag","notes"
"cps_consent","1","","","","Je consens à participer à cette étude. J'ai lu toutes les informations sur l'étude.","","","label_fr drafted from the codebook (7449514) by data-raw/extract_questions.R"
"cps_consent","2","","","","Je ne consens pas à participer.","","","label_fr drafted from the codebook (7449514) by data-raw/extract_questions.R"
"cps_citizen","1","","","","Citoyen canadien","","","label_fr drafted from the codebook (7449514) by data-raw/extract_questions.R"
"cps_citizen","2","","","","Résident permanent","","","label_fr drafted from the codebook (7449514) by data-raw/extract_questions.R"
"cps_citizen","3","","","","Autre","","","label_fr drafted from the codebook (7449514) by data-raw/extract_questions.R"
"cps_province","1","","","","Alberta","","","label_fr drafted from the codebook (7449514) by data-raw/extract_questions.R"
"cps_province","2","","","","Colombie-Britannique","","","label_fr drafted from the codebook (7449514) by data-raw/extract_questions.R"
"cps_province","3","","","","Manitoba","","","label_fr drafted from the codebook (7449514) by data-raw/extract_questions.R"
"cps_province","4","","","","Nouveau-Brunswick","","","label_fr drafted from the codebook (7449514) by data-raw/extract_questions.R"
"cps_province","5","","","","Terre-Neuve et Labrador","","","label_fr drafted from the codebook (7449514) by data-raw/extract_questions.R"
"cps_province","6","","","","Territoires du Nord-Ouest","","","label_fr drafted from the codebook (7449514) by data-raw/extract_questions.R"
"cps_province","7","","","","Nouvelle-Écosse","","","label_fr drafted from the codebook (7449514) by data-raw/extract_questions.R"
"cps_province","8","","","","Nunavut","","","label_fr drafted from the codebook (7449514) by data-raw/extract_questions.R"
"cps_province","9","","","","Ontario","","","label_fr drafted from the codebook (7449514) by data-raw/extract_questions.R"
"cps_province","10","","","","le-du-Prince-Édouard","","","label_fr drafted from the codebook (7449514) by data-raw/extract_questions.R"
"cps_province","11","","","","Quebec","","","label_fr drafted from the codebook (7449514) by data-raw/extract_questions.R"
"cps_province","12","","","","Saskatchewan","","","label_fr drafted from the codebook (7449514) by data-raw/extract_questions.R"
"cps_province","13","","","","Territoires du Yukon","","","label_fr drafted from the codebook (7449514) by data-raw/extract_questions.R"
"cps_genderid","1","","","","Homme","","","label_fr drafted from the codebook (7449514) by data-raw/extract_questions.R"
"cps_genderid","2","","","","Femme","","","label_fr drafted from the codebook (7449514) by data-raw/extract_questions.R"
"cps_genderid","3","","","","Non-binaire","","","label_fr drafted from the codebook (7449514) by data-raw/extract_questions.R"
"cps_genderid","4","","","","Autre genre, veuillez spécifier:","","","label_fr drafted from the codebook (7449514) by data-raw/extract_questions.R"
"cps_trans","1","","","","Oui","","","label_fr drafted from the codebook (7449514) by data-raw/extract_questions.R"
"cps_trans","2","","","","Non","","","label_fr drafted from the codebook (7449514) by data-raw/extract_questions.R"
"cps_trans","3","","","","Je ne sais pas / Préfère ne pas répondre","","","label_fr drafted from the codebook (7449514) by data-raw/extract_questions.R"
"cps_edu","1","","","","Aucune scolarité","","","label_fr drafted from the codebook (7449514) by data-raw/extract_questions.R"
"cps_edu","2","","","","Quelques années d'école primaire","","","label_fr drafted from the codebook (7449514) by data-raw/extract_questions.R"
"cps_edu","3","","","","École primaire terminée","","","label_fr drafted from the codebook (7449514) by data-raw/extract_questions.R"
"cps_edu","4","","","","Quelques années d'école secondaire","","","label_fr drafted from the codebook (7449514) by data-raw/extract_questions.R"
"cps_edu","5","","","","École secondaire terminée","","","label_fr drafted from the codebook (7449514) by data-raw/extract_questions.R"
"cps_edu","6","","","","Quelques années d'études au collège, au cégep ou au collège classique","","","label_fr drafted from the codebook (7449514) by data-raw/extract_questions.R"
"cps_edu","7","","","","Études terminées au collège, au cégep, ou au collège classique","","","label_fr drafted from the codebook (7449514) by data-raw/extract_questions.R"
"cps_edu","8","","","","Quelques années d'études universitaires","","","label_fr drafted from the codebook (7449514) by data-raw/extract_questions.R"
"cps_edu","9","","","","Baccalauréat","","","label_fr drafted from the codebook (7449514) by data-raw/extract_questions.R"
"cps_edu","10","","","","Maîtrise","","","label_fr drafted from the codebook (7449514) by data-raw/extract_questions.R"
"cps_edu","11","","","","Diplôme professionnel ou doctorat","","","label_fr drafted from the codebook (7449514) by data-raw/extract_questions.R"
"cps_satis_can","1","","","","Très satisfait","","","label_fr drafted from the codebook (7449514) by data-raw/extract_questions.R"
"cps_satis_can","2","","","","Assez satisfait","","","label_fr drafted from the codebook (7449514) by data-raw/extract_questions.R"
"cps_satis_can","3","","","","Pas très satisfait","","","label_fr drafted from the codebook (7449514) by data-raw/extract_questions.R"
"cps_satis_can","4","","","","Pas du tout satisfait","","","label_fr drafted from the codebook (7449514) by data-raw/extract_questions.R"
"cps_satis_prov","1","","","","Très satisfait","","","label_fr drafted from the codebook (7449514) by data-raw/extract_questions.R"
"cps_satis_prov","2","","","","Assez satisfait","","","label_fr drafted from the codebook (7449514) by data-raw/extract_questions.R"
"cps_satis_prov","3","","","","Pas très satisfait","","","label_fr drafted from the codebook (7449514) by data-raw/extract_questions.R"
"cps_satis_prov","4","","","","Pas du tout satisfait","","","label_fr drafted from the codebook (7449514) by data-raw/extract_questions.R"
"cps_impissue_matrix","1","","","","L’économie","","","label_fr drafted from the codebook (7449514) by data-raw/extract_questions.R"
"cps_impissue_matrix","2","","","","La santé","","","label_fr drafted from the codebook (7449514) by data-raw/extract_questions.R"
"cps_impissue_matrix","3","","","","L’environnement et la crise climatique","","","label_fr drafted from the codebook (7449514) by data-raw/extract_questions.R"
"cps_impissue_matrix","4","","","","L’éducation","","","label_fr drafted from the codebook (7449514) by data-raw/extract_questions.R"
"cps_impissue_matrix","5","","","","La pauvreté","","","label_fr drafted from the codebook (7449514) by data-raw/extract_questions.R"
"cps_impissue_matrix","6","","","","La crise du logement","","","label_fr drafted from the codebook (7449514) by data-raw/extract_questions.R"
"cps_impissue_matrix","7","","","","L’intégrité des politiciens et la corruption","","","label_fr drafted from the codebook (7449514) by data-raw/extract_questions.R"
"cps_impissue_matrix","8","","","","Les taxes et les finances publiques","","","label_fr drafted from the codebook (7449514) by data-raw/extract_questions.R"
"cps_impissue_matrix","9","","","","La souveraineté du Québec","","","label_fr drafted from the codebook (7449514) by data-raw/extract_questions.R"
"cps_impissue_matrix","10","","","","Le coût de la vie","","","label_fr drafted from the codebook (7449514) by data-raw/extract_questions.R"
"cps_impissue_matrix","11","","","","L’immigration","","","label_fr drafted from the codebook (7449514) by data-raw/extract_questions.R"
"cps_impissue_matrix","12","","","","Le troisième lien routier à Québec","","","label_fr drafted from the codebook (7449514) by data-raw/extract_questions.R"
"cps_impissue_matrix","13","","","","La langue française","","","label_fr drafted from the codebook (7449514) by data-raw/extract_questions.R"
"cps_impissue_matrix","14","","","","La violence par arme à feu","","","label_fr drafted from the codebook (7449514) by data-raw/extract_questions.R"
"cps_partybest","1","","","","Parti libéral du Québec","","","label_fr drafted from the codebook (7449514) by data-raw/extract_questions.R"
"cps_partybest","2","","","","Parti québécois","","","label_fr drafted from the codebook (7449514) by data-raw/extract_questions.R"
"cps_partybest","3","","","","Coalition avenir Québec","","","label_fr drafted from the codebook (7449514) by data-raw/extract_questions.R"
"cps_partybest","4","","","","Québec solidaire","","","label_fr drafted from the codebook (7449514) by data-raw/extract_questions.R"
"cps_partybest","5","","","","Parti conservateur du Québec","","","label_fr drafted from the codebook (7449514) by data-raw/extract_questions.R"
"cps_partybest","8","","","","Autre parti (veuillez spécifier)","","","label_fr drafted from the codebook (7449514) by data-raw/extract_questions.R"
"cps_turnout","1","","","","Certain(e) de voter","","","label_fr drafted from the codebook (7449514) by data-raw/extract_questions.R"
"cps_turnout","2","","","","Enclin(e) à voter","","","label_fr drafted from the codebook (7449514) by data-raw/extract_questions.R"
"cps_turnout","3","","","","Peu enclin(e) à voter","","","label_fr drafted from the codebook (7449514) by data-raw/extract_questions.R"
"cps_turnout","4","","","","Certain(e) de ne pas voter","","","label_fr drafted from the codebook (7449514) by data-raw/extract_questions.R"
"cps_turnout","5","","","","J'ai déjà voté","","","label_fr drafted from the codebook (7449514) by data-raw/extract_questions.R"
"cps_turnout","6","","","","Je ne suis pas éligible au vote","","","label_fr drafted from the codebook (7449514) by data-raw/extract_questions.R"
"cps_howvote1","1","","","","En personne, le jour de l'élection","","","label_fr drafted from the codebook (7449514) by data-raw/extract_questions.R"
"cps_howvote1","2","","","","En personne, par anticipation","","","label_fr drafted from the codebook (7449514) by data-raw/extract_questions.R"
"cps_howvote1","3","","","","En personne, dans un bureau électoral d’Élections Québec","","","label_fr drafted from the codebook (7449514) by data-raw/extract_questions.R"
"cps_howvote1","4","","","","Par la poste","","","label_fr drafted from the codebook (7449514) by data-raw/extract_questions.R"
"cps_howvote1","5","","","","Je ne suis pas certain(e)","","","label_fr drafted from the codebook (7449514) by data-raw/extract_questions.R"
"cps_howvote2","1","","","","En personne, par anticipation","","","label_fr drafted from the codebook (7449514) by data-raw/extract_questions.R"
"cps_howvote2","2","","","","En personne, dans un bureau électoral d’Élections Québec","","","label_fr drafted from the codebook (7449514) by data-raw/extract_questions.R"
"cps_howvote2","3","","","","Par la poste","","","label_fr drafted from the codebook (7449514) by data-raw/extract_questions.R"
"cps_howvote3","1","","","","En persone, par anticipation","","","label_fr drafted from the codebook (7449514) by data-raw/extract_questions.R"
"cps_howvote3","2","","","","En personne, le jour du scrutin","","","label_fr drafted from the codebook (7449514) by data-raw/extract_questions.R"
"cps_howvote3","3","","","","En personne, dans un bureau électoral d’Élections Québec","","","label_fr drafted from the codebook (7449514) by data-raw/extract_questions.R"
"cps_howvote3","4","","","","Par la poste","","","label_fr drafted from the codebook (7449514) by data-raw/extract_questions.R"
"cps_howvote3","5","","","","Je ne suis pas certain(e)","","","label_fr drafted from the codebook (7449514) by data-raw/extract_questions.R"
"cps_votechoice1","1","","","","Parti libéral du Québec","","","label_fr drafted from the codebook (7449514) by data-raw/extract_questions.R"
"cps_votechoice1","2","","","","Parti québécois","","","label_fr drafted from the codebook (7449514) by data-raw/extract_questions.R"
"cps_votechoice1","3","","","","Coalition avenir Québec","","","label_fr drafted from the codebook (7449514) by data-raw/extract_questions.R"
"cps_votechoice1","4","","","","Québec solidaire","","","label_fr drafted from the codebook (7449514) by data-raw/extract_questions.R"
"cps_votechoice1","5","","","","Parti conservateur du Québec","","","label_fr drafted from the codebook (7449514) by data-raw/extract_questions.R"
"cps_votechoice1","8","","","","Autre parti (veuillez spécifier)","","","label_fr drafted from the codebook (7449514) by data-raw/extract_questions.R"
"cps_votechoice1","9","","","","Je préfère ne pas répondre","","","label_fr drafted from the codebook (7449514) by data-raw/extract_questions.R"
"cps_votechoice1","10","","","","Je ne sais pas","","","label_fr drafted from the codebook (7449514) by data-raw/extract_questions.R"
"cps_votechoice2","1","","","","Parti libéral du Québec","","","label_fr drafted from the codebook (7449514) by data-raw/extract_questions.R"
"cps_votechoice2","2","","","","Parti québécois","","","label_fr drafted from the codebook (7449514) by data-raw/extract_questions.R"
"cps_votechoice2","3","","","","Coalition avenir Québec","","","label_fr drafted from the codebook (7449514) by data-raw/extract_questions.R"
"cps_votechoice2","4","","","","Québec solidaire","","","label_fr drafted from the codebook (7449514) by data-raw/extract_questions.R"
"cps_votechoice2","5","","","","Parti conservateur du Québec","","","label_fr drafted from the codebook (7449514) by data-raw/extract_questions.R"
"cps_votechoice2","8","","","","Autre parti (veuillez spécifier)","","","label_fr drafted from the codebook (7449514) by data-raw/extract_questions.R"
"cps_votechoice2","9","","","","Je préfère ne pas répondre","","","label_fr drafted from the codebook (7449514) by data-raw/extract_questions.R"
"cps_votechoice2","10","","","","Je ne sais pas","","","label_fr drafted from the codebook (7449514) by data-raw/extract_questions.R"
"cps_votechoice3","1","","","","Parti libéral du Québec","","","label_fr drafted from the codebook (7449514) by data-raw/extract_questions.R"
"cps_votechoice3","2","","","","Parti québécois","","","label_fr drafted from the codebook (7449514) by data-raw/extract_questions.R"
"cps_votechoice3","3","","","","Coalition avenir Québec","","","label_fr drafted from the codebook (7449514) by data-raw/extract_questions.R"
"cps_votechoice3","4","","","","Québec solidaire","","","label_fr drafted from the codebook (7449514) by data-raw/extract_questions.R"
"cps_votechoice3","5","","","","Autre parti (veuillez spécifier)","","","label_fr drafted from the codebook (7449514) by data-raw/extract_questions.R"
"cps_votechoice3","6","","","","Préfère ne pas répondre","","","label_fr drafted from the codebook (7449514) by data-raw/extract_questions.R"
"cps_votechoice3","7","","","","Parti conservateur du Québec","","","label_fr drafted from the codebook (7449514) by data-raw/extract_questions.R"
"cps_votelean","1","","","","Parti libéral du Québec","","","label_fr drafted from the codebook (7449514) by data-raw/extract_questions.R"
"cps_votelean","2","","","","Parti québécois","","","label_fr drafted from the codebook (7449514) by data-raw/extract_questions.R"
"cps_votelean","3","","","","Coalition avenir Québec","","","label_fr drafted from the codebook (7449514) by data-raw/extract_questions.R"
"cps_votelean","4","","","","Québec solidaire","","","label_fr drafted from the codebook (7449514) by data-raw/extract_questions.R"
"cps_votelean","5","","","","Parti conservateur du Québec","","","label_fr drafted from the codebook (7449514) by data-raw/extract_questions.R"
"cps_votelean","8","","","","Autre parti (veuillez spécifier)","","","label_fr drafted from the codebook (7449514) by data-raw/extract_questions.R"
"cps_votelean","9","","","","Je ne sais pas","","","label_fr drafted from the codebook (7449514) by data-raw/extract_questions.R"
"cps_votelean","10","","","","Je préfère ne pas répondre","","","label_fr drafted from the codebook (7449514) by data-raw/extract_questions.R"
"cps_votesecond","1","","","","Parti libéral du Québec","","","label_fr drafted from the codebook (7449514) by data-raw/extract_questions.R"
"cps_votesecond","2","","","","Parti québécois","","","label_fr drafted from the codebook (7449514) by data-raw/extract_questions.R"
"cps_votesecond","3","","","","Coalition avenir Québec","","","label_fr drafted from the codebook (7449514) by data-raw/extract_questions.R"
"cps_votesecond","4","","","","Québec solidaire","","","label_fr drafted from the codebook (7449514) by data-raw/extract_questions.R"
"cps_votesecond","5","","","","Autre parti (veuillez spécifier)","","","label_fr drafted from the codebook (7449514) by data-raw/extract_questions.R"
"cps_votesecond","6","","","","Je ne sais pas","","","label_fr drafted from the codebook (7449514) by data-raw/extract_questions.R"
"cps_votesecond","7","","","","Parti conservateur du Québec","","","label_fr drafted from the codebook (7449514) by data-raw/extract_questions.R"
"cps_negativevote_1","-99","","","","","not_selected","","select-all item: codes 1 and -99 only"
"cps_negativevote_1","1","","","","Parti libéral du Québec","","","label_fr drafted from the codebook (7449514) by data-raw/extract_questions.R"
"cps_negativevote_2","-99","","","","","not_selected","","select-all item: codes 1 and -99 only"
"cps_negativevote_2","1","","","","Parti québécois","","","label_fr drafted from the codebook (7449514) by data-raw/extract_questions.R"
"cps_negativevote_3","-99","","","","","not_selected","","select-all item: codes 1 and -99 only"
"cps_negativevote_3","1","","","","Coalition avenir Québec","","","label_fr drafted from the codebook (7449514) by data-raw/extract_questions.R"
"cps_negativevote_4","-99","","","","","not_selected","","select-all item: codes 1 and -99 only"
"cps_negativevote_4","1","","","","Québec solidaire","","","label_fr drafted from the codebook (7449514) by data-raw/extract_questions.R"
"cps_negativevote_7","-99","","","","","not_selected","","select-all item: codes 1 and -99 only"
"cps_negativevote_7","1","","","","Parti conservateur du Québec","","","label_fr drafted from the codebook (7449514) by data-raw/extract_questions.R"
"cps_negativevote_5","-99","","","","","not_selected","","select-all item: codes 1 and -99 only"
"cps_negativevote_5","1","","","","Autre parti (veuillez spécifier)","","","label_fr drafted from the codebook (7449514) by data-raw/extract_questions.R"
"cps_negativevote_6","-99","","","","","not_selected","","select-all item: codes 1 and -99 only"
"cps_negativevote_6","1","","","","Je pourrais voter pour n'importe quel parti","","","label_fr drafted from the codebook (7449514) by data-raw/extract_questions.R"
"cps_covid_votecomf1","1","","","","Très à l'aise","","","label_fr drafted from the codebook (7449514) by data-raw/extract_questions.R"
"cps_covid_votecomf1","2","","","","Plutôt à l'aise","","","label_fr drafted from the codebook (7449514) by data-raw/extract_questions.R"
"cps_covid_votecomf1","3","","","","Pas très à l'aise","","","label_fr drafted from the codebook (7449514) by data-raw/extract_questions.R"
"cps_covid_votecomf1","4","","","","Vraiment pas à l'aise","","","label_fr drafted from the codebook (7449514) by data-raw/extract_questions.R"
"cps_covid_votecomf2","1","","","","Très à l'aise","","","label_fr drafted from the codebook (7449514) by data-raw/extract_questions.R"
"cps_covid_votecomf2","2","","","","Plutôt à l'aise","","","label_fr drafted from the codebook (7449514) by data-raw/extract_questions.R"
"cps_covid_votecomf2","3","","","","Pas très à l'aise","","","label_fr drafted from the codebook (7449514) by data-raw/extract_questions.R"
"cps_covid_votecomf2","4","","","","Vraiment pas à l'aise","","","label_fr drafted from the codebook (7449514) by data-raw/extract_questions.R"
"cps_covid_votecomf3","1","","","","Très à l'aise","","","label_fr drafted from the codebook (7449514) by data-raw/extract_questions.R"
"cps_covid_votecomf3","2","","","","Plutôt à l'aise","","","label_fr drafted from the codebook (7449514) by data-raw/extract_questions.R"
"cps_covid_votecomf3","3","","","","Pas très à l'aise","","","label_fr drafted from the codebook (7449514) by data-raw/extract_questions.R"
"cps_covid_votecomf3","4","","","","Vraiment pas à l'aise","","","label_fr drafted from the codebook (7449514) by data-raw/extract_questions.R"
"cps_province_gov_sat","1","","","","Très satisfait","","","label_fr drafted from the codebook (7449514) by data-raw/extract_questions.R"
"cps_province_gov_sat","2","","","","Assez satisfait","","","label_fr drafted from the codebook (7449514) by data-raw/extract_questions.R"
"cps_province_gov_sat","3","","","","Pas très satisfait","","","label_fr drafted from the codebook (7449514) by data-raw/extract_questions.R"
"cps_province_gov_sat","4","","","","Pas du tout satisfait","","","label_fr drafted from the codebook (7449514) by data-raw/extract_questions.R"
"cps_govperf_1","1","","","","Très bien","","","label_fr drafted from the codebook (7449514) by data-raw/extract_questions.R"
"cps_govperf_1","2","","","","Bien","","","label_fr drafted from the codebook (7449514) by data-raw/extract_questions.R"
"cps_govperf_1","3","","","","Pas très bien","","","label_fr drafted from the codebook (7449514) by data-raw/extract_questions.R"
"cps_govperf_1","4","","","","Pas bien du tout","","","label_fr drafted from the codebook (7449514) by data-raw/extract_questions.R"
"cps_govperf_2","1","","","","Très bien","","","label_fr drafted from the codebook (7449514) by data-raw/extract_questions.R"
"cps_govperf_2","2","","","","Bien","","","label_fr drafted from the codebook (7449514) by data-raw/extract_questions.R"
"cps_govperf_2","3","","","","Pas très bien","","","label_fr drafted from the codebook (7449514) by data-raw/extract_questions.R"
"cps_govperf_2","4","","","","Pas bien du tout","","","label_fr drafted from the codebook (7449514) by data-raw/extract_questions.R"
"cps_govperf_3","1","","","","Très bien","","","label_fr drafted from the codebook (7449514) by data-raw/extract_questions.R"
"cps_govperf_3","2","","","","Bien","","","label_fr drafted from the codebook (7449514) by data-raw/extract_questions.R"
"cps_govperf_3","3","","","","Pas très bien","","","label_fr drafted from the codebook (7449514) by data-raw/extract_questions.R"
"cps_govperf_3","4","","","","Pas bien du tout","","","label_fr drafted from the codebook (7449514) by data-raw/extract_questions.R"
"cps_govperf_4","1","","","","Très bien","","","label_fr drafted from the codebook (7449514) by data-raw/extract_questions.R"
"cps_govperf_4","2","","","","Bien","","","label_fr drafted from the codebook (7449514) by data-raw/extract_questions.R"
"cps_govperf_4","3","","","","Pas très bien","","","label_fr drafted from the codebook (7449514) by data-raw/extract_questions.R"
"cps_govperf_4","4","","","","Pas bien du tout","","","label_fr drafted from the codebook (7449514) by data-raw/extract_questions.R"
"cps_intelligent_1","1","","","","Fortement en désaccord","","","label_fr drafted from the codebook (7449514) by data-raw/extract_questions.R"
"cps_intelligent_1","2","","","","Plutôt en désaccord","","","label_fr drafted from the codebook (7449514) by data-raw/extract_questions.R"
"cps_intelligent_1","3","","","","Ni en accord, ni en désaccord","","","label_fr drafted from the codebook (7449514) by data-raw/extract_questions.R"
"cps_intelligent_1","4","","","","Plutôt en accord","","","label_fr drafted from the codebook (7449514) by data-raw/extract_questions.R"
"cps_intelligent_1","5","","","","Fortement en accord","","","label_fr drafted from the codebook (7449514) by data-raw/extract_questions.R"
"cps_intelligent_2","1","","","","Fortement en désaccord","","","label_fr drafted from the codebook (7449514) by data-raw/extract_questions.R"
"cps_intelligent_2","2","","","","Plutôt en désaccord","","","label_fr drafted from the codebook (7449514) by data-raw/extract_questions.R"
"cps_intelligent_2","3","","","","Ni en accord, ni en désaccord","","","label_fr drafted from the codebook (7449514) by data-raw/extract_questions.R"
"cps_intelligent_2","4","","","","Plutôt en accord","","","label_fr drafted from the codebook (7449514) by data-raw/extract_questions.R"
"cps_intelligent_2","5","","","","Fortement en accord","","","label_fr drafted from the codebook (7449514) by data-raw/extract_questions.R"
"cps_intelligent_3","1","","","","Fortement en désaccord","","","label_fr drafted from the codebook (7449514) by data-raw/extract_questions.R"
"cps_intelligent_3","2","","","","Plutôt en désaccord","","","label_fr drafted from the codebook (7449514) by data-raw/extract_questions.R"
"cps_intelligent_3","3","","","","Ni en accord, ni en désaccord","","","label_fr drafted from the codebook (7449514) by data-raw/extract_questions.R"
"cps_intelligent_3","4","","","","Plutôt en accord","","","label_fr drafted from the codebook (7449514) by data-raw/extract_questions.R"
"cps_intelligent_3","5","","","","Fortement en accord","","","label_fr drafted from the codebook (7449514) by data-raw/extract_questions.R"
"cps_intelligent_4","1","","","","Fortement en désaccord","","","label_fr drafted from the codebook (7449514) by data-raw/extract_questions.R"
"cps_intelligent_4","2","","","","Plutôt en désaccord","","","label_fr drafted from the codebook (7449514) by data-raw/extract_questions.R"
"cps_intelligent_4","3","","","","Ni en accord, ni en désaccord","","","label_fr drafted from the codebook (7449514) by data-raw/extract_questions.R"
"cps_intelligent_4","4","","","","Plutôt en accord","","","label_fr drafted from the codebook (7449514) by data-raw/extract_questions.R"
"cps_intelligent_4","5","","","","Fortement en accord","","","label_fr drafted from the codebook (7449514) by data-raw/extract_questions.R"
"cps_intelligent_5","1","","","","Fortement en désaccord","","","label_fr drafted from the codebook (7449514) by data-raw/extract_questions.R"
"cps_intelligent_5","2","","","","Plutôt en désaccord","","","label_fr drafted from the codebook (7449514) by data-raw/extract_questions.R"
"cps_intelligent_5","3","","","","Ni en accord, ni en désaccord","","","label_fr drafted from the codebook (7449514) by data-raw/extract_questions.R"
"cps_intelligent_5","4","","","","Plutôt en accord","","","label_fr drafted from the codebook (7449514) by data-raw/extract_questions.R"
"cps_intelligent_5","5","","","","Fortement en accord","","","label_fr drafted from the codebook (7449514) by data-raw/extract_questions.R"
"cps_stronglead_1","1","","","","Fortement en désaccord","","","label_fr drafted from the codebook (7449514) by data-raw/extract_questions.R"
"cps_stronglead_1","2","","","","Plutôt en désaccord","","","label_fr drafted from the codebook (7449514) by data-raw/extract_questions.R"
"cps_stronglead_1","3","","","","Ni en accord, ni en désaccord","","","label_fr drafted from the codebook (7449514) by data-raw/extract_questions.R"
"cps_stronglead_1","4","","","","Plutôt en accord","","","label_fr drafted from the codebook (7449514) by data-raw/extract_questions.R"
"cps_stronglead_1","5","","","","Fortement en accord","","","label_fr drafted from the codebook (7449514) by data-raw/extract_questions.R"
"cps_stronglead_2","1","","","","Fortement en désaccord","","","label_fr drafted from the codebook (7449514) by data-raw/extract_questions.R"
"cps_stronglead_2","2","","","","Plutôt en désaccord","","","label_fr drafted from the codebook (7449514) by data-raw/extract_questions.R"
"cps_stronglead_2","3","","","","Ni en accord, ni en désaccord","","","label_fr drafted from the codebook (7449514) by data-raw/extract_questions.R"
"cps_stronglead_2","4","","","","Plutôt en accord","","","label_fr drafted from the codebook (7449514) by data-raw/extract_questions.R"
"cps_stronglead_2","5","","","","Fortement en accord","","","label_fr drafted from the codebook (7449514) by data-raw/extract_questions.R"
"cps_stronglead_3","1","","","","Fortement en désaccord","","","label_fr drafted from the codebook (7449514) by data-raw/extract_questions.R"
"cps_stronglead_3","2","","","","Plutôt en désaccord","","","label_fr drafted from the codebook (7449514) by data-raw/extract_questions.R"
"cps_stronglead_3","3","","","","Ni en accord, ni en désaccord","","","label_fr drafted from the codebook (7449514) by data-raw/extract_questions.R"
"cps_stronglead_3","4","","","","Plutôt en accord","","","label_fr drafted from the codebook (7449514) by data-raw/extract_questions.R"
"cps_stronglead_3","5","","","","Fortement en accord","","","label_fr drafted from the codebook (7449514) by data-raw/extract_questions.R"
"cps_stronglead_4","1","","","","Fortement en désaccord","","","label_fr drafted from the codebook (7449514) by data-raw/extract_questions.R"
"cps_stronglead_4","2","","","","Plutôt en désaccord","","","label_fr drafted from the codebook (7449514) by data-raw/extract_questions.R"
"cps_stronglead_4","3","","","","Ni en accord, ni en désaccord","","","label_fr drafted from the codebook (7449514) by data-raw/extract_questions.R"
"cps_stronglead_4","4","","","","Plutôt en accord","","","label_fr drafted from the codebook (7449514) by data-raw/extract_questions.R"
"cps_stronglead_4","5","","","","Fortement en accord","","","label_fr drafted from the codebook (7449514) by data-raw/extract_questions.R"
"cps_stronglead_5","1","","","","Fortement en désaccord","","","label_fr drafted from the codebook (7449514) by data-raw/extract_questions.R"
"cps_stronglead_5","2","","","","Plutôt en désaccord","","","label_fr drafted from the codebook (7449514) by data-raw/extract_questions.R"
"cps_stronglead_5","3","","","","Ni en accord, ni en désaccord","","","label_fr drafted from the codebook (7449514) by data-raw/extract_questions.R"
"cps_stronglead_5","4","","","","Plutôt en accord","","","label_fr drafted from the codebook (7449514) by data-raw/extract_questions.R"
"cps_stronglead_5","5","","","","Fortement en accord","","","label_fr drafted from the codebook (7449514) by data-raw/extract_questions.R"
"cps_trustworthy_74","1","","","","Fortement en désaccord","","","label_fr drafted from the codebook (7449514) by data-raw/extract_questions.R"
"cps_trustworthy_74","2","","","","Plutôt en désaccord","","","label_fr drafted from the codebook (7449514) by data-raw/extract_questions.R"
"cps_trustworthy_74","3","","","","Ni en accord, ni en désaccord","","","label_fr drafted from the codebook (7449514) by data-raw/extract_questions.R"
"cps_trustworthy_74","4","","","","Plutôt en accord","","","label_fr drafted from the codebook (7449514) by data-raw/extract_questions.R"
"cps_trustworthy_74","5","","","","Fortement en accord","","","label_fr drafted from the codebook (7449514) by data-raw/extract_questions.R"
"cps_trustworthy_75","1","","","","Fortement en désaccord","","","label_fr drafted from the codebook (7449514) by data-raw/extract_questions.R"
"cps_trustworthy_75","2","","","","Plutôt en désaccord","","","label_fr drafted from the codebook (7449514) by data-raw/extract_questions.R"
"cps_trustworthy_75","3","","","","Ni en accord, ni en désaccord","","","label_fr drafted from the codebook (7449514) by data-raw/extract_questions.R"
"cps_trustworthy_75","4","","","","Plutôt en accord","","","label_fr drafted from the codebook (7449514) by data-raw/extract_questions.R"
"cps_trustworthy_75","5","","","","Fortement en accord","","","label_fr drafted from the codebook (7449514) by data-raw/extract_questions.R"
"cps_trustworthy_76","1","","","","Fortement en désaccord","","","label_fr drafted from the codebook (7449514) by data-raw/extract_questions.R"
"cps_trustworthy_76","2","","","","Plutôt en désaccord","","","label_fr drafted from the codebook (7449514) by data-raw/extract_questions.R"
"cps_trustworthy_76","3","","","","Ni en accord, ni en désaccord","","","label_fr drafted from the codebook (7449514) by data-raw/extract_questions.R"
"cps_trustworthy_76","4","","","","Plutôt en accord","","","label_fr drafted from the codebook (7449514) by data-raw/extract_questions.R"
"cps_trustworthy_76","5","","","","Fortement en accord","","","label_fr drafted from the codebook (7449514) by data-raw/extract_questions.R"
"cps_trustworthy_77","1","","","","Fortement en désaccord","","","label_fr drafted from the codebook (7449514) by data-raw/extract_questions.R"
"cps_trustworthy_77","2","","","","Plutôt en désaccord","","","label_fr drafted from the codebook (7449514) by data-raw/extract_questions.R"
"cps_trustworthy_77","3","","","","Ni en accord, ni en désaccord","","","label_fr drafted from the codebook (7449514) by data-raw/extract_questions.R"
"cps_trustworthy_77","4","","","","Plutôt en accord","","","label_fr drafted from the codebook (7449514) by data-raw/extract_questions.R"
"cps_trustworthy_77","5","","","","Fortement en accord","","","label_fr drafted from the codebook (7449514) by data-raw/extract_questions.R"
"cps_trustworthy_82","1","","","","Fortement en désaccord","","","label_fr drafted from the codebook (7449514) by data-raw/extract_questions.R"
"cps_trustworthy_82","2","","","","Plutôt en désaccord","","","label_fr drafted from the codebook (7449514) by data-raw/extract_questions.R"
"cps_trustworthy_82","3","","","","Ni en accord, ni en désaccord","","","label_fr drafted from the codebook (7449514) by data-raw/extract_questions.R"
"cps_trustworthy_82","4","","","","Plutôt en accord","","","label_fr drafted from the codebook (7449514) by data-raw/extract_questions.R"
"cps_trustworthy_82","5","","","","Fortement en accord","","","label_fr drafted from the codebook (7449514) by data-raw/extract_questions.R"
"cps_cares_1","1","","","","Fortement en désaccord","","","label_fr drafted from the codebook (7449514) by data-raw/extract_questions.R"
"cps_cares_1","2","","","","Plutôt en désaccord","","","label_fr drafted from the codebook (7449514) by data-raw/extract_questions.R"
"cps_cares_1","3","","","","Ni en accord, ni en désaccord","","","label_fr drafted from the codebook (7449514) by data-raw/extract_questions.R"
"cps_cares_1","4","","","","Plutôt en accord","","","label_fr drafted from the codebook (7449514) by data-raw/extract_questions.R"
"cps_cares_1","5","","","","Fortement en accord","","","label_fr drafted from the codebook (7449514) by data-raw/extract_questions.R"
"cps_cares_2","1","","","","Fortement en désaccord","","","label_fr drafted from the codebook (7449514) by data-raw/extract_questions.R"
"cps_cares_2","2","","","","Plutôt en désaccord","","","label_fr drafted from the codebook (7449514) by data-raw/extract_questions.R"
"cps_cares_2","3","","","","Ni en accord, ni en désaccord","","","label_fr drafted from the codebook (7449514) by data-raw/extract_questions.R"
"cps_cares_2","4","","","","Plutôt en accord","","","label_fr drafted from the codebook (7449514) by data-raw/extract_questions.R"
"cps_cares_2","5","","","","Fortement en accord","","","label_fr drafted from the codebook (7449514) by data-raw/extract_questions.R"
"cps_cares_3","1","","","","Fortement en désaccord","","","label_fr drafted from the codebook (7449514) by data-raw/extract_questions.R"
"cps_cares_3","2","","","","Plutôt en désaccord","","","label_fr drafted from the codebook (7449514) by data-raw/extract_questions.R"
"cps_cares_3","3","","","","Ni en accord, ni en désaccord","","","label_fr drafted from the codebook (7449514) by data-raw/extract_questions.R"
"cps_cares_3","4","","","","Plutôt en accord","","","label_fr drafted from the codebook (7449514) by data-raw/extract_questions.R"
"cps_cares_3","5","","","","Fortement en accord","","","label_fr drafted from the codebook (7449514) by data-raw/extract_questions.R"
"cps_cares_4","1","","","","Fortement en désaccord","","","label_fr drafted from the codebook (7449514) by data-raw/extract_questions.R"
"cps_cares_4","2","","","","Plutôt en désaccord","","","label_fr drafted from the codebook (7449514) by data-raw/extract_questions.R"
"cps_cares_4","3","","","","Ni en accord, ni en désaccord","","","label_fr drafted from the codebook (7449514) by data-raw/extract_questions.R"
"cps_cares_4","4","","","","Plutôt en accord","","","label_fr drafted from the codebook (7449514) by data-raw/extract_questions.R"
"cps_cares_4","5","","","","Fortement en accord","","","label_fr drafted from the codebook (7449514) by data-raw/extract_questions.R"
"cps_cares_5","1","","","","Fortement en désaccord","","","label_fr drafted from the codebook (7449514) by data-raw/extract_questions.R"
"cps_cares_5","2","","","","Plutôt en désaccord","","","label_fr drafted from the codebook (7449514) by data-raw/extract_questions.R"
"cps_cares_5","3","","","","Ni en accord, ni en désaccord","","","label_fr drafted from the codebook (7449514) by data-raw/extract_questions.R"
"cps_cares_5","4","","","","Plutôt en accord","","","label_fr drafted from the codebook (7449514) by data-raw/extract_questions.R"
"cps_cares_5","5","","","","Fortement en accord","","","label_fr drafted from the codebook (7449514) by data-raw/extract_questions.R"
"cps_partybest_issues_1","1","","","","Parti libéral du Québec","","","label_fr drafted from the codebook (7449514) by data-raw/extract_questions.R"
"cps_partybest_issues_1","2","","","","Parti québécois","","","label_fr drafted from the codebook (7449514) by data-raw/extract_questions.R"
"cps_partybest_issues_1","3","","","","Coalition avenir Québec","","","label_fr drafted from the codebook (7449514) by data-raw/extract_questions.R"
"cps_partybest_issues_1","4","","","","Québec solidaire","","","label_fr drafted from the codebook (7449514) by data-raw/extract_questions.R"
"cps_partybest_issues_1","5","","","","Parti conservateur du Québec","","","label_fr drafted from the codebook (7449514) by data-raw/extract_questions.R"
"cps_partybest_issues_2","1","","","","Parti libéral du Québec","","","label_fr drafted from the codebook (7449514) by data-raw/extract_questions.R"
"cps_partybest_issues_2","2","","","","Parti québécois","","","label_fr drafted from the codebook (7449514) by data-raw/extract_questions.R"
"cps_partybest_issues_2","3","","","","Coalition avenir Québec","","","label_fr drafted from the codebook (7449514) by data-raw/extract_questions.R"
"cps_partybest_issues_2","4","","","","Québec solidaire","","","label_fr drafted from the codebook (7449514) by data-raw/extract_questions.R"
"cps_partybest_issues_2","5","","","","Parti conservateur du Québec","","","label_fr drafted from the codebook (7449514) by data-raw/extract_questions.R"
"cps_partybest_issues_3","1","","","","Parti libéral du Québec","","","label_fr drafted from the codebook (7449514) by data-raw/extract_questions.R"
"cps_partybest_issues_3","2","","","","Parti québécois","","","label_fr drafted from the codebook (7449514) by data-raw/extract_questions.R"
"cps_partybest_issues_3","3","","","","Coalition avenir Québec","","","label_fr drafted from the codebook (7449514) by data-raw/extract_questions.R"
"cps_partybest_issues_3","4","","","","Québec solidaire","","","label_fr drafted from the codebook (7449514) by data-raw/extract_questions.R"
"cps_partybest_issues_3","5","","","","Parti conservateur du Québec","","","label_fr drafted from the codebook (7449514) by data-raw/extract_questions.R"
"cps_partybest_issues_4","1","","","","Parti libéral du Québec","","","label_fr drafted from the codebook (7449514) by data-raw/extract_questions.R"
"cps_partybest_issues_4","2","","","","Parti québécois","","","label_fr drafted from the codebook (7449514) by data-raw/extract_questions.R"
"cps_partybest_issues_4","3","","","","Coalition avenir Québec","","","label_fr drafted from the codebook (7449514) by data-raw/extract_questions.R"
"cps_partybest_issues_4","4","","","","Québec solidaire","","","label_fr drafted from the codebook (7449514) by data-raw/extract_questions.R"
"cps_partybest_issues_4","5","","","","Parti conservateur du Québec","","","label_fr drafted from the codebook (7449514) by data-raw/extract_questions.R"
"cps_partybest_issues_5","1","","","","Parti libéral du Québec","","","label_fr drafted from the codebook (7449514) by data-raw/extract_questions.R"
"cps_partybest_issues_5","2","","","","Parti québécois","","","label_fr drafted from the codebook (7449514) by data-raw/extract_questions.R"
"cps_partybest_issues_5","3","","","","Coalition avenir Québec","","","label_fr drafted from the codebook (7449514) by data-raw/extract_questions.R"
"cps_partybest_issues_5","4","","","","Québec solidaire","","","label_fr drafted from the codebook (7449514) by data-raw/extract_questions.R"
"cps_partybest_issues_5","5","","","","Parti conservateur du Québec","","","label_fr drafted from the codebook (7449514) by data-raw/extract_questions.R"
"cps_partybest_issues_6","1","","","","Parti libéral du Québec","","","label_fr drafted from the codebook (7449514) by data-raw/extract_questions.R"
"cps_partybest_issues_6","2","","","","Parti québécois","","","label_fr drafted from the codebook (7449514) by data-raw/extract_questions.R"
"cps_partybest_issues_6","3","","","","Coalition avenir Québec","","","label_fr drafted from the codebook (7449514) by data-raw/extract_questions.R"
"cps_partybest_issues_6","4","","","","Québec solidaire","","","label_fr drafted from the codebook (7449514) by data-raw/extract_questions.R"
"cps_partybest_issues_6","5","","","","Parti conservateur du Québec","","","label_fr drafted from the codebook (7449514) by data-raw/extract_questions.R"
"cps_partybest_issues_7","1","","","","Parti libéral du Québec","","","label_fr drafted from the codebook (7449514) by data-raw/extract_questions.R"
"cps_partybest_issues_7","2","","","","Parti québécois","","","label_fr drafted from the codebook (7449514) by data-raw/extract_questions.R"
"cps_partybest_issues_7","3","","","","Coalition avenir Québec","","","label_fr drafted from the codebook (7449514) by data-raw/extract_questions.R"
"cps_partybest_issues_7","4","","","","Québec solidaire","","","label_fr drafted from the codebook (7449514) by data-raw/extract_questions.R"
"cps_partybest_issues_7","5","","","","Parti conservateur du Québec","","","label_fr drafted from the codebook (7449514) by data-raw/extract_questions.R"
"cps_partybest_issues_8","1","","","","Parti libéral du Québec","","","label_fr drafted from the codebook (7449514) by data-raw/extract_questions.R"
"cps_partybest_issues_8","2","","","","Parti québécois","","","label_fr drafted from the codebook (7449514) by data-raw/extract_questions.R"
"cps_partybest_issues_8","3","","","","Coalition avenir Québec","","","label_fr drafted from the codebook (7449514) by data-raw/extract_questions.R"
"cps_partybest_issues_8","4","","","","Québec solidaire","","","label_fr drafted from the codebook (7449514) by data-raw/extract_questions.R"
"cps_partybest_issues_8","5","","","","Parti conservateur du Québec","","","label_fr drafted from the codebook (7449514) by data-raw/extract_questions.R"
"cps_partybest_issues_9","1","","","","Parti libéral du Québec","","","label_fr drafted from the codebook (7449514) by data-raw/extract_questions.R"
"cps_partybest_issues_9","2","","","","Parti québécois","","","label_fr drafted from the codebook (7449514) by data-raw/extract_questions.R"
"cps_partybest_issues_9","3","","","","Coalition avenir Québec","","","label_fr drafted from the codebook (7449514) by data-raw/extract_questions.R"
"cps_partybest_issues_9","4","","","","Québec solidaire","","","label_fr drafted from the codebook (7449514) by data-raw/extract_questions.R"
"cps_partybest_issues_9","5","","","","Parti conservateur du Québec","","","label_fr drafted from the codebook (7449514) by data-raw/extract_questions.R"
"cps_partybest_issues_10","1","","","","Parti libéral du Québec","","","label_fr drafted from the codebook (7449514) by data-raw/extract_questions.R"
"cps_partybest_issues_10","2","","","","Parti québécois","","","label_fr drafted from the codebook (7449514) by data-raw/extract_questions.R"
"cps_partybest_issues_10","3","","","","Coalition avenir Québec","","","label_fr drafted from the codebook (7449514) by data-raw/extract_questions.R"
"cps_partybest_issues_10","4","","","","Québec solidaire","","","label_fr drafted from the codebook (7449514) by data-raw/extract_questions.R"
"cps_partybest_issues_10","5","","","","Parti conservateur du Québec","","","label_fr drafted from the codebook (7449514) by data-raw/extract_questions.R"
"cps_spendedu","1","","","","Dépenser moins","","","label_fr drafted from the codebook (7449514) by data-raw/extract_questions.R"
"cps_spendedu","2","","","","Dépenser à peu près autant","","","label_fr drafted from the codebook (7449514) by data-raw/extract_questions.R"
"cps_spendedu","3","","","","Dépenser plus","","","label_fr drafted from the codebook (7449514) by data-raw/extract_questions.R"
"cps_spendenv","1","","","","Dépenser moins","","","label_fr drafted from the codebook (7449514) by data-raw/extract_questions.R"
"cps_spendenv","2","","","","Dépenser à peu près autant","","","label_fr drafted from the codebook (7449514) by data-raw/extract_questions.R"
"cps_spendenv","3","","","","Dépenser plus","","","label_fr drafted from the codebook (7449514) by data-raw/extract_questions.R"
"cps_spendcrime","1","","","","Dépenser moins","","","label_fr drafted from the codebook (7449514) by data-raw/extract_questions.R"
"cps_spendcrime","2","","","","Dépenser à peu près autant","","","label_fr drafted from the codebook (7449514) by data-raw/extract_questions.R"
"cps_spendcrime","3","","","","Dépenser plus","","","label_fr drafted from the codebook (7449514) by data-raw/extract_questions.R"
"cps_spendhealth","1","","","","Dépenser moins","","","label_fr drafted from the codebook (7449514) by data-raw/extract_questions.R"
"cps_spendhealth","2","","","","Dépenser à peu près autant","","","label_fr drafted from the codebook (7449514) by data-raw/extract_questions.R"
"cps_spendhealth","3","","","","Dépenser plus","","","label_fr drafted from the codebook (7449514) by data-raw/extract_questions.R"
"cps_spendsocial","1","","","","Dépenser moins","","","label_fr drafted from the codebook (7449514) by data-raw/extract_questions.R"
"cps_spendsocial","2","","","","Dépenser à peu près autant","","","label_fr drafted from the codebook (7449514) by data-raw/extract_questions.R"
"cps_spendsocial","3","","","","Dépenser plus","","","label_fr drafted from the codebook (7449514) by data-raw/extract_questions.R"
"cps_qc_carbon","1","","","","Fortement en désaccord","","","label_fr drafted from the codebook (7449514) by data-raw/extract_questions.R"
"cps_qc_carbon","2","","","","Plutôt en désaccord","","","label_fr drafted from the codebook (7449514) by data-raw/extract_questions.R"
"cps_qc_carbon","3","","","","Ni en accord, ni en désaccord","","","label_fr drafted from the codebook (7449514) by data-raw/extract_questions.R"
"cps_qc_carbon","4","","","","Plutôt en accord","","","label_fr drafted from the codebook (7449514) by data-raw/extract_questions.R"
"cps_qc_carbon","5","","","","Fortement en accord","","","label_fr drafted from the codebook (7449514) by data-raw/extract_questions.R"
"cps_qc_energy","1","","","","Fortement en désaccord","","","label_fr drafted from the codebook (7449514) by data-raw/extract_questions.R"
"cps_qc_energy","2","","","","Plutôt en désaccord","","","label_fr drafted from the codebook (7449514) by data-raw/extract_questions.R"
"cps_qc_energy","3","","","","Ni en accord, ni en désaccord","","","label_fr drafted from the codebook (7449514) by data-raw/extract_questions.R"
"cps_qc_energy","4","","","","Plutôt en accord","","","label_fr drafted from the codebook (7449514) by data-raw/extract_questions.R"
"cps_qc_energy","5","","","","Fortement en accord","","","label_fr drafted from the codebook (7449514) by data-raw/extract_questions.R"
"cps_qc_env","1","","","","Fortement en désaccord","","","label_fr drafted from the codebook (7449514) by data-raw/extract_questions.R"
"cps_qc_env","2","","","","Plutôt en désaccord","","","label_fr drafted from the codebook (7449514) by data-raw/extract_questions.R"
"cps_qc_env","3","","","","Ni en accord, ni en désaccord","","","label_fr drafted from the codebook (7449514) by data-raw/extract_questions.R"
"cps_qc_env","4","","","","Plutôt en accord","","","label_fr drafted from the codebook (7449514) by data-raw/extract_questions.R"
"cps_qc_env","5","","","","Fortement en accord","","","label_fr drafted from the codebook (7449514) by data-raw/extract_questions.R"
"cps_jobsfirst","1","","","","Fortement en désaccord","","","label_fr drafted from the codebook (7449514) by data-raw/extract_questions.R"
"cps_jobsfirst","2","","","","Plutôt en désaccord","","","label_fr drafted from the codebook (7449514) by data-raw/extract_questions.R"
"cps_jobsfirst","3","","","","Ni en accord, ni en désaccord","","","label_fr drafted from the codebook (7449514) by data-raw/extract_questions.R"
"cps_jobsfirst","4","","","","Plutôt en accord","","","label_fr drafted from the codebook (7449514) by data-raw/extract_questions.R"
"cps_jobsfirst","5","","","","Fortement en accord","","","label_fr drafted from the codebook (7449514) by data-raw/extract_questions.R"
"cps_qc_attach","1","","","","Très attaché(e)","","","label_fr drafted from the codebook (7449514) by data-raw/extract_questions.R"
"cps_qc_attach","2","","","","Assez attaché(e)","","","label_fr drafted from the codebook (7449514) by data-raw/extract_questions.R"
"cps_qc_attach","3","","","","Peu attaché(e)","","","label_fr drafted from the codebook (7449514) by data-raw/extract_questions.R"
"cps_qc_attach","4","","","","Pas du tout attaché(e)","","","label_fr drafted from the codebook (7449514) by data-raw/extract_questions.R"
"cps_qc_attach","5","","","","Je ne sais pas","","","label_fr drafted from the codebook (7449514) by data-raw/extract_questions.R"
"cps_can_attach","1","","","","Très attaché(e)","","","label_fr drafted from the codebook (7449514) by data-raw/extract_questions.R"
"cps_can_attach","2","","","","Assez attaché(e)","","","label_fr drafted from the codebook (7449514) by data-raw/extract_questions.R"
"cps_can_attach","3","","","","Peu attaché(e)","","","label_fr drafted from the codebook (7449514) by data-raw/extract_questions.R"
"cps_can_attach","4","","","","Pas du tout attaché(e)","","","label_fr drafted from the codebook (7449514) by data-raw/extract_questions.R"
"cps_can_attach","5","","","","Je ne sais pas","","","label_fr drafted from the codebook (7449514) by data-raw/extract_questions.R"
"cps_provecon","1","","","","Améliorée","","","label_fr drafted from the codebook (7449514) by data-raw/extract_questions.R"
"cps_provecon","2","","","","Détériorée","","","label_fr drafted from the codebook (7449514) by data-raw/extract_questions.R"
"cps_provecon","3","","","","Restée à peu près la même","","","label_fr drafted from the codebook (7449514) by data-raw/extract_questions.R"
"cps_proveconblame","1","","","","Meilleure","","","label_fr drafted from the codebook (7449514) by data-raw/extract_questions.R"
"cps_proveconblame","2","","","","Pire","","","label_fr drafted from the codebook (7449514) by data-raw/extract_questions.R"
"cps_proveconblame","3","","","","N'ont pas changé grand-chose","","","label_fr drafted from the codebook (7449514) by data-raw/extract_questions.R"
"cps_ownfin","1","","","","Améliorée","","","label_fr drafted from the codebook (7449514) by data-raw/extract_questions.R"
"cps_ownfin","2","","","","Détériorée","","","label_fr drafted from the codebook (7449514) by data-raw/extract_questions.R"
"cps_ownfin","3","","","","Restée à peu près la même","","","label_fr drafted from the codebook (7449514) by data-raw/extract_questions.R"
"cps_ownfinblame","1","","","","Meilleure","","","label_fr drafted from the codebook (7449514) by data-raw/extract_questions.R"
"cps_ownfinblame","2","","","","Pire","","","label_fr drafted from the codebook (7449514) by data-raw/extract_questions.R"
"cps_ownfinblame","3","","","","N'ont pas changé grand-chose","","","label_fr drafted from the codebook (7449514) by data-raw/extract_questions.R"
"cps_immig","1","","","","Plus d'immigrants","","","label_fr drafted from the codebook (7449514) by data-raw/extract_questions.R"
"cps_immig","2","","","","Moins d'immigrants","","","label_fr drafted from the codebook (7449514) by data-raw/extract_questions.R"
"cps_immig","3","","","","À peu près autant d'immigrants que maintenant","","","label_fr drafted from the codebook (7449514) by data-raw/extract_questions.R"
"cps_refugee","1","","","","Plus de réfugiés","","","label_fr drafted from the codebook (7449514) by data-raw/extract_questions.R"
"cps_refugee","2","","","","Moins de réfugiés","","","label_fr drafted from the codebook (7449514) by data-raw/extract_questions.R"
"cps_refugee","3","","","","À peu près autant de réfugiés que maintenant","","","label_fr drafted from the codebook (7449514) by data-raw/extract_questions.R"
"cps_attractimm","1","","","","D'attirer plus d'immigrants dans la province","","","label_fr drafted from the codebook (7449514) by data-raw/extract_questions.R"
"cps_attractimm","2","","","","D'attirer moins d'immigrants dans la province","","","label_fr drafted from the codebook (7449514) by data-raw/extract_questions.R"
"cps_attractimm","3","","","","De maintenir le niveau d'immigrants comme il est actuellement","","","label_fr drafted from the codebook (7449514) by data-raw/extract_questions.R"
"cps_respect","1","","","","Oui","","","label_fr drafted from the codebook (7449514) by data-raw/extract_questions.R"
"cps_respect","2","","","","Non","","","label_fr drafted from the codebook (7449514) by data-raw/extract_questions.R"
"cps_share","1","","","","Plus que sa juste part","","","label_fr drafted from the codebook (7449514) by data-raw/extract_questions.R"
"cps_share","2","","","","Moins que sa juste part","","","label_fr drafted from the codebook (7449514) by data-raw/extract_questions.R"
"cps_share","3","","","","À peu près sa juste part","","","label_fr drafted from the codebook (7449514) by data-raw/extract_questions.R"
"cps_treat","1","","","","Mieux","","","label_fr drafted from the codebook (7449514) by data-raw/extract_questions.R"
"cps_treat","2","","","","Moins bien","","","label_fr drafted from the codebook (7449514) by data-raw/extract_questions.R"
"cps_treat","3","","","","De la même façon","","","label_fr drafted from the codebook (7449514) by data-raw/extract_questions.R"
"cps_provinequality","1","","","","Oui","","","label_fr drafted from the codebook (7449514) by data-raw/extract_questions.R"
"cps_provinequality","2","","","","Non","","","label_fr drafted from the codebook (7449514) by data-raw/extract_questions.R"
"cps_provinequality","3","","","","Je ne sais pas","","","label_fr drafted from the codebook (7449514) by data-raw/extract_questions.R"
"cps_qc_choose","1","","","","Plus de pouvoirs pour le Québec","","","label_fr drafted from the codebook (7449514) by data-raw/extract_questions.R"
"cps_qc_choose","2","","","","Plus de transferts d’argent du gouvernement fédéral au Québec","","","label_fr drafted from the codebook (7449514) by data-raw/extract_questions.R"
"cps_qc_choose","3","","","","L’indépendance du Québec","","","label_fr drafted from the codebook (7449514) by data-raw/extract_questions.R"
"cps_qc_choose","4","","","","Je ne sais pas","","","label_fr drafted from the codebook (7449514) by data-raw/extract_questions.R"
"cps_qc_decisions_1","1","","","","l’Assemblée nationale du Québec","","","label_fr drafted from the codebook (7449514) by data-raw/extract_questions.R"
"cps_qc_decisions_1","2","","","","le Parlement du Canada","","","label_fr drafted from the codebook (7449514) by data-raw/extract_questions.R"
"cps_qc_decisions_1","3","","","","Je ne sais pas","","","label_fr drafted from the codebook (7449514) by data-raw/extract_questions.R"
"cps_qc_decisions_2","1","","","","l’Assemblée nationale du Québec","","","label_fr drafted from the codebook (7449514) by data-raw/extract_questions.R"
"cps_qc_decisions_2","2","","","","le Parlement du Canada","","","label_fr drafted from the codebook (7449514) by data-raw/extract_questions.R"
"cps_qc_decisions_2","3","","","","Je ne sais pas","","","label_fr drafted from the codebook (7449514) by data-raw/extract_questions.R"
"cps_qc_decisions_3","1","","","","l’Assemblée nationale du Québec","","","label_fr drafted from the codebook (7449514) by data-raw/extract_questions.R"
"cps_qc_decisions_3","2","","","","le Parlement du Canada","","","label_fr drafted from the codebook (7449514) by data-raw/extract_questions.R"
"cps_qc_decisions_3","3","","","","Je ne sais pas","","","label_fr drafted from the codebook (7449514) by data-raw/extract_questions.R"
"cps_qc_decisions_4","1","","","","l’Assemblée nationale du Québec","","","label_fr drafted from the codebook (7449514) by data-raw/extract_questions.R"
"cps_qc_decisions_4","2","","","","le Parlement du Canada","","","label_fr drafted from the codebook (7449514) by data-raw/extract_questions.R"
"cps_qc_decisions_4","3","","","","Je ne sais pas","","","label_fr drafted from the codebook (7449514) by data-raw/extract_questions.R"
"cps_langQC","1","","","","Oui","","","label_fr drafted from the codebook (7449514) by data-raw/extract_questions.R"
"cps_langQC","2","","","","Non","","","label_fr drafted from the codebook (7449514) by data-raw/extract_questions.R"
"cps_langQC","3","","","","Je ne sais pas","","","label_fr drafted from the codebook (7449514) by data-raw/extract_questions.R"
"cps_valuesQC","1","","","","Oui","","","label_fr drafted from the codebook (7449514) by data-raw/extract_questions.R"
"cps_valuesQC","2","","","","Non","","","label_fr drafted from the codebook (7449514) by data-raw/extract_questions.R"
"cps_valuesQC","3","","","","Je ne sais pas","","","label_fr drafted from the codebook (7449514) by data-raw/extract_questions.R"
"cps_covid_handle_1","1","","","","Très satisfait","","","label_fr drafted from the codebook (7449514) by data-raw/extract_questions.R"
"cps_covid_handle_1","2","","","","Plutôt satisfait","","","label_fr drafted from the codebook (7449514) by data-raw/extract_questions.R"
"cps_covid_handle_1","3","","","","Plutôt insatisfait","","","label_fr drafted from the codebook (7449514) by data-raw/extract_questions.R"
"cps_covid_handle_1","4","","","","Très insatisfait","","","label_fr drafted from the codebook (7449514) by data-raw/extract_questions.R"
"cps_covid_handle_2","1","","","","Très satisfait","","","label_fr drafted from the codebook (7449514) by data-raw/extract_questions.R"
"cps_covid_handle_2","2","","","","Plutôt satisfait","","","label_fr drafted from the codebook (7449514) by data-raw/extract_questions.R"
"cps_covid_handle_2","3","","","","Plutôt insatisfait","","","label_fr drafted from the codebook (7449514) by data-raw/extract_questions.R"
"cps_covid_handle_2","4","","","","Très insatisfait","","","label_fr drafted from the codebook (7449514) by data-raw/extract_questions.R"
"cps_covid_handle_3","1","","","","Très satisfait","","","label_fr drafted from the codebook (7449514) by data-raw/extract_questions.R"
"cps_covid_handle_3","2","","","","Plutôt satisfait","","","label_fr drafted from the codebook (7449514) by data-raw/extract_questions.R"
"cps_covid_handle_3","3","","","","Plutôt insatisfait","","","label_fr drafted from the codebook (7449514) by data-raw/extract_questions.R"
"cps_covid_handle_3","4","","","","Très insatisfait","","","label_fr drafted from the codebook (7449514) by data-raw/extract_questions.R"
"cps_covid_compare","1","","","","Très bonne","","","label_fr drafted from the codebook (7449514) by data-raw/extract_questions.R"
"cps_covid_compare","2","","","","Plutôt bonne","","","label_fr drafted from the codebook (7449514) by data-raw/extract_questions.R"
"cps_covid_compare","3","","","","Pas très bonne","","","label_fr drafted from the codebook (7449514) by data-raw/extract_questions.R"
"cps_covid_compare","4","","","","Pas bonne du tout","","","label_fr drafted from the codebook (7449514) by data-raw/extract_questions.R"
"cps_covid_risk","1","","","","Oui","","","label_fr drafted from the codebook (7449514) by data-raw/extract_questions.R"
"cps_covid_risk","2","","","","Non","","","label_fr drafted from the codebook (7449514) by data-raw/extract_questions.R"
"cps_covid_risk","3","","","","Je ne sais pas","","","label_fr drafted from the codebook (7449514) by data-raw/extract_questions.R"
"cps_vaccine1","1","","","","Oui","","","label_fr drafted from the codebook (7449514) by data-raw/extract_questions.R"
"cps_vaccine1","2","","","","Non","","","label_fr drafted from the codebook (7449514) by data-raw/extract_questions.R"
"cps_vaccine1","3","","","","Non applicable - Je ne suis pas éligible","","","label_fr drafted from the codebook (7449514) by data-raw/extract_questions.R"
"cps_qc_pol_independ","1","","","","Très important","","","label_fr drafted from the codebook (7449514) by data-raw/extract_questions.R"
"cps_qc_pol_independ","2","","","","Assez important","","","label_fr drafted from the codebook (7449514) by data-raw/extract_questions.R"
"cps_qc_pol_independ","3","","","","Peu important","","","label_fr drafted from the codebook (7449514) by data-raw/extract_questions.R"
"cps_qc_pol_independ","4","","","","Pas du tout important","","","label_fr drafted from the codebook (7449514) by data-raw/extract_questions.R"
"cps_qc_pol_independ","5","","","","Je ne sais pas","","","label_fr drafted from the codebook (7449514) by data-raw/extract_questions.R"
"cps_qc_referendum","1","","","","Oui","","","label_fr drafted from the codebook (7449514) by data-raw/extract_questions.R"
"cps_qc_referendum","2","","","","Non","","","label_fr drafted from the codebook (7449514) by data-raw/extract_questions.R"
"cps_qc_referendum","3","","","","Je ne sais pas","","","label_fr drafted from the codebook (7449514) by data-raw/extract_questions.R"
"cps_govresp_1","1","","","","Fédéral","","","label_fr drafted from the codebook (7449514) by data-raw/extract_questions.R"
"cps_govresp_1","2","","","","Provincial","","","label_fr drafted from the codebook (7449514) by data-raw/extract_questions.R"
"cps_govresp_1","3","","","","Municipal","","","label_fr drafted from the codebook (7449514) by data-raw/extract_questions.R"
"cps_govresp_1","4","","","","Je ne sais pas","","","label_fr drafted from the codebook (7449514) by data-raw/extract_questions.R"
"cps_govresp_2","1","","","","Fédéral","","","label_fr drafted from the codebook (7449514) by data-raw/extract_questions.R"
"cps_govresp_2","2","","","","Provincial","","","label_fr drafted from the codebook (7449514) by data-raw/extract_questions.R"
"cps_govresp_2","3","","","","Municipal","","","label_fr drafted from the codebook (7449514) by data-raw/extract_questions.R"
"cps_govresp_2","4","","","","Je ne sais pas","","","label_fr drafted from the codebook (7449514) by data-raw/extract_questions.R"
"cps_govresp_3","1","","","","Fédéral","","","label_fr drafted from the codebook (7449514) by data-raw/extract_questions.R"
"cps_govresp_3","2","","","","Provincial","","","label_fr drafted from the codebook (7449514) by data-raw/extract_questions.R"
"cps_govresp_3","3","","","","Municipal","","","label_fr drafted from the codebook (7449514) by data-raw/extract_questions.R"
"cps_govresp_3","4","","","","Je ne sais pas","","","label_fr drafted from the codebook (7449514) by data-raw/extract_questions.R"
"cps_govresp_4","1","","","","Fédéral","","","label_fr drafted from the codebook (7449514) by data-raw/extract_questions.R"
"cps_govresp_4","2","","","","Provincial","","","label_fr drafted from the codebook (7449514) by data-raw/extract_questions.R"
"cps_govresp_4","3","","","","Municipal","","","label_fr drafted from the codebook (7449514) by data-raw/extract_questions.R"
"cps_govresp_4","4","","","","Je ne sais pas","","","label_fr drafted from the codebook (7449514) by data-raw/extract_questions.R"
"cps_govresp_5","1","","","","Fédéral","","","label_fr drafted from the codebook (7449514) by data-raw/extract_questions.R"
"cps_govresp_5","2","","","","Provincial","","","label_fr drafted from the codebook (7449514) by data-raw/extract_questions.R"
"cps_govresp_5","3","","","","Municipal","","","label_fr drafted from the codebook (7449514) by data-raw/extract_questions.R"
"cps_govresp_5","4","","","","Je ne sais pas","","","label_fr drafted from the codebook (7449514) by data-raw/extract_questions.R"
"cps_govresp_6","1","","","","Fédéral","","","label_fr drafted from the codebook (7449514) by data-raw/extract_questions.R"
"cps_govresp_6","2","","","","Provincial","","","label_fr drafted from the codebook (7449514) by data-raw/extract_questions.R"
"cps_govresp_6","3","","","","Municipal","","","label_fr drafted from the codebook (7449514) by data-raw/extract_questions.R"
"cps_govresp_6","4","","","","Je ne sais pas","","","label_fr drafted from the codebook (7449514) by data-raw/extract_questions.R"
"cps_complicated","1","","","","Fortement en désaccord","","","label_fr drafted from the codebook (7449514) by data-raw/extract_questions.R"
"cps_complicated","2","","","","Plutôt en désaccord","","","label_fr drafted from the codebook (7449514) by data-raw/extract_questions.R"
"cps_complicated","3","","","","Plutôt en accord","","","label_fr drafted from the codebook (7449514) by data-raw/extract_questions.R"
"cps_complicated","4","","","","Fortement en accord","","","label_fr drafted from the codebook (7449514) by data-raw/extract_questions.R"
"cps_nosay","1","","","","Fortement en désaccord","","","label_fr drafted from the codebook (7449514) by data-raw/extract_questions.R"
"cps_nosay","2","","","","Plutôt en désaccord","","","label_fr drafted from the codebook (7449514) by data-raw/extract_questions.R"
"cps_nosay","3","","","","Plutôt en accord","","","label_fr drafted from the codebook (7449514) by data-raw/extract_questions.R"
"cps_nosay","4","","","","Fortement en accord","","","label_fr drafted from the codebook (7449514) by data-raw/extract_questions.R"
"cps_newstime","1","","","","0 minute","","","label_fr drafted from the codebook (7449514) by data-raw/extract_questions.R"
"cps_newstime","2","","","","1-10 minutes","","","label_fr drafted from the codebook (7449514) by data-raw/extract_questions.R"
"cps_newstime","3","","","","11-30 minutes","","","label_fr drafted from the codebook (7449514) by data-raw/extract_questions.R"
"cps_newstime","4","","","","31-60 minutes","","","label_fr drafted from the codebook (7449514) by data-raw/extract_questions.R"
"cps_newstime","5","","","","1 à 2 heures","","","label_fr drafted from the codebook (7449514) by data-raw/extract_questions.R"
"cps_newstime","6","","","","Plus de 2 heures","","","label_fr drafted from the codebook (7449514) by data-raw/extract_questions.R"
"cps_socialmediatime","1","","","","Au moins 10 fois par jour","","","label_fr drafted from the codebook (7449514) by data-raw/extract_questions.R"
"cps_socialmediatime","2","","","","Plusieurs fois par jour","","","label_fr drafted from the codebook (7449514) by data-raw/extract_questions.R"
"cps_socialmediatime","3","","","","Environ une fois par jour","","","label_fr drafted from the codebook (7449514) by data-raw/extract_questions.R"
"cps_socialmediatime","4","","","","3 à 6 jours par semaine","","","label_fr drafted from the codebook (7449514) by data-raw/extract_questions.R"
"cps_socialmediatime","5","","","","1 à 2 jours par semaine","","","label_fr drafted from the codebook (7449514) by data-raw/extract_questions.R"
"cps_socialmediatime","6","","","","À toutes les quelques semaines","","","label_fr drafted from the codebook (7449514) by data-raw/extract_questions.R"
"cps_socialmediatime","7","","","","Moins souvent/Jamais","","","label_fr drafted from the codebook (7449514) by data-raw/extract_questions.R"
"cps_socialmedia_1","-99","","","","","not_selected","","select-all item: codes 1 and -99 only"
"cps_socialmedia_1","1","","","","Facebook","","","label_fr drafted from the codebook (7449514) by data-raw/extract_questions.R"
"cps_socialmedia_2","-99","","","","","not_selected","","select-all item: codes 1 and -99 only"
"cps_socialmedia_2","1","","","","Twitter","","","label_fr drafted from the codebook (7449514) by data-raw/extract_questions.R"
"cps_socialmedia_3","-99","","","","","not_selected","","select-all item: codes 1 and -99 only"
"cps_socialmedia_3","1","","","","Youtube","","","label_fr drafted from the codebook (7449514) by data-raw/extract_questions.R"
"cps_socialmedia_4","-99","","","","","not_selected","","select-all item: codes 1 and -99 only"
"cps_socialmedia_4","1","","","","Snapchat","","","label_fr drafted from the codebook (7449514) by data-raw/extract_questions.R"
"cps_socialmedia_5","-99","","","","","not_selected","","select-all item: codes 1 and -99 only"
"cps_socialmedia_5","1","","","","Reddit","","","label_fr drafted from the codebook (7449514) by data-raw/extract_questions.R"
"cps_socialmedia_6","-99","","","","","not_selected","","select-all item: codes 1 and -99 only"
"cps_socialmedia_6","1","","","","TikTok","","","label_fr drafted from the codebook (7449514) by data-raw/extract_questions.R"
"cps_socialmedia_7","-99","","","","","not_selected","","select-all item: codes 1 and -99 only"
"cps_socialmedia_7","1","","","","Instagram","","","label_fr drafted from the codebook (7449514) by data-raw/extract_questions.R"
"cps_socialmedia_8","-99","","","","","not_selected","","select-all item: codes 1 and -99 only"
"cps_socialmedia_8","1","","","","Pinterest","","","label_fr drafted from the codebook (7449514) by data-raw/extract_questions.R"
"cps_socialmedia_9","-99","","","","","not_selected","","select-all item: codes 1 and -99 only"
"cps_socialmedia_9","1","","","","Autre (veuillez préciser)","","","label_fr drafted from the codebook (7449514) by data-raw/extract_questions.R"
"cps_socialmedia_10","-99","","","","","not_selected","","select-all item: codes 1 and -99 only"
"cps_socialmedia_10","1","","","","Aucun de ceux-ci","","","label_fr drafted from the codebook (7449514) by data-raw/extract_questions.R"
"pes_identity_qc_ca","1","","","","Uniquement comme Canadien(ne), pas du tout comme Québécois(e)","","","label_fr drafted from the codebook (7449514) by data-raw/extract_questions.R"
"pes_identity_qc_ca","2","","","","D’abord comme Canadien(ne), puis comme Québécois(e)","","","label_fr drafted from the codebook (7449514) by data-raw/extract_questions.R"
"pes_identity_qc_ca","3","","","","Également comme Québécois(e) et comme Canadien(ne)","","","label_fr drafted from the codebook (7449514) by data-raw/extract_questions.R"
"pes_identity_qc_ca","4","","","","D’abord comme Québécois(e), puis comme Canadien(ne)","","","label_fr drafted from the codebook (7449514) by data-raw/extract_questions.R"
"pes_identity_qc_ca","5","","","","Uniquement comme Québécois(e), pas du tout comme Canadien(ne)","","","label_fr drafted from the codebook (7449514) by data-raw/extract_questions.R"
"pes_identity_qc_ca","6","","","","Je ne sais pas","","","label_fr drafted from the codebook (7449514) by data-raw/extract_questions.R"
"cps_fedpid","1","","","","Libéral","","","label_fr drafted from the codebook (7449514) by data-raw/extract_questions.R"
"cps_fedpid","2","","","","Conservateur","","","label_fr drafted from the codebook (7449514) by data-raw/extract_questions.R"
"cps_fedpid","3","","","","NPD","","","label_fr drafted from the codebook (7449514) by data-raw/extract_questions.R"
"cps_fedpid","4","","","","Vert","","","label_fr drafted from the codebook (7449514) by data-raw/extract_questions.R"
"cps_fedpid","5","","","","Un autre parti (Veuillez spécifier)","","","label_fr drafted from the codebook (7449514) by data-raw/extract_questions.R"
"cps_fedpid","6","","","","Aucun de ces partis","","","label_fr drafted from the codebook (7449514) by data-raw/extract_questions.R"
"cps_fedpid","7","","","","Parti populaire du Canada","","","label_fr drafted from the codebook (7449514) by data-raw/extract_questions.R"
"cps_fedpid","8","","","","Bloc québécois","","","label_fr drafted from the codebook (7449514) by data-raw/extract_questions.R"
"cps_fedpidstr","1","","","","Très proche","","","label_fr drafted from the codebook (7449514) by data-raw/extract_questions.R"
"cps_fedpidstr","2","","","","Proche","","","label_fr drafted from the codebook (7449514) by data-raw/extract_questions.R"
"cps_fedpidstr","3","","","","Pas très proche","","","label_fr drafted from the codebook (7449514) by data-raw/extract_questions.R"
"cps_provpid","1","","","","libéral","","","label_fr drafted from the codebook (7449514) by data-raw/extract_questions.R"
"cps_provpid","2","","","","péquiste","","","label_fr drafted from the codebook (7449514) by data-raw/extract_questions.R"
"cps_provpid","3","","","","caquiste","","","label_fr drafted from the codebook (7449514) by data-raw/extract_questions.R"
"cps_provpid","4","","","","solidaire","","","label_fr drafted from the codebook (7449514) by data-raw/extract_questions.R"
"cps_provpid","5","","","","Un autre parti (Veuillez spécifier):","","","label_fr drafted from the codebook (7449514) by data-raw/extract_questions.R"
"cps_provpid","6","","","","Aucun de ces partis","","","label_fr drafted from the codebook (7449514) by data-raw/extract_questions.R"
"cps_provpid","7","","","","conservateur","","","label_fr drafted from the codebook (7449514) by data-raw/extract_questions.R"
"cps_provpidstr","1","","","","Très proche","","","label_fr drafted from the codebook (7449514) by data-raw/extract_questions.R"
"cps_provpidstr","2","","","","Proche","","","label_fr drafted from the codebook (7449514) by data-raw/extract_questions.R"
"cps_provpidstr","3","","","","Pas très proche","","","label_fr drafted from the codebook (7449514) by data-raw/extract_questions.R"
"cps_donateparty","1","","","","Oui","","","label_fr drafted from the codebook (7449514) by data-raw/extract_questions.R"
"cps_donateparty","2","","","","Non","","","label_fr drafted from the codebook (7449514) by data-raw/extract_questions.R"
"cps_volunteer","1","","","","Jamais","","","label_fr drafted from the codebook (7449514) by data-raw/extract_questions.R"
"cps_volunteer","2","","","","Juste une fois","","","label_fr drafted from the codebook (7449514) by data-raw/extract_questions.R"
"cps_volunteer","3","","","","Quelques fois","","","label_fr drafted from the codebook (7449514) by data-raw/extract_questions.R"
"cps_volunteer","4","","","","Plus de cinq fois","","","label_fr drafted from the codebook (7449514) by data-raw/extract_questions.R"
"cps_pastvote","1","","","","Oui","","","label_fr drafted from the codebook (7449514) by data-raw/extract_questions.R"
"cps_pastvote","2","","","","Non","","","label_fr drafted from the codebook (7449514) by data-raw/extract_questions.R"
"cps_pastvote","3","","","","Pas éligible au vote lors de la dernière élection","","","label_fr drafted from the codebook (7449514) by data-raw/extract_questions.R"
"cps_pastpartyvote","1","","","","Parti libéral du Canada","","","label_fr drafted from the codebook (7449514) by data-raw/extract_questions.R"
"cps_pastpartyvote","2","","","","Parti conservateur du Canada","","","label_fr drafted from the codebook (7449514) by data-raw/extract_questions.R"
"cps_pastpartyvote","3","","","","NPD","","","label_fr drafted from the codebook (7449514) by data-raw/extract_questions.R"
"cps_pastpartyvote","4","","","","Parti vert","","","label_fr drafted from the codebook (7449514) by data-raw/extract_questions.R"
"cps_pastpartyvote","5","","","","Un autre parti (Veuillez spécifier)","","","label_fr drafted from the codebook (7449514) by data-raw/extract_questions.R"
"cps_pastpartyvote","6","","","","Parti populaire du Canada","","","label_fr drafted from the codebook (7449514) by data-raw/extract_questions.R"
"cps_pastpartyvote","7","","","","Bloc québécois","","","label_fr drafted from the codebook (7449514) by data-raw/extract_questions.R"
"cps_qc_turnout_2018","1","","","","Oui","","","label_fr drafted from the codebook (7449514) by data-raw/extract_questions.R"
"cps_qc_turnout_2018","2","","","","Non","","","label_fr drafted from the codebook (7449514) by data-raw/extract_questions.R"
"cps_qc_turnout_2018","3","","","","Pas éligible au vote lors de la dernière élection","","","label_fr drafted from the codebook (7449514) by data-raw/extract_questions.R"
"cps_qc_vote_2018","1","","","","Parti libéral du Québec","","","label_fr drafted from the codebook (7449514) by data-raw/extract_questions.R"
"cps_qc_vote_2018","2","","","","Parti québécois","","","label_fr drafted from the codebook (7449514) by data-raw/extract_questions.R"
"cps_qc_vote_2018","3","","","","Coalition avenir Québec","","","label_fr drafted from the codebook (7449514) by data-raw/extract_questions.R"
"cps_qc_vote_2018","4","","","","Québec solidaire","","","label_fr drafted from the codebook (7449514) by data-raw/extract_questions.R"
"cps_qc_vote_2018","5","","","","Un autre parti (Veuillez spécifier)","","","label_fr drafted from the codebook (7449514) by data-raw/extract_questions.R"
"cps_duty","1","","","","Devoir","","","label_fr drafted from the codebook (7449514) by data-raw/extract_questions.R"
"cps_duty","2","","","","Choix","","","label_fr drafted from the codebook (7449514) by data-raw/extract_questions.R"
"cps_qc_independent","1","","","","Oui","","","label_fr drafted from the codebook (7449514) by data-raw/extract_questions.R"
"cps_qc_independent","2","","","","Non","","","label_fr drafted from the codebook (7449514) by data-raw/extract_questions.R"
"cps_qc_independent","3","","","","Je ne sais pas","","","label_fr drafted from the codebook (7449514) by data-raw/extract_questions.R"
"cps_religion","1","","","","Aucune/ N'en a pas / Athée","","","label_fr drafted from the codebook (7449514) by data-raw/extract_questions.R"
"cps_religion","2","","","","Agnostique","","","label_fr drafted from the codebook (7449514) by data-raw/extract_questions.R"
"cps_religion","3","","","","Bouddhiste / Bouddhisme","","","label_fr drafted from the codebook (7449514) by data-raw/extract_questions.R"
"cps_religion","4","","","","Hindou","","","label_fr drafted from the codebook (7449514) by data-raw/extract_questions.R"
"cps_religion","5","","","","Juif / Judaïsme / Orthodoxe Juif","","","label_fr drafted from the codebook (7449514) by data-raw/extract_questions.R"
"cps_religion","6","","","","Musulman","","","label_fr drafted from the codebook (7449514) by data-raw/extract_questions.R"
"cps_religion","7","","","","Sikh / Sikhisme","","","label_fr drafted from the codebook (7449514) by data-raw/extract_questions.R"
"cps_religion","8","","","","Anglicane / Eglise d'Angleterre","","","label_fr drafted from the codebook (7449514) by data-raw/extract_questions.R"
"cps_religion","9","","","","Baptiste","","","label_fr drafted from the codebook (7449514) by data-raw/extract_questions.R"
"cps_religion","10","","","","Catholique / Catholique Romaine / RC","","","label_fr drafted from the codebook (7449514) by data-raw/extract_questions.R"
"cps_religion","11","","","","Orthodoxe Grec / Orthodoxe Ukrainien / Orthodoxe Russe / Orthodoxe de l'Est","","","label_fr drafted from the codebook (7449514) by data-raw/extract_questions.R"
"cps_religion","12","","","","Témoin de Jehovah","","","label_fr drafted from the codebook (7449514) by data-raw/extract_questions.R"
"cps_religion","13","","","","Luthérien","","","label_fr drafted from the codebook (7449514) by data-raw/extract_questions.R"
"cps_religion","14","","","","Mormon / Église de Jésus-Christ des Saints des Derniers Jours","","","label_fr drafted from the codebook (7449514) by data-raw/extract_questions.R"
"cps_religion","15","","","","Pentecôtiste / Fondamentaliste / Né de nouveau / Évangélique","","","label_fr drafted from the codebook (7449514) by data-raw/extract_questions.R"
"cps_religion","16","","","","Presbytérien","","","label_fr drafted from the codebook (7449514) by data-raw/extract_questions.R"
"cps_religion","17","","","","Protestant","","","label_fr drafted from the codebook (7449514) by data-raw/extract_questions.R"
"cps_religion","18","","","","Église Unie du Canada","","","label_fr drafted from the codebook (7449514) by data-raw/extract_questions.R"
"cps_religion","19","","","","Réforme chrétienne","","","label_fr drafted from the codebook (7449514) by data-raw/extract_questions.R"
"cps_religion","20","","","","Armée du Salut","","","label_fr drafted from the codebook (7449514) by data-raw/extract_questions.R"
"cps_religion","21","","","","Mennonite","","","label_fr drafted from the codebook (7449514) by data-raw/extract_questions.R"
"cps_religion","22","","","","Autre (Veuillez spécifier)","","","label_fr drafted from the codebook (7449514) by data-raw/extract_questions.R"
"cps_religimp","1","","","","Très importante","","","label_fr drafted from the codebook (7449514) by data-raw/extract_questions.R"
"cps_religimp","2","","","","Assez importante","","","label_fr drafted from the codebook (7449514) by data-raw/extract_questions.R"
"cps_religimp","3","","","","Pas très importante","","","label_fr drafted from the codebook (7449514) by data-raw/extract_questions.R"
"cps_religimp","4","","","","Pas importante du tout","","","label_fr drafted from the codebook (7449514) by data-raw/extract_questions.R"
"cps_borncda","1","","","","Oui","","","label_fr drafted from the codebook (7449514) by data-raw/extract_questions.R"
"cps_borncda","2","","","","Non","","","label_fr drafted from the codebook (7449514) by data-raw/extract_questions.R"
"cps_lang_1","-99","","","","","not_selected","","select-all item: codes 1 and -99 only"
"cps_lang_1","1","","","","Anglais","","","label_fr drafted from the codebook (7449514) by data-raw/extract_questions.R"
"cps_lang_2","-99","","","","","not_selected","","select-all item: codes 1 and -99 only"
"cps_lang_2","1","","","","Français","","","label_fr drafted from the codebook (7449514) by data-raw/extract_questions.R"
"cps_lang_3","-99","","","","","not_selected","","select-all item: codes 1 and -99 only"
"cps_lang_3","1","","","","Autre (Veuillez spécifier)","","","label_fr drafted from the codebook (7449514) by data-raw/extract_questions.R"
"cps_income2","1","","","","Aucun revenu","","","label_fr drafted from the codebook (7449514) by data-raw/extract_questions.R"
"cps_income2","2","","","","1$ à 30 000$","","","label_fr drafted from the codebook (7449514) by data-raw/extract_questions.R"
"cps_income2","3","","","","30 001$ à 60 000$","","","label_fr drafted from the codebook (7449514) by data-raw/extract_questions.R"
"cps_income2","4","","","","60 001$ à 90 000$","","","label_fr drafted from the codebook (7449514) by data-raw/extract_questions.R"
"cps_income2","5","","","","90 001$ à 110 000$","","","label_fr drafted from the codebook (7449514) by data-raw/extract_questions.R"
"cps_income2","6","","","","110 001$ à 150 000$","","","label_fr drafted from the codebook (7449514) by data-raw/extract_questions.R"
"cps_income2","7","","","","150 001$ à 200 000$","","","label_fr drafted from the codebook (7449514) by data-raw/extract_questions.R"
"cps_income2","8","","","","Plus de 200 000$","","","label_fr drafted from the codebook (7449514) by data-raw/extract_questions.R"
"pes_consent","1","","","","Je consens à participer à cette étude. J'ai lu toutes les informations sur l'étude.","","","label_fr drafted from the codebook (7449514) by data-raw/extract_questions.R"
"pes_consent","2","","","","Je ne consens pas à participer.","","","label_fr drafted from the codebook (7449514) by data-raw/extract_questions.R"
"pes_provsatis","1","","","","Très satisfait","","","label_fr drafted from the codebook (7449514) by data-raw/extract_questions.R"
"pes_provsatis","2","","","","Plutôt satisfait","","","label_fr drafted from the codebook (7449514) by data-raw/extract_questions.R"
"pes_provsatis","3","","","","Pas très satisfait","","","label_fr drafted from the codebook (7449514) by data-raw/extract_questions.R"
"pes_provsatis","4","","","","Pas du tout satisfait","","","label_fr drafted from the codebook (7449514) by data-raw/extract_questions.R"
"pes_turnout","1","","","","Oui","","","label_fr drafted from the codebook (7449514) by data-raw/extract_questions.R"
"pes_turnout","2","","","","Non","","","label_fr drafted from the codebook (7449514) by data-raw/extract_questions.R"
"pes_turnout","3","","","","Je vote habituellement, mais je ne l'ai pas fait cette fois-ci","","","label_fr drafted from the codebook (7449514) by data-raw/extract_questions.R"
"pes_turnout","4","","","","J'ai pensé voter, mais je ne l'ai pas fait","","","label_fr drafted from the codebook (7449514) by data-raw/extract_questions.R"
"pes_turnout","5","","","","Je ne suis pas enregistré(e) pour voter","","","label_fr drafted from the codebook (7449514) by data-raw/extract_questions.R"
"pes_turnout","6","","","","Je ne m'en souviens pas","","","label_fr drafted from the codebook (7449514) by data-raw/extract_questions.R"
"pes_votechoice","1","","","","Parti libéral du Québec","","","label_fr drafted from the codebook (7449514) by data-raw/extract_questions.R"
"pes_votechoice","2","","","","Parti québécois","","","label_fr drafted from the codebook (7449514) by data-raw/extract_questions.R"
"pes_votechoice","3","","","","Coalition avenir Québec","","","label_fr drafted from the codebook (7449514) by data-raw/extract_questions.R"
"pes_votechoice","4","","","","Québec solidaire","","","label_fr drafted from the codebook (7449514) by data-raw/extract_questions.R"
"pes_votechoice","5","","","","Autre (veuillez spécifier):","","","label_fr drafted from the codebook (7449514) by data-raw/extract_questions.R"
"pes_votechoice","6","","","","J'ai annulé ou refusé mon bulletin de vote","","","label_fr drafted from the codebook (7449514) by data-raw/extract_questions.R"
"pes_votechoice","7","","","","Parti conservateur du Québec","","","label_fr drafted from the codebook (7449514) by data-raw/extract_questions.R"
"pes_q7","1","","","","Oui","","","label_fr drafted from the codebook (7449514) by data-raw/extract_questions.R"
"pes_q7","2","","","","Non","","","label_fr drafted from the codebook (7449514) by data-raw/extract_questions.R"
"pes_q7","3","","","","Je préfère ne pas répondre","","","label_fr drafted from the codebook (7449514) by data-raw/extract_questions.R"
"pes_q8","1","","","","Parti libéral du Québec","","","label_fr drafted from the codebook (7449514) by data-raw/extract_questions.R"
"pes_q8","4","","","","Parti québécois","","","label_fr drafted from the codebook (7449514) by data-raw/extract_questions.R"
"pes_q8","5","","","","Coalition Avenir Québec","","","label_fr drafted from the codebook (7449514) by data-raw/extract_questions.R"
"pes_q8","6","","","","Québec solidaire","","","label_fr drafted from the codebook (7449514) by data-raw/extract_questions.R"
"pes_q8","7","","","","Un autre parti","","","label_fr drafted from the codebook (7449514) by data-raw/extract_questions.R"
"pes_q8","8","","","","Je préfère ne pas répondre","","","label_fr drafted from the codebook (7449514) by data-raw/extract_questions.R"
"pes_q8","9","","","","Parti conservateur du Québec","","","label_fr drafted from the codebook (7449514) by data-raw/extract_questions.R"
"pes_howvote","1","","","","Le jour du scrutin, à un bureau de vote","","","label_fr drafted from the codebook (7449514) by data-raw/extract_questions.R"
"pes_howvote","2","","","","En personne, à un bureau de vote par anticipation","","","label_fr drafted from the codebook (7449514) by data-raw/extract_questions.R"
"pes_howvote","3","","","","En personne, dans un bureau électoral d’Élections Québec","","","label_fr drafted from the codebook (7449514) by data-raw/extract_questions.R"
"pes_howvote","4","","","","Par la poste","","","label_fr drafted from the codebook (7449514) by data-raw/extract_questions.R"
"pes_maileasy","1","","","","Très facile","","","label_fr drafted from the codebook (7449514) by data-raw/extract_questions.R"
"pes_maileasy","2","","","","Plutôt facile","","","label_fr drafted from the codebook (7449514) by data-raw/extract_questions.R"
"pes_maileasy","3","","","","Plutôt difficile","","","label_fr drafted from the codebook (7449514) by data-raw/extract_questions.R"
"pes_maileasy","4","","","","Très difficile","","","label_fr drafted from the codebook (7449514) by data-raw/extract_questions.R"
"pes_maileasy","5","","","","Je ne suis pas certain(e)","","","label_fr drafted from the codebook (7449514) by data-raw/extract_questions.R"
"pes_maildifficult_1","1","","","","Je ne savais pas que je devais faire la demande d’une trousse de vote par la poste","","","label_fr drafted from the codebook (7449514) by data-raw/extract_questions.R"
"pes_maildifficult_2","1","","","","Je ne savais pas ni où ni comment faire la demande d’une trousse de vote par la poste","","","label_fr drafted from the codebook (7449514) by data-raw/extract_questions.R"
"pes_maildifficult_3","1","","","","Le processus téléphonique de demande de trousse de vote par la poste n’était pas clair","","","label_fr drafted from the codebook (7449514) by data-raw/extract_questions.R"
"pes_maildifficult_4","1","","","","Le processus de demande de vote par correspondance sur le site web d’Élections Québec n’était pas clair.","","","label_fr drafted from the codebook (7449514) by data-raw/extract_questions.R"
"pes_maildifficult_5","1","","","","Il a fallu beaucoup de temps pour recevoir ma trousse de vote par la poste.","","","label_fr drafted from the codebook (7449514) by data-raw/extract_questions.R"
"pes_maildifficult_6","1","","","","Ma trousse de vote par la poste n’est jamais arrivée.","","","label_fr drafted from the codebook (7449514) by data-raw/extract_questions.R"
"pes_maildifficult_7","1","","","","Les instructions dans la trousse de vote par la poste n’étaient pas claires.","","","label_fr drafted from the codebook (7449514) by data-raw/extract_questions.R"
"pes_maildifficult_8","1","","","","Le bulletin de vote n’énumérait pas les noms des candidats ou des partis politiques.","","","label_fr drafted from the codebook (7449514) by data-raw/extract_questions.R"
"pes_maildifficult_9","1","","","","Je ne savais pas si j’allais devoir débourser les frais de retour par la poste.","","","label_fr drafted from the codebook (7449514) by data-raw/extract_questions.R"
"pes_maildifficult_10","1","","","","Je n’étais pas sûr(e) que ma trousse de vote arriverait à temps pour être comptée.","","","label_fr drafted from the codebook (7449514) by data-raw/extract_questions.R"
"pes_maildifficult_11","1","","","","Autre (s’il vous plait expliquez)","","","label_fr drafted from the codebook (7449514) by data-raw/extract_questions.R"
"pes_maildifficult_12","1","","","","Je ne suis pas certain(e)","","","label_fr drafted from the codebook (7449514) by data-raw/extract_questions.R"
"pes_votingsafe","1","","","","Très en sécurité","","","label_fr drafted from the codebook (7449514) by data-raw/extract_questions.R"
"pes_votingsafe","2","","","","Plutôt en sécurité","","","label_fr drafted from the codebook (7449514) by data-raw/extract_questions.R"
"pes_votingsafe","3","","","","Pas vraiment en sécurité","","","label_fr drafted from the codebook (7449514) by data-raw/extract_questions.R"
"pes_votingsafe","4","","","","Pas du tout en sécurité","","","label_fr drafted from the codebook (7449514) by data-raw/extract_questions.R"
"pes_votingsafe","5","","","","Je ne me souviens pas","","","label_fr drafted from the codebook (7449514) by data-raw/extract_questions.R"
"pes_reasonnotvote","1","","","","Je n’arrivais pas à choisir pour qui voter","","","label_fr drafted from the codebook (7449514) by data-raw/extract_questions.R"
"pes_reasonnotvote","2","","","","Je n’aimais aucun des candidats ou des partis","","","label_fr drafted from the codebook (7449514) by data-raw/extract_questions.R"
"pes_reasonnotvote","3","","","","Je ne savais pas comment voter","","","label_fr drafted from the codebook (7449514) by data-raw/extract_questions.R"
"pes_reasonnotvote","4","","","","L’élection n’avait pas d’importance pour moi","","","label_fr drafted from the codebook (7449514) by data-raw/extract_questions.R"
"pes_reasonnotvote","5","","","","Je ne vote jamais","","","label_fr drafted from the codebook (7449514) by data-raw/extract_questions.R"
"pes_reasonnotvote","6","","","","Je n’en savais pas assez sur les enjeux ou les candidats","","","label_fr drafted from the codebook (7449514) by data-raw/extract_questions.R"
"pes_reasonnotvote","7","","","","Mon vote ne fait aucune différence","","","label_fr drafted from the codebook (7449514) by data-raw/extract_questions.R"
"pes_reasonnotvote","8","","","","Je n’ai pas eu assez de temps pour voter (raisons liées au travail)","","","label_fr drafted from the codebook (7449514) by data-raw/extract_questions.R"
"pes_reasonnotvote","9","","","","Je n’ai pas eu assez de temps pour voter (raisons personnelles)","","","label_fr drafted from the codebook (7449514) by data-raw/extract_questions.R"
"pes_reasonnotvote","10","","","","Je n’étais pas enregistré(e) pour voter ou je ne savais pas comment m’enregistrer","","","label_fr drafted from the codebook (7449514) by data-raw/extract_questions.R"
"pes_reasonnotvote","11","","","","J’étais à l'extérieur de la ville","","","label_fr drafted from the codebook (7449514) by data-raw/extract_questions.R"
"pes_reasonnotvote","12","","","","Il y avait un événement auquel je devais assister","","","label_fr drafted from the codebook (7449514) by data-raw/extract_questions.R"
"pes_reasonnotvote","13","","","","Je m’inquiétais de l’exposition à la COVID-19","","","label_fr drafted from the codebook (7449514) by data-raw/extract_questions.R"
"pes_reasonnotvote","14","","","","J'ai des limitations physiques ou des problèmes de mobilité","","","label_fr drafted from the codebook (7449514) by data-raw/extract_questions.R"
"pes_reasonnotvote","15","","","","J’étais malade","","","label_fr drafted from the codebook (7449514) by data-raw/extract_questions.R"
"pes_reasonnotvote","16","","","","J'étais dans l'incapacité de prouver mon identité ou mon adresse","","","label_fr drafted from the codebook (7449514) by data-raw/extract_questions.R"
"pes_reasonnotvote","17","","","","Autre (veuillez spécifier)","","","label_fr drafted from the codebook (7449514) by data-raw/extract_questions.R"
"pes_contact","1","","","","Oui","","","label_fr drafted from the codebook (7449514) by data-raw/extract_questions.R"
"pes_contact","2","","","","Non","","","label_fr drafted from the codebook (7449514) by data-raw/extract_questions.R"
"pes_contact","3","","","","Je ne m'en souviens pas","","","label_fr drafted from the codebook (7449514) by data-raw/extract_questions.R"
"pes_contactparty_1","-99","","","","","not_selected","","select-all item: codes 1 and -99 only"
"pes_contactparty_1","1","","","","Parti libéral du Québec","","","label_fr drafted from the codebook (7449514) by data-raw/extract_questions.R"
"pes_contactparty_2","-99","","","","","not_selected","","select-all item: codes 1 and -99 only"
"pes_contactparty_2","1","","","","Parti québécois","","","label_fr drafted from the codebook (7449514) by data-raw/extract_questions.R"
"pes_contactparty_3","-99","","","","","not_selected","","select-all item: codes 1 and -99 only"
"pes_contactparty_3","1","","","","Coalition avenir Québec","","","label_fr drafted from the codebook (7449514) by data-raw/extract_questions.R"
"pes_contactparty_4","-99","","","","","not_selected","","select-all item: codes 1 and -99 only"
"pes_contactparty_4","1","","","","Québec solidaire","","","label_fr drafted from the codebook (7449514) by data-raw/extract_questions.R"
"pes_contactparty_5","-99","","","","","not_selected","","select-all item: codes 1 and -99 only"
"pes_contactparty_5","1","","","","Parti conservateur du Québec","","","label_fr drafted from the codebook (7449514) by data-raw/extract_questions.R"
"pes_contactparty_8","-99","","","","","not_selected","","select-all item: codes 1 and -99 only"
"pes_contactparty_8","1","","","","Un autre parti (veuillez préciser)","","","label_fr drafted from the codebook (7449514) by data-raw/extract_questions.R"
"pes_contactparty_9","-99","","","","","not_selected","","select-all item: codes 1 and -99 only"
"pes_contactparty_9","1","","","","Je ne m'en souviens pas","","","label_fr drafted from the codebook (7449514) by data-raw/extract_questions.R"
"pes_provlosetouch","1","","","","Fortement en désaccord","","","label_fr drafted from the codebook (7449514) by data-raw/extract_questions.R"
"pes_provlosetouch","2","","","","Plutôt en désaccord","","","label_fr drafted from the codebook (7449514) by data-raw/extract_questions.R"
"pes_provlosetouch","3","","","","Ni en accord ni en désaccord","","","label_fr drafted from the codebook (7449514) by data-raw/extract_questions.R"
"pes_provlosetouch","4","","","","Plutôt en accord","","","label_fr drafted from the codebook (7449514) by data-raw/extract_questions.R"
"pes_provlosetouch","5","","","","Fortement en accord","","","label_fr drafted from the codebook (7449514) by data-raw/extract_questions.R"
"pes_medical","1","","","","Fortement en désaccord","","","label_fr drafted from the codebook (7449514) by data-raw/extract_questions.R"
"pes_medical","2","","","","Plutôt en désaccord","","","label_fr drafted from the codebook (7449514) by data-raw/extract_questions.R"
"pes_medical","3","","","","Ni en accord ni en désaccord","","","label_fr drafted from the codebook (7449514) by data-raw/extract_questions.R"
"pes_medical","4","","","","Plutôt en accord","","","label_fr drafted from the codebook (7449514) by data-raw/extract_questions.R"
"pes_medical","5","","","","Fortement en accord","","","label_fr drafted from the codebook (7449514) by data-raw/extract_questions.R"
"pes_womenhome","1","","","","Fortement en désaccord","","","label_fr drafted from the codebook (7449514) by data-raw/extract_questions.R"
"pes_womenhome","2","","","","Plutôt en désaccord","","","label_fr drafted from the codebook (7449514) by data-raw/extract_questions.R"
"pes_womenhome","3","","","","Ni en accord ni en désaccord","","","label_fr drafted from the codebook (7449514) by data-raw/extract_questions.R"
"pes_womenhome","4","","","","Plutôt en accord","","","label_fr drafted from the codebook (7449514) by data-raw/extract_questions.R"
"pes_womenhome","5","","","","Fortement en accord","","","label_fr drafted from the codebook (7449514) by data-raw/extract_questions.R"
"pes_govtcare","1","","","","Fortement en désaccord","","","label_fr drafted from the codebook (7449514) by data-raw/extract_questions.R"
"pes_govtcare","2","","","","Plutôt en désaccord","","","label_fr drafted from the codebook (7449514) by data-raw/extract_questions.R"
"pes_govtcare","3","","","","Ni en accord ni en désaccord","","","label_fr drafted from the codebook (7449514) by data-raw/extract_questions.R"
"pes_govtcare","4","","","","Plutôt en accord","","","label_fr drafted from the codebook (7449514) by data-raw/extract_questions.R"
"pes_govtcare","5","","","","Fortement en accord","","","label_fr drafted from the codebook (7449514) by data-raw/extract_questions.R"
"pes_pollie","1","","","","Fortement en désaccord","","","label_fr drafted from the codebook (7449514) by data-raw/extract_questions.R"
"pes_pollie","2","","","","Plutôt en désaccord","","","label_fr drafted from the codebook (7449514) by data-raw/extract_questions.R"
"pes_pollie","3","","","","Ni en accord ni en désaccord","","","label_fr drafted from the codebook (7449514) by data-raw/extract_questions.R"
"pes_pollie","4","","","","Plutôt en accord","","","label_fr drafted from the codebook (7449514) by data-raw/extract_questions.R"
"pes_pollie","5","","","","Fortement en accord","","","label_fr drafted from the codebook (7449514) by data-raw/extract_questions.R"
"pes_newlifestyles","1","","","","Fortement en désaccord","","","label_fr drafted from the codebook (7449514) by data-raw/extract_questions.R"
"pes_newlifestyles","2","","","","Plutôt en désaccord","","","label_fr drafted from the codebook (7449514) by data-raw/extract_questions.R"
"pes_newlifestyles","3","","","","Ni en accord, ni en désaccord","","","label_fr drafted from the codebook (7449514) by data-raw/extract_questions.R"
"pes_newlifestyles","4","","","","Plutôt en accord","","","label_fr drafted from the codebook (7449514) by data-raw/extract_questions.R"
"pes_newlifestyles","5","","","","Fortement en accord","","","label_fr drafted from the codebook (7449514) by data-raw/extract_questions.R"
"pes_biling","1","","","","Fortement en désaccord","","","label_fr drafted from the codebook (7449514) by data-raw/extract_questions.R"
"pes_biling","2","","","","Plutôt en désaccord","","","label_fr drafted from the codebook (7449514) by data-raw/extract_questions.R"
"pes_biling","3","","","","Ni en accord ni en désaccord","","","label_fr drafted from the codebook (7449514) by data-raw/extract_questions.R"
"pes_biling","4","","","","Plutôt en accord","","","label_fr drafted from the codebook (7449514) by data-raw/extract_questions.R"
"pes_biling","5","","","","Fortement en accord","","","label_fr drafted from the codebook (7449514) by data-raw/extract_questions.R"
"pes_familyvalues","1","","","","Fortement en désaccord","","","label_fr drafted from the codebook (7449514) by data-raw/extract_questions.R"
"pes_familyvalues","2","","","","Plutôt en désaccord","","","label_fr drafted from the codebook (7449514) by data-raw/extract_questions.R"
"pes_familyvalues","3","","","","Ni en accord ni en désaccord","","","label_fr drafted from the codebook (7449514) by data-raw/extract_questions.R"
"pes_familyvalues","4","","","","Plutôt en accord","","","label_fr drafted from the codebook (7449514) by data-raw/extract_questions.R"
"pes_familyvalues","5","","","","Fortement en accord","","","label_fr drafted from the codebook (7449514) by data-raw/extract_questions.R"
"pes_equalrights","1","","","","Fortement en désaccord","","","label_fr drafted from the codebook (7449514) by data-raw/extract_questions.R"
"pes_equalrights","2","","","","Plutôt en désaccord","","","label_fr drafted from the codebook (7449514) by data-raw/extract_questions.R"
"pes_equalrights","3","","","","Ni en accord ni en désaccord","","","label_fr drafted from the codebook (7449514) by data-raw/extract_questions.R"
"pes_equalrights","4","","","","Plutôt en accord","","","label_fr drafted from the codebook (7449514) by data-raw/extract_questions.R"
"pes_equalrights","5","","","","Fortement en accord","","","label_fr drafted from the codebook (7449514) by data-raw/extract_questions.R"
"pes_immfitin","1","","","","Fortement en désaccord","","","label_fr drafted from the codebook (7449514) by data-raw/extract_questions.R"
"pes_immfitin","2","","","","Plutôt en désaccord","","","label_fr drafted from the codebook (7449514) by data-raw/extract_questions.R"
"pes_immfitin","3","","","","Ni en accord ni en désaccord","","","label_fr drafted from the codebook (7449514) by data-raw/extract_questions.R"
"pes_immfitin","4","","","","Plutôt en accord","","","label_fr drafted from the codebook (7449514) by data-raw/extract_questions.R"
"pes_immfitin","5","","","","Fortement en accord","","","label_fr drafted from the codebook (7449514) by data-raw/extract_questions.R"
"pes_immjobs","1","","","","Fortement en désaccord","","","label_fr drafted from the codebook (7449514) by data-raw/extract_questions.R"
"pes_immjobs","2","","","","Plutôt en désaccord","","","label_fr drafted from the codebook (7449514) by data-raw/extract_questions.R"
"pes_immjobs","3","","","","Ni en accord ni en désaccord","","","label_fr drafted from the codebook (7449514) by data-raw/extract_questions.R"
"pes_immjobs","4","","","","Plutôt en accord","","","label_fr drafted from the codebook (7449514) by data-raw/extract_questions.R"
"pes_immjobs","5","","","","Fortement en accord","","","label_fr drafted from the codebook (7449514) by data-raw/extract_questions.R"
"pes_familyvalues_qc","1","","","","Fortement en désaccord","","","label_fr drafted from the codebook (7449514) by data-raw/extract_questions.R"
"pes_familyvalues_qc","2","","","","Plutôt en désaccord","","","label_fr drafted from the codebook (7449514) by data-raw/extract_questions.R"
"pes_familyvalues_qc","3","","","","Ni en accord ni en désaccord","","","label_fr drafted from the codebook (7449514) by data-raw/extract_questions.R"
"pes_familyvalues_qc","4","","","","Plutôt en accord","","","label_fr drafted from the codebook (7449514) by data-raw/extract_questions.R"
"pes_familyvalues_qc","5","","","","Fortement en accord","","","label_fr drafted from the codebook (7449514) by data-raw/extract_questions.R"
"pes_equalrights_qc","1","","","","Fortement en désaccord","","","label_fr drafted from the codebook (7449514) by data-raw/extract_questions.R"
"pes_equalrights_qc","2","","","","Plutôt en désaccord","","","label_fr drafted from the codebook (7449514) by data-raw/extract_questions.R"
"pes_equalrights_qc","3","","","","Ni en accord ni en désaccord","","","label_fr drafted from the codebook (7449514) by data-raw/extract_questions.R"
"pes_equalrights_qc","4","","","","Plutôt en accord","","","label_fr drafted from the codebook (7449514) by data-raw/extract_questions.R"
"pes_equalrights_qc","5","","","","Fortement en accord","","","label_fr drafted from the codebook (7449514) by data-raw/extract_questions.R"
"pes_immfitin_qc","1","","","","Fortement en désaccord","","","label_fr drafted from the codebook (7449514) by data-raw/extract_questions.R"
"pes_immfitin_qc","2","","","","Plutôt en désaccord","","","label_fr drafted from the codebook (7449514) by data-raw/extract_questions.R"
"pes_immfitin_qc","3","","","","Ni en accord ni en désaccord","","","label_fr drafted from the codebook (7449514) by data-raw/extract_questions.R"
"pes_immfitin_qc","4","","","","Plutôt en accord","","","label_fr drafted from the codebook (7449514) by data-raw/extract_questions.R"
"pes_immfitin_qc","5","","","","Fortement en accord","","","label_fr drafted from the codebook (7449514) by data-raw/extract_questions.R"
"pes_immjobs_qc","1","","","","Fortement en désaccord","","","label_fr drafted from the codebook (7449514) by data-raw/extract_questions.R"
"pes_immjobs_qc","2","","","","Plutôt en désaccord","","","label_fr drafted from the codebook (7449514) by data-raw/extract_questions.R"
"pes_immjobs_qc","3","","","","Ni en accord ni en désaccord","","","label_fr drafted from the codebook (7449514) by data-raw/extract_questions.R"
"pes_immjobs_qc","4","","","","Plutôt en accord","","","label_fr drafted from the codebook (7449514) by data-raw/extract_questions.R"
"pes_immjobs_qc","5","","","","Fortement en accord","","","label_fr drafted from the codebook (7449514) by data-raw/extract_questions.R"
"pes_confidence_1","1","","","","Beaucoup","","","label_fr drafted from the codebook (7449514) by data-raw/extract_questions.R"
"pes_confidence_1","2","","","","Assez","","","label_fr drafted from the codebook (7449514) by data-raw/extract_questions.R"
"pes_confidence_1","3","","","","Peu","","","label_fr drafted from the codebook (7449514) by data-raw/extract_questions.R"
"pes_confidence_1","4","","","","Pas du tout","","","label_fr drafted from the codebook (7449514) by data-raw/extract_questions.R"
"pes_confidence_2","1","","","","Beaucoup","","","label_fr drafted from the codebook (7449514) by data-raw/extract_questions.R"
"pes_confidence_2","2","","","","Assez","","","label_fr drafted from the codebook (7449514) by data-raw/extract_questions.R"
"pes_confidence_2","3","","","","Peu","","","label_fr drafted from the codebook (7449514) by data-raw/extract_questions.R"
"pes_confidence_2","4","","","","Pas du tout","","","label_fr drafted from the codebook (7449514) by data-raw/extract_questions.R"
"pes_confidence_3","1","","","","Beaucoup","","","label_fr drafted from the codebook (7449514) by data-raw/extract_questions.R"
"pes_confidence_3","2","","","","Assez","","","label_fr drafted from the codebook (7449514) by data-raw/extract_questions.R"
"pes_confidence_3","3","","","","Peu","","","label_fr drafted from the codebook (7449514) by data-raw/extract_questions.R"
"pes_confidence_3","4","","","","Pas du tout","","","label_fr drafted from the codebook (7449514) by data-raw/extract_questions.R"
"pes_confidence_4","1","","","","Beaucoup","","","label_fr drafted from the codebook (7449514) by data-raw/extract_questions.R"
"pes_confidence_4","2","","","","Assez","","","label_fr drafted from the codebook (7449514) by data-raw/extract_questions.R"
"pes_confidence_4","3","","","","Peu","","","label_fr drafted from the codebook (7449514) by data-raw/extract_questions.R"
"pes_confidence_4","4","","","","Pas du tout","","","label_fr drafted from the codebook (7449514) by data-raw/extract_questions.R"
"pes_emb_satis","1","","","","Très satisfait(e)","","","label_fr drafted from the codebook (7449514) by data-raw/extract_questions.R"
"pes_emb_satis","2","","","","Assez satisfait(e)","","","label_fr drafted from the codebook (7449514) by data-raw/extract_questions.R"
"pes_emb_satis","3","","","","Pas très satisfait(e)","","","label_fr drafted from the codebook (7449514) by data-raw/extract_questions.R"
"pes_emb_satis","4","","","","Pas du tout satisfait(e)","","","label_fr drafted from the codebook (7449514) by data-raw/extract_questions.R"
"pes_emb_satis","5","","","","Je ne sais pas","","","label_fr drafted from the codebook (7449514) by data-raw/extract_questions.R"
"pes_emb_fair","1","","","","De façon très juste","","","label_fr drafted from the codebook (7449514) by data-raw/extract_questions.R"
"pes_emb_fair","2","","","","De façon assez juste","","","label_fr drafted from the codebook (7449514) by data-raw/extract_questions.R"
"pes_emb_fair","3","","","","Pas très justement","","","label_fr drafted from the codebook (7449514) by data-raw/extract_questions.R"
"pes_emb_fair","4","","","","Pas justement du tout","","","label_fr drafted from the codebook (7449514) by data-raw/extract_questions.R"
"pes_emb_fair","5","","","","Je ne sais pas","","","label_fr drafted from the codebook (7449514) by data-raw/extract_questions.R"
"pes_emb_safe","1","","","","Fortement en désaccord","","","label_fr drafted from the codebook (7449514) by data-raw/extract_questions.R"
"pes_emb_safe","2","","","","Plutôt en désaccord","","","label_fr drafted from the codebook (7449514) by data-raw/extract_questions.R"
"pes_emb_safe","3","","","","Ni en accord ni en désaccord","","","label_fr drafted from the codebook (7449514) by data-raw/extract_questions.R"
"pes_emb_safe","4","","","","Plutôt en accord","","","label_fr drafted from the codebook (7449514) by data-raw/extract_questions.R"
"pes_emb_safe","5","","","","Fortement en accord","","","label_fr drafted from the codebook (7449514) by data-raw/extract_questions.R"
"pes_emb_safe","6","","","","Je ne suis pas certain(e)","","","label_fr drafted from the codebook (7449514) by data-raw/extract_questions.R"
"pes_mailtrust","1","","","","Fortement en désaccord","","","label_fr drafted from the codebook (7449514) by data-raw/extract_questions.R"
"pes_mailtrust","2","","","","Plutôt en désaccord","","","label_fr drafted from the codebook (7449514) by data-raw/extract_questions.R"
"pes_mailtrust","3","","","","Ni en accord ni en désaccord","","","label_fr drafted from the codebook (7449514) by data-raw/extract_questions.R"
"pes_mailtrust","4","","","","Plutôt en accord","","","label_fr drafted from the codebook (7449514) by data-raw/extract_questions.R"
"pes_mailtrust","5","","","","Fortement en accord","","","label_fr drafted from the codebook (7449514) by data-raw/extract_questions.R"
"pes_mailtrust","6","","","","Je ne suis pas certain(e)","","","label_fr drafted from the codebook (7449514) by data-raw/extract_questions.R"
"pes_mailrequest","1","","","","Fortement en désaccord","","","label_fr drafted from the codebook (7449514) by data-raw/extract_questions.R"
"pes_mailrequest","2","","","","Plutôt en désaccord","","","label_fr drafted from the codebook (7449514) by data-raw/extract_questions.R"
"pes_mailrequest","3","","","","Ni en accord ni en désaccord","","","label_fr drafted from the codebook (7449514) by data-raw/extract_questions.R"
"pes_mailrequest","4","","","","Plutôt en accord","","","label_fr drafted from the codebook (7449514) by data-raw/extract_questions.R"
"pes_mailrequest","5","","","","Fortement en accord","","","label_fr drafted from the codebook (7449514) by data-raw/extract_questions.R"
"pes_mailrequest","6","","","","Je ne suis pas certain(e)","","","label_fr drafted from the codebook (7449514) by data-raw/extract_questions.R"
"pes_ENBhands","1","","","","Oui","","","label_fr drafted from the codebook (7449514) by data-raw/extract_questions.R"
"pes_ENBhands","2","","","","Non","","","label_fr drafted from the codebook (7449514) by data-raw/extract_questions.R"
"pes_ENBhands","3","","","","Je ne me souviens pas","","","label_fr drafted from the codebook (7449514) by data-raw/extract_questions.R"
"pes_ENBmask","1","","","","Oui","","","label_fr drafted from the codebook (7449514) by data-raw/extract_questions.R"
"pes_ENBmask","2","","","","Non","","","label_fr drafted from the codebook (7449514) by data-raw/extract_questions.R"
"pes_ENBmask","3","","","","Je ne me souviens pas","","","label_fr drafted from the codebook (7449514) by data-raw/extract_questions.R"
"pes_emb_card","1","","","","Oui","","","label_fr drafted from the codebook (7449514) by data-raw/extract_questions.R"
"pes_emb_card","2","","","","Non","","","label_fr drafted from the codebook (7449514) by data-raw/extract_questions.R"
"pes_emb_card","3","","","","Je ne sais pas","","","label_fr drafted from the codebook (7449514) by data-raw/extract_questions.R"
"pes_emb_cardcorrect","1","","","","Oui","","","label_fr drafted from the codebook (7449514) by data-raw/extract_questions.R"
"pes_emb_cardcorrect","2","","","","Non","","","label_fr drafted from the codebook (7449514) by data-raw/extract_questions.R"
"pes_emb_register","1","","","","Oui","","","label_fr drafted from the codebook (7449514) by data-raw/extract_questions.R"
"pes_emb_register","2","","","","Non","","","label_fr drafted from the codebook (7449514) by data-raw/extract_questions.R"
"pes_emb_registerhow","1","","","","En ligne sur le site d'Élections Québec","","","label_fr drafted from the codebook (7449514) by data-raw/extract_questions.R"
"pes_emb_registerhow","2","","","","À mon bureau local d'Élections Québec","","","label_fr drafted from the codebook (7449514) by data-raw/extract_questions.R"
"pes_emb_registerhow","3","","","","Par la poste","","","label_fr drafted from the codebook (7449514) by data-raw/extract_questions.R"
"pes_emb_registerhow","4","","","","Autre (Veuillez spécifier)","","","label_fr drafted from the codebook (7449514) by data-raw/extract_questions.R"
"pes_emb_votehard","1","","","","Très facile","","","label_fr drafted from the codebook (7449514) by data-raw/extract_questions.R"
"pes_emb_votehard","2","","","","Plutôt facile","","","label_fr drafted from the codebook (7449514) by data-raw/extract_questions.R"
"pes_emb_votehard","3","","","","Ni facile ni difficile","","","label_fr drafted from the codebook (7449514) by data-raw/extract_questions.R"
"pes_emb_votehard","4","","","","Plutôt difficile","","","label_fr drafted from the codebook (7449514) by data-raw/extract_questions.R"
"pes_emb_votehard","5","","","","Très difficile","","","label_fr drafted from the codebook (7449514) by data-raw/extract_questions.R"
"pes_emb_voteinfo_1","-99","","","","","not_selected","","select-all item: codes 1 and -99 only"
"pes_emb_voteinfo_1","1","","","","Le guide Voter au Québec envoyé par la poste","","","label_fr drafted from the codebook (7449514) by data-raw/extract_questions.R"
"pes_emb_voteinfo_2","-99","","","","","not_selected","","select-all item: codes 1 and -99 only"
"pes_emb_voteinfo_2","1","","","","La carte d’information de l’électeur envoyé par la poste","","","label_fr drafted from the codebook (7449514) by data-raw/extract_questions.R"
"pes_emb_voteinfo_3","-99","","","","","not_selected","","select-all item: codes 1 and -99 only"
"pes_emb_voteinfo_3","1","","","","Télévision","","","label_fr drafted from the codebook (7449514) by data-raw/extract_questions.R"
"pes_emb_voteinfo_4","-99","","","","","not_selected","","select-all item: codes 1 and -99 only"
"pes_emb_voteinfo_4","1","","","","Radio","","","label_fr drafted from the codebook (7449514) by data-raw/extract_questions.R"
"pes_emb_voteinfo_5","-99","","","","","not_selected","","select-all item: codes 1 and -99 only"
"pes_emb_voteinfo_5","1","","","","Journal","","","label_fr drafted from the codebook (7449514) by data-raw/extract_questions.R"
"pes_emb_voteinfo_6","-99","","","","","not_selected","","select-all item: codes 1 and -99 only"
"pes_emb_voteinfo_6","1","","","","Médias sociaux","","","label_fr drafted from the codebook (7449514) by data-raw/extract_questions.R"
"pes_emb_voteinfo_7","-99","","","","","not_selected","","select-all item: codes 1 and -99 only"
"pes_emb_voteinfo_7","1","","","","Publicité dans les transports en commun","","","label_fr drafted from the codebook (7449514) by data-raw/extract_questions.R"
"pes_emb_voteinfo_8","-99","","","","","not_selected","","select-all item: codes 1 and -99 only"
"pes_emb_voteinfo_8","1","","","","Famille/Amis","","","label_fr drafted from the codebook (7449514) by data-raw/extract_questions.R"
"pes_emb_voteinfo_9","-99","","","","","not_selected","","select-all item: codes 1 and -99 only"
"pes_emb_voteinfo_9","1","","","","Centre d’appel d’Élections Québec","","","label_fr drafted from the codebook (7449514) by data-raw/extract_questions.R"
"pes_emb_voteinfo_10","-99","","","","","not_selected","","select-all item: codes 1 and -99 only"
"pes_emb_voteinfo_10","1","","","","Site Internet d'Élections Québec","","","label_fr drafted from the codebook (7449514) by data-raw/extract_questions.R"
"pes_emb_voteinfo_11","-99","","","","","not_selected","","select-all item: codes 1 and -99 only"
"pes_emb_voteinfo_11","1","","","","Autre site Internet","","","label_fr drafted from the codebook (7449514) by data-raw/extract_questions.R"
"pes_emb_voteinfo_12","-99","","","","","not_selected","","select-all item: codes 1 and -99 only"
"pes_emb_voteinfo_12","1","","","","Partis politiques/Candidats","","","label_fr drafted from the codebook (7449514) by data-raw/extract_questions.R"
"pes_emb_voteinfo_13","-99","","","","","not_selected","","select-all item: codes 1 and -99 only"
"pes_emb_voteinfo_13","1","","","","Bureau d'Élections Québec (bureau de circonscription électorale)","","","label_fr drafted from the codebook (7449514) by data-raw/extract_questions.R"
"pes_emb_voteinfo_14","-99","","","","","not_selected","","select-all item: codes 1 and -99 only"
"pes_emb_voteinfo_14","1","","","","Autre (veuillez spécifier)","","","label_fr drafted from the codebook (7449514) by data-raw/extract_questions.R"
"pes_voteoptions_1","-99","","","","","not_selected","","select-all item: codes 1 and -99 only"
"pes_voteoptions_1","1","","","","Voter par anticipation","","","label_fr drafted from the codebook (7449514) by data-raw/extract_questions.R"
"pes_voteoptions_2","-99","","","","","not_selected","","select-all item: codes 1 and -99 only"
"pes_voteoptions_2","1","","","","Voter à votre bureau de vote assigné","","","label_fr drafted from the codebook (7449514) by data-raw/extract_questions.R"
"pes_voteoptions_3","-99","","","","","not_selected","","select-all item: codes 1 and -99 only"
"pes_voteoptions_3","1","","","","Voter au bureau de circonscription","","","label_fr drafted from the codebook (7449514) by data-raw/extract_questions.R"
"pes_voteoptions_4","-99","","","","","not_selected","","select-all item: codes 1 and -99 only"
"pes_voteoptions_4","1","","","","Voter à n’importe quel bureau de vote dans votre circonscription","","","label_fr drafted from the codebook (7449514) by data-raw/extract_questions.R"
"pes_voteoptions_5","-99","","","","","not_selected","","select-all item: codes 1 and -99 only"
"pes_voteoptions_5","1","","","","Voter à n’importe quel bureau de vote à l’extérieur de votre circonscription","","","label_fr drafted from the codebook (7449514) by data-raw/extract_questions.R"
"pes_voteoptions_6","-99","","","","","not_selected","","select-all item: codes 1 and -99 only"
"pes_voteoptions_6","1","","","","Voter par la poste","","","label_fr drafted from the codebook (7449514) by data-raw/extract_questions.R"
"pes_voteoptions_7","-99","","","","","not_selected","","select-all item: codes 1 and -99 only"
"pes_voteoptions_7","1","","","","Voter par téléphone","","","label_fr drafted from the codebook (7449514) by data-raw/extract_questions.R"
"pes_voteoptions_8","-99","","","","","not_selected","","select-all item: codes 1 and -99 only"
"pes_voteoptions_8","1","","","","Voter en ligne","","","label_fr drafted from the codebook (7449514) by data-raw/extract_questions.R"
"pes_emb_infohard","1","","","","Très facile","","","label_fr drafted from the codebook (7449514) by data-raw/extract_questions.R"
"pes_emb_infohard","2","","","","Plutôt facile","","","label_fr drafted from the codebook (7449514) by data-raw/extract_questions.R"
"pes_emb_infohard","3","","","","Ni facile ni difficile","","","label_fr drafted from the codebook (7449514) by data-raw/extract_questions.R"
"pes_emb_infohard","4","","","","Plutôt difficile","","","label_fr drafted from the codebook (7449514) by data-raw/extract_questions.R"
"pes_emb_infohard","5","","","","Très difficile","","","label_fr drafted from the codebook (7449514) by data-raw/extract_questions.R"
"pes_embsatisfy","1","","","","Très satisfait(e)","","","label_fr drafted from the codebook (7449514) by data-raw/extract_questions.R"
"pes_embsatisfy","2","","","","Plutôt satisfait(e)","","","label_fr drafted from the codebook (7449514) by data-raw/extract_questions.R"
"pes_embsatisfy","3","","","","Plutôt insatisfait(e)","","","label_fr drafted from the codebook (7449514) by data-raw/extract_questions.R"
"pes_embsatisfy","4","","","","Très insatisfait(e)","","","label_fr drafted from the codebook (7449514) by data-raw/extract_questions.R"
"pes_identify_1","1","","","","Beaucoup","","","label_fr drafted from the codebook (7449514) by data-raw/extract_questions.R"
"pes_identify_1","2","","","","Assez","","","label_fr drafted from the codebook (7449514) by data-raw/extract_questions.R"
"pes_identify_1","3","","","","Un peu","","","label_fr drafted from the codebook (7449514) by data-raw/extract_questions.R"
"pes_identify_1","4","","","","Pas du tout","","","label_fr drafted from the codebook (7449514) by data-raw/extract_questions.R"
"pes_identify_2","1","","","","Beaucoup","","","label_fr drafted from the codebook (7449514) by data-raw/extract_questions.R"
"pes_identify_2","2","","","","Assez","","","label_fr drafted from the codebook (7449514) by data-raw/extract_questions.R"
"pes_identify_2","3","","","","Un peu","","","label_fr drafted from the codebook (7449514) by data-raw/extract_questions.R"
"pes_identify_2","4","","","","Pas du tout","","","label_fr drafted from the codebook (7449514) by data-raw/extract_questions.R"
"pes_identify_3","1","","","","Beaucoup","","","label_fr drafted from the codebook (7449514) by data-raw/extract_questions.R"
"pes_identify_3","2","","","","Assez","","","label_fr drafted from the codebook (7449514) by data-raw/extract_questions.R"
"pes_identify_3","3","","","","Un peu","","","label_fr drafted from the codebook (7449514) by data-raw/extract_questions.R"
"pes_identify_3","4","","","","Pas du tout","","","label_fr drafted from the codebook (7449514) by data-raw/extract_questions.R"
"pes_provcommon","1","","","","Fortement en désaccord","","","label_fr drafted from the codebook (7449514) by data-raw/extract_questions.R"
"pes_provcommon","2","","","","Plutôt en désaccord","","","label_fr drafted from the codebook (7449514) by data-raw/extract_questions.R"
"pes_provcommon","3","","","","Ni en accord ni en désaccord","","","label_fr drafted from the codebook (7449514) by data-raw/extract_questions.R"
"pes_provcommon","4","","","","Plutôt en accord","","","label_fr drafted from the codebook (7449514) by data-raw/extract_questions.R"
"pes_provcommon","5","","","","Fortement en accord","","","label_fr drafted from the codebook (7449514) by data-raw/extract_questions.R"
"pes_provid_fact","1","","","","Fortement en désaccord","","","label_fr drafted from the codebook (7449514) by data-raw/extract_questions.R"
"pes_provid_fact","2","","","","Plutôt en désaccord","","","label_fr drafted from the codebook (7449514) by data-raw/extract_questions.R"
"pes_provid_fact","3","","","","Ni en accord ni en désaccord","","","label_fr drafted from the codebook (7449514) by data-raw/extract_questions.R"
"pes_provid_fact","4","","","","Plutôt en accord","","","label_fr drafted from the codebook (7449514) by data-raw/extract_questions.R"
"pes_provid_fact","5","","","","Fortement en accord","","","label_fr drafted from the codebook (7449514) by data-raw/extract_questions.R"
"pes_provid_glad","1","","","","Fortement en désaccord","","","label_fr drafted from the codebook (7449514) by data-raw/extract_questions.R"
"pes_provid_glad","2","","","","Plutôt en désaccord","","","label_fr drafted from the codebook (7449514) by data-raw/extract_questions.R"
"pes_provid_glad","3","","","","Ni en accord ni en désaccord","","","label_fr drafted from the codebook (7449514) by data-raw/extract_questions.R"
"pes_provid_glad","4","","","","Plutôt en accord","","","label_fr drafted from the codebook (7449514) by data-raw/extract_questions.R"
"pes_provid_glad","5","","","","Fortement en accord","","","label_fr drafted from the codebook (7449514) by data-raw/extract_questions.R"
"pes_nativism_1","1","","","","Pas important du tout","","","label_fr drafted from the codebook (7449514) by data-raw/extract_questions.R"
"pes_nativism_1","2","","","","Pas très important","","","label_fr drafted from the codebook (7449514) by data-raw/extract_questions.R"
"pes_nativism_1","3","","","","Assez important","","","label_fr drafted from the codebook (7449514) by data-raw/extract_questions.R"
"pes_nativism_1","4","","","","Très important","","","label_fr drafted from the codebook (7449514) by data-raw/extract_questions.R"
"pes_nativism_2","1","","","","Pas important du tout","","","label_fr drafted from the codebook (7449514) by data-raw/extract_questions.R"
"pes_nativism_2","2","","","","Pas très important","","","label_fr drafted from the codebook (7449514) by data-raw/extract_questions.R"
"pes_nativism_2","3","","","","Assez important","","","label_fr drafted from the codebook (7449514) by data-raw/extract_questions.R"
"pes_nativism_2","4","","","","Très important","","","label_fr drafted from the codebook (7449514) by data-raw/extract_questions.R"
"pes_nativism_3","1","","","","Pas important du tout","","","label_fr drafted from the codebook (7449514) by data-raw/extract_questions.R"
"pes_nativism_3","2","","","","Pas très important","","","label_fr drafted from the codebook (7449514) by data-raw/extract_questions.R"
"pes_nativism_3","3","","","","Assez important","","","label_fr drafted from the codebook (7449514) by data-raw/extract_questions.R"
"pes_nativism_3","4","","","","Très important","","","label_fr drafted from the codebook (7449514) by data-raw/extract_questions.R"
"pes_nativism_4","1","","","","Pas important du tout","","","label_fr drafted from the codebook (7449514) by data-raw/extract_questions.R"
"pes_nativism_4","2","","","","Pas très important","","","label_fr drafted from the codebook (7449514) by data-raw/extract_questions.R"
"pes_nativism_4","3","","","","Assez important","","","label_fr drafted from the codebook (7449514) by data-raw/extract_questions.R"
"pes_nativism_4","4","","","","Très important","","","label_fr drafted from the codebook (7449514) by data-raw/extract_questions.R"
"pes_nativism_5","1","","","","Pas important du tout","","","label_fr drafted from the codebook (7449514) by data-raw/extract_questions.R"
"pes_nativism_5","2","","","","Pas très important","","","label_fr drafted from the codebook (7449514) by data-raw/extract_questions.R"
"pes_nativism_5","3","","","","Assez important","","","label_fr drafted from the codebook (7449514) by data-raw/extract_questions.R"
"pes_nativism_5","4","","","","Très important","","","label_fr drafted from the codebook (7449514) by data-raw/extract_questions.R"
"pes_nativism_6","1","","","","Pas important du tout","","","label_fr drafted from the codebook (7449514) by data-raw/extract_questions.R"
"pes_nativism_6","2","","","","Pas très important","","","label_fr drafted from the codebook (7449514) by data-raw/extract_questions.R"
"pes_nativism_6","3","","","","Assez important","","","label_fr drafted from the codebook (7449514) by data-raw/extract_questions.R"
"pes_nativism_6","4","","","","Très important","","","label_fr drafted from the codebook (7449514) by data-raw/extract_questions.R"
"pes_nativism_7","1","","","","Pas important du tout","","","label_fr drafted from the codebook (7449514) by data-raw/extract_questions.R"
"pes_nativism_7","2","","","","Pas très important","","","label_fr drafted from the codebook (7449514) by data-raw/extract_questions.R"
"pes_nativism_7","3","","","","Assez important","","","label_fr drafted from the codebook (7449514) by data-raw/extract_questions.R"
"pes_nativism_7","4","","","","Très important","","","label_fr drafted from the codebook (7449514) by data-raw/extract_questions.R"
"pes_nativism_8","1","","","","Pas important du tout","","","label_fr drafted from the codebook (7449514) by data-raw/extract_questions.R"
"pes_nativism_8","2","","","","Pas très important","","","label_fr drafted from the codebook (7449514) by data-raw/extract_questions.R"
"pes_nativism_8","3","","","","Assez important","","","label_fr drafted from the codebook (7449514) by data-raw/extract_questions.R"
"pes_nativism_8","4","","","","Très important","","","label_fr drafted from the codebook (7449514) by data-raw/extract_questions.R"
"pes_nativism_9","1","","","","Pas important du tout","","","label_fr drafted from the codebook (7449514) by data-raw/extract_questions.R"
"pes_nativism_9","2","","","","Pas très important","","","label_fr drafted from the codebook (7449514) by data-raw/extract_questions.R"
"pes_nativism_9","3","","","","Assez important","","","label_fr drafted from the codebook (7449514) by data-raw/extract_questions.R"
"pes_nativism_9","4","","","","Très important","","","label_fr drafted from the codebook (7449514) by data-raw/extract_questions.R"
"pes_racism_qc","1","","","","Oui","","","label_fr drafted from the codebook (7449514) by data-raw/extract_questions.R"
"pes_racism_qc","2","","","","Non","","","label_fr drafted from the codebook (7449514) by data-raw/extract_questions.R"
"pes_racism_qc","3","","","","Ne sais pas","","","label_fr drafted from the codebook (7449514) by data-raw/extract_questions.R"
"pes_emb_age","1","","","","Fortement en désaccord","","","label_fr drafted from the codebook (7449514) by data-raw/extract_questions.R"
"pes_emb_age","2","","","","Plutôt en désaccord","","","label_fr drafted from the codebook (7449514) by data-raw/extract_questions.R"
"pes_emb_age","3","","","","Ni en accord ni en désaccord","","","label_fr drafted from the codebook (7449514) by data-raw/extract_questions.R"
"pes_emb_age","4","","","","Plutôt en accord","","","label_fr drafted from the codebook (7449514) by data-raw/extract_questions.R"
"pes_emb_age","5","","","","Fortement en accord","","","label_fr drafted from the codebook (7449514) by data-raw/extract_questions.R"
"pes_provlegis_women","1","","","","Fortement en désaccord","","","label_fr drafted from the codebook (7449514) by data-raw/extract_questions.R"
"pes_provlegis_women","2","","","","Plutôt en désaccord","","","label_fr drafted from the codebook (7449514) by data-raw/extract_questions.R"
"pes_provlegis_women","3","","","","Ni en accord ni en désaccord","","","label_fr drafted from the codebook (7449514) by data-raw/extract_questions.R"
"pes_provlegis_women","4","","","","Plutôt en accord","","","label_fr drafted from the codebook (7449514) by data-raw/extract_questions.R"
"pes_provlegis_women","5","","","","Fortement en accord","","","label_fr drafted from the codebook (7449514) by data-raw/extract_questions.R"
"pes_politprob","1","","","","Fortement en désaccord","","","label_fr drafted from the codebook (7449514) by data-raw/extract_questions.R"
"pes_politprob","2","","","","Plutôt en désaccord","","","label_fr drafted from the codebook (7449514) by data-raw/extract_questions.R"
"pes_politprob","3","","","","Ni en accord ni en désaccord","","","label_fr drafted from the codebook (7449514) by data-raw/extract_questions.R"
"pes_politprob","4","","","","Plutôt en accord","","","label_fr drafted from the codebook (7449514) by data-raw/extract_questions.R"
"pes_politprob","5","","","","Fortement en accord","","","label_fr drafted from the codebook (7449514) by data-raw/extract_questions.R"
"pes_bendrules","1","","","","Fortement en désaccord","","","label_fr drafted from the codebook (7449514) by data-raw/extract_questions.R"
"pes_bendrules","2","","","","Plutôt en désaccord","","","label_fr drafted from the codebook (7449514) by data-raw/extract_questions.R"
"pes_bendrules","3","","","","Ni en accord ni en désaccord","","","label_fr drafted from the codebook (7449514) by data-raw/extract_questions.R"
"pes_bendrules","4","","","","Plutôt en accord","","","label_fr drafted from the codebook (7449514) by data-raw/extract_questions.R"
"pes_bendrules","5","","","","Fortement en accord","","","label_fr drafted from the codebook (7449514) by data-raw/extract_questions.R"
"pes_peopledecide","1","","","","Fortement en désaccord","","","label_fr drafted from the codebook (7449514) by data-raw/extract_questions.R"
"pes_peopledecide","2","","","","Plutôt en désaccord","","","label_fr drafted from the codebook (7449514) by data-raw/extract_questions.R"
"pes_peopledecide","3","","","","Ni en accord ni en désaccord","","","label_fr drafted from the codebook (7449514) by data-raw/extract_questions.R"
"pes_peopledecide","4","","","","Plutôt en accord","","","label_fr drafted from the codebook (7449514) by data-raw/extract_questions.R"
"pes_peopledecide","5","","","","Fortement en accord","","","label_fr drafted from the codebook (7449514) by data-raw/extract_questions.R"
"pes_richinterests","1","","","","Fortement en désaccord","","","label_fr drafted from the codebook (7449514) by data-raw/extract_questions.R"
"pes_richinterests","2","","","","Plutôt en désaccord","","","label_fr drafted from the codebook (7449514) by data-raw/extract_questions.R"
"pes_richinterests","3","","","","Ni en accord ni en désaccord","","","label_fr drafted from the codebook (7449514) by data-raw/extract_questions.R"
"pes_richinterests","4","","","","Plutôt en accord","","","label_fr drafted from the codebook (7449514) by data-raw/extract_questions.R"
"pes_richinterests","5","","","","Fortement en accord","","","label_fr drafted from the codebook (7449514) by data-raw/extract_questions.R"
"pes_minoritiesadapt","1","","","","Fortement en désaccord","","","label_fr drafted from the codebook (7449514) by data-raw/extract_questions.R"
"pes_minoritiesadapt","2","","","","Plutôt en désaccord","","","label_fr drafted from the codebook (7449514) by data-raw/extract_questions.R"
"pes_minoritiesadapt","3","","","","Ni en accord ni en désaccord","","","label_fr drafted from the codebook (7449514) by data-raw/extract_questions.R"
"pes_minoritiesadapt","4","","","","Plutôt en accord","","","label_fr drafted from the codebook (7449514) by data-raw/extract_questions.R"
"pes_minoritiesadapt","5","","","","Fortement en accord","","","label_fr drafted from the codebook (7449514) by data-raw/extract_questions.R"
"pes_willmajority","1","","","","Fortement en désaccord","","","label_fr drafted from the codebook (7449514) by data-raw/extract_questions.R"
"pes_willmajority","2","","","","Plutôt en désaccord","","","label_fr drafted from the codebook (7449514) by data-raw/extract_questions.R"
"pes_willmajority","3","","","","Ni en accord ni en désaccord","","","label_fr drafted from the codebook (7449514) by data-raw/extract_questions.R"
"pes_willmajority","4","","","","Plutôt en accord","","","label_fr drafted from the codebook (7449514) by data-raw/extract_questions.R"
"pes_willmajority","5","","","","Fortement en accord","","","label_fr drafted from the codebook (7449514) by data-raw/extract_questions.R"
"pes_immecon","1","","","","Fortement en désaccord","","","label_fr drafted from the codebook (7449514) by data-raw/extract_questions.R"
"pes_immecon","2","","","","Plutôt en désaccord","","","label_fr drafted from the codebook (7449514) by data-raw/extract_questions.R"
"pes_immecon","3","","","","Ni en accord ni en désaccord","","","label_fr drafted from the codebook (7449514) by data-raw/extract_questions.R"
"pes_immecon","4","","","","Plutôt en accord","","","label_fr drafted from the codebook (7449514) by data-raw/extract_questions.R"
"pes_immecon","5","","","","Fortement en accord","","","label_fr drafted from the codebook (7449514) by data-raw/extract_questions.R"
"pes_cultureharm","1","","","","Fortement en désaccord","","","label_fr drafted from the codebook (7449514) by data-raw/extract_questions.R"
"pes_cultureharm","2","","","","Plutôt en désaccord","","","label_fr drafted from the codebook (7449514) by data-raw/extract_questions.R"
"pes_cultureharm","3","","","","Ni en accord ni en désaccord","","","label_fr drafted from the codebook (7449514) by data-raw/extract_questions.R"
"pes_cultureharm","4","","","","Plutôt en accord","","","label_fr drafted from the codebook (7449514) by data-raw/extract_questions.R"
"pes_cultureharm","5","","","","Fortement en accord","","","label_fr drafted from the codebook (7449514) by data-raw/extract_questions.R"
"pes_immigrantcrime","1","","","","Fortement en désaccord","","","label_fr drafted from the codebook (7449514) by data-raw/extract_questions.R"
"pes_immigrantcrime","2","","","","Plutôt en désaccord","","","label_fr drafted from the codebook (7449514) by data-raw/extract_questions.R"
"pes_immigrantcrime","3","","","","Ni en accord ni en désaccord","","","label_fr drafted from the codebook (7449514) by data-raw/extract_questions.R"
"pes_immigrantcrime","4","","","","Plutôt en accord","","","label_fr drafted from the codebook (7449514) by data-raw/extract_questions.R"
"pes_immigrantcrime","5","","","","Fortement en accord","","","label_fr drafted from the codebook (7449514) by data-raw/extract_questions.R"
"pes_reducegap","1","","","","Beaucoup plus","","","label_fr drafted from the codebook (7449514) by data-raw/extract_questions.R"
"pes_reducegap","2","","","","Un peu plus","","","label_fr drafted from the codebook (7449514) by data-raw/extract_questions.R"
"pes_reducegap","3","","","","Ni plus ni moins","","","label_fr drafted from the codebook (7449514) by data-raw/extract_questions.R"
"pes_reducegap","4","","","","Un peu moins","","","label_fr drafted from the codebook (7449514) by data-raw/extract_questions.R"
"pes_reducegap","5","","","","Beaucoup moins","","","label_fr drafted from the codebook (7449514) by data-raw/extract_questions.R"
"pes_dominorities","1","","","","Beaucoup plus","","","label_fr drafted from the codebook (7449514) by data-raw/extract_questions.R"
"pes_dominorities","2","","","","Un peu plus","","","label_fr drafted from the codebook (7449514) by data-raw/extract_questions.R"
"pes_dominorities","3","","","","Ni plus ni moins","","","label_fr drafted from the codebook (7449514) by data-raw/extract_questions.R"
"pes_dominorities","4","","","","Un peu moins","","","label_fr drafted from the codebook (7449514) by data-raw/extract_questions.R"
"pes_dominorities","5","","","","Beaucoup moins","","","label_fr drafted from the codebook (7449514) by data-raw/extract_questions.R"
"pes_doindigenous","1","","","","Beaucoup plus","","","label_fr drafted from the codebook (7449514) by data-raw/extract_questions.R"
"pes_doindigenous","2","","","","Un peu plus","","","label_fr drafted from the codebook (7449514) by data-raw/extract_questions.R"
"pes_doindigenous","3","","","","Ni plus ni moins","","","label_fr drafted from the codebook (7449514) by data-raw/extract_questions.R"
"pes_doindigenous","4","","","","Un peu moins","","","label_fr drafted from the codebook (7449514) by data-raw/extract_questions.R"
"pes_doindigenous","5","","","","Beaucoup moins","","","label_fr drafted from the codebook (7449514) by data-raw/extract_questions.R"
"pes_dowomen","1","","","","Beaucoup plus","","","label_fr drafted from the codebook (7449514) by data-raw/extract_questions.R"
"pes_dowomen","2","","","","Un peu plus","","","label_fr drafted from the codebook (7449514) by data-raw/extract_questions.R"
"pes_dowomen","3","","","","Ni plus ni moins","","","label_fr drafted from the codebook (7449514) by data-raw/extract_questions.R"
"pes_dowomen","4","","","","Un peu moins","","","label_fr drafted from the codebook (7449514) by data-raw/extract_questions.R"
"pes_dowomen","5","","","","Beaucoup moins","","","label_fr drafted from the codebook (7449514) by data-raw/extract_questions.R"
"pes_dogays","1","","","","Beaucoup plus","","","label_fr drafted from the codebook (7449514) by data-raw/extract_questions.R"
"pes_dogays","2","","","","Un peu plus","","","label_fr drafted from the codebook (7449514) by data-raw/extract_questions.R"
"pes_dogays","3","","","","Ni plus ni moins","","","label_fr drafted from the codebook (7449514) by data-raw/extract_questions.R"
"pes_dogays","4","","","","Un peu moins","","","label_fr drafted from the codebook (7449514) by data-raw/extract_questions.R"
"pes_dogays","5","","","","Beaucoup moins","","","label_fr drafted from the codebook (7449514) by data-raw/extract_questions.R"
"pes_dolangmin","1","","","","Beaucoup plus","","","label_fr drafted from the codebook (7449514) by data-raw/extract_questions.R"
"pes_dolangmin","2","","","","Un peu plus","","","label_fr drafted from the codebook (7449514) by data-raw/extract_questions.R"
"pes_dolangmin","3","","","","Ni plus ni moins","","","label_fr drafted from the codebook (7449514) by data-raw/extract_questions.R"
"pes_dolangmin","4","","","","Un peu moins","","","label_fr drafted from the codebook (7449514) by data-raw/extract_questions.R"
"pes_dolangmin","5","","","","Beaucoup moins","","","label_fr drafted from the codebook (7449514) by data-raw/extract_questions.R"
"pes_resent1","1","","","","Fortement en désaccord","","","label_fr drafted from the codebook (7449514) by data-raw/extract_questions.R"
"pes_resent1","2","","","","Plutôt en désaccord","","","label_fr drafted from the codebook (7449514) by data-raw/extract_questions.R"
"pes_resent1","3","","","","Ni en accord ni en désaccord","","","label_fr drafted from the codebook (7449514) by data-raw/extract_questions.R"
"pes_resent1","4","","","","Plutôt en accord","","","label_fr drafted from the codebook (7449514) by data-raw/extract_questions.R"
"pes_resent1","5","","","","Fortement en accord","","","label_fr drafted from the codebook (7449514) by data-raw/extract_questions.R"
"pes_resent1","6","","","","Ne sais pas","","","label_fr drafted from the codebook (7449514) by data-raw/extract_questions.R"
"pes_resent2","1","","","","Fortement en désaccord","","","label_fr drafted from the codebook (7449514) by data-raw/extract_questions.R"
"pes_resent2","2","","","","Plutôt en désaccord","","","label_fr drafted from the codebook (7449514) by data-raw/extract_questions.R"
"pes_resent2","3","","","","Ni en accord ni en désaccord","","","label_fr drafted from the codebook (7449514) by data-raw/extract_questions.R"
"pes_resent2","4","","","","Plutôt en accord","","","label_fr drafted from the codebook (7449514) by data-raw/extract_questions.R"
"pes_resent2","5","","","","Fortement en accord","","","label_fr drafted from the codebook (7449514) by data-raw/extract_questions.R"
"pes_resent2","6","","","","Ne sais pas","","","label_fr drafted from the codebook (7449514) by data-raw/extract_questions.R"
"pes_resent3","1","","","","Fortement en désaccord","","","label_fr drafted from the codebook (7449514) by data-raw/extract_questions.R"
"pes_resent3","2","","","","Plutôt en désaccord","","","label_fr drafted from the codebook (7449514) by data-raw/extract_questions.R"
"pes_resent3","3","","","","Ni en accord ni en désaccord","","","label_fr drafted from the codebook (7449514) by data-raw/extract_questions.R"
"pes_resent3","4","","","","Plutôt en accord","","","label_fr drafted from the codebook (7449514) by data-raw/extract_questions.R"
"pes_resent3","5","","","","Fortement en accord","","","label_fr drafted from the codebook (7449514) by data-raw/extract_questions.R"
"pes_resent3","6","","","","Ne sais pas","","","label_fr drafted from the codebook (7449514) by data-raw/extract_questions.R"
"pes_resent4","1","","","","Fortement en désaccord","","","label_fr drafted from the codebook (7449514) by data-raw/extract_questions.R"
"pes_resent4","2","","","","Plutôt en désaccord","","","label_fr drafted from the codebook (7449514) by data-raw/extract_questions.R"
"pes_resent4","3","","","","Ni en accord ni en désaccord","","","label_fr drafted from the codebook (7449514) by data-raw/extract_questions.R"
"pes_resent4","4","","","","Plutôt en accord","","","label_fr drafted from the codebook (7449514) by data-raw/extract_questions.R"
"pes_resent4","5","","","","Fortement en accord","","","label_fr drafted from the codebook (7449514) by data-raw/extract_questions.R"
"pes_resent4","6","","","","Ne sais pas","","","label_fr drafted from the codebook (7449514) by data-raw/extract_questions.R"
"pes_groupdiscrim_1","1","","","","Énormément","","","label_fr drafted from the codebook (7449514) by data-raw/extract_questions.R"
"pes_groupdiscrim_1","2","","","","Beaucoup","","","label_fr drafted from the codebook (7449514) by data-raw/extract_questions.R"
"pes_groupdiscrim_1","3","","","","Modérément","","","label_fr drafted from the codebook (7449514) by data-raw/extract_questions.R"
"pes_groupdiscrim_1","4","","","","Un peu","","","label_fr drafted from the codebook (7449514) by data-raw/extract_questions.R"
"pes_groupdiscrim_1","5","","","","Pas du tout","","","label_fr drafted from the codebook (7449514) by data-raw/extract_questions.R"
"pes_groupdiscrim_2","1","","","","Énormément","","","label_fr drafted from the codebook (7449514) by data-raw/extract_questions.R"
"pes_groupdiscrim_2","2","","","","Beaucoup","","","label_fr drafted from the codebook (7449514) by data-raw/extract_questions.R"
"pes_groupdiscrim_2","3","","","","Modérément","","","label_fr drafted from the codebook (7449514) by data-raw/extract_questions.R"
"pes_groupdiscrim_2","4","","","","Un peu","","","label_fr drafted from the codebook (7449514) by data-raw/extract_questions.R"
"pes_groupdiscrim_2","5","","","","Pas du tout","","","label_fr drafted from the codebook (7449514) by data-raw/extract_questions.R"
"pes_groupdiscrim_3","1","","","","Énormément","","","label_fr drafted from the codebook (7449514) by data-raw/extract_questions.R"
"pes_groupdiscrim_3","2","","","","Beaucoup","","","label_fr drafted from the codebook (7449514) by data-raw/extract_questions.R"
"pes_groupdiscrim_3","3","","","","Modérément","","","label_fr drafted from the codebook (7449514) by data-raw/extract_questions.R"
"pes_groupdiscrim_3","4","","","","Un peu","","","label_fr drafted from the codebook (7449514) by data-raw/extract_questions.R"
"pes_groupdiscrim_3","5","","","","Pas du tout","","","label_fr drafted from the codebook (7449514) by data-raw/extract_questions.R"
"pes_groupdiscrim_4","1","","","","Énormément","","","label_fr drafted from the codebook (7449514) by data-raw/extract_questions.R"
"pes_groupdiscrim_4","2","","","","Beaucoup","","","label_fr drafted from the codebook (7449514) by data-raw/extract_questions.R"
"pes_groupdiscrim_4","3","","","","Modérément","","","label_fr drafted from the codebook (7449514) by data-raw/extract_questions.R"
"pes_groupdiscrim_4","4","","","","Un peu","","","label_fr drafted from the codebook (7449514) by data-raw/extract_questions.R"
"pes_groupdiscrim_4","5","","","","Pas du tout","","","label_fr drafted from the codebook (7449514) by data-raw/extract_questions.R"
"pes_groupdiscrim_5","1","","","","Énormément","","","label_fr drafted from the codebook (7449514) by data-raw/extract_questions.R"
"pes_groupdiscrim_5","2","","","","Beaucoup","","","label_fr drafted from the codebook (7449514) by data-raw/extract_questions.R"
"pes_groupdiscrim_5","3","","","","Modérément","","","label_fr drafted from the codebook (7449514) by data-raw/extract_questions.R"
"pes_groupdiscrim_5","4","","","","Un peu","","","label_fr drafted from the codebook (7449514) by data-raw/extract_questions.R"
"pes_groupdiscrim_5","5","","","","Pas du tout","","","label_fr drafted from the codebook (7449514) by data-raw/extract_questions.R"
"pes_groupdiscrim_6","1","","","","Énormément","","","label_fr drafted from the codebook (7449514) by data-raw/extract_questions.R"
"pes_groupdiscrim_6","2","","","","Beaucoup","","","label_fr drafted from the codebook (7449514) by data-raw/extract_questions.R"
"pes_groupdiscrim_6","3","","","","Modérément","","","label_fr drafted from the codebook (7449514) by data-raw/extract_questions.R"
"pes_groupdiscrim_6","4","","","","Un peu","","","label_fr drafted from the codebook (7449514) by data-raw/extract_questions.R"
"pes_groupdiscrim_6","5","","","","Pas du tout","","","label_fr drafted from the codebook (7449514) by data-raw/extract_questions.R"
"pes_groupdiscrim_7","1","","","","Énormément","","","label_fr drafted from the codebook (7449514) by data-raw/extract_questions.R"
"pes_groupdiscrim_7","2","","","","Beaucoup","","","label_fr drafted from the codebook (7449514) by data-raw/extract_questions.R"
"pes_groupdiscrim_7","3","","","","Modérément","","","label_fr drafted from the codebook (7449514) by data-raw/extract_questions.R"
"pes_groupdiscrim_7","4","","","","Un peu","","","label_fr drafted from the codebook (7449514) by data-raw/extract_questions.R"
"pes_groupdiscrim_7","5","","","","Pas du tout","","","label_fr drafted from the codebook (7449514) by data-raw/extract_questions.R"
"pes_fedpower","1","","","","Un gouvernement fédéral fort","","","label_fr drafted from the codebook (7449514) by data-raw/extract_questions.R"
"pes_fedpower","2","","","","Plus de pouvoir accordé aux gouvernements provinciaux","","","label_fr drafted from the codebook (7449514) by data-raw/extract_questions.R"
"pes_privjobs","1","","","","Fortement en désaccord","","","label_fr drafted from the codebook (7449514) by data-raw/extract_questions.R"
"pes_privjobs","2","","","","Plutôt en désaccord","","","label_fr drafted from the codebook (7449514) by data-raw/extract_questions.R"
"pes_privjobs","3","","","","Ni en accord ni en désaccord","","","label_fr drafted from the codebook (7449514) by data-raw/extract_questions.R"
"pes_privjobs","4","","","","Plutôt en accord","","","label_fr drafted from the codebook (7449514) by data-raw/extract_questions.R"
"pes_privjobs","5","","","","Fortement en accord","","","label_fr drafted from the codebook (7449514) by data-raw/extract_questions.R"
"pes_fallingbehind","1","","","","Fortement en désaccord","","","label_fr drafted from the codebook (7449514) by data-raw/extract_questions.R"
"pes_fallingbehind","2","","","","Plutôt en désaccord","","","label_fr drafted from the codebook (7449514) by data-raw/extract_questions.R"
"pes_fallingbehind","3","","","","Ni en accord ni en désaccord","","","label_fr drafted from the codebook (7449514) by data-raw/extract_questions.R"
"pes_fallingbehind","4","","","","Plutôt en accord","","","label_fr drafted from the codebook (7449514) by data-raw/extract_questions.R"
"pes_fallingbehind","5","","","","Fortement en accord","","","label_fr drafted from the codebook (7449514) by data-raw/extract_questions.R"
"pes_othersahead","1","","","","Fortement en désaccord","","","label_fr drafted from the codebook (7449514) by data-raw/extract_questions.R"
"pes_othersahead","2","","","","Plutôt en désaccord","","","label_fr drafted from the codebook (7449514) by data-raw/extract_questions.R"
"pes_othersahead","3","","","","Ni en accord ni en désaccord","","","label_fr drafted from the codebook (7449514) by data-raw/extract_questions.R"
"pes_othersahead","4","","","","Plutôt en accord","","","label_fr drafted from the codebook (7449514) by data-raw/extract_questions.R"
"pes_othersahead","5","","","","Fortement en accord","","","label_fr drafted from the codebook (7449514) by data-raw/extract_questions.R"
"pes_zerosum","1","","","","Fortement en désaccord","","","label_fr drafted from the codebook (7449514) by data-raw/extract_questions.R"
"pes_zerosum","2","","","","Plutôt en désaccord","","","label_fr drafted from the codebook (7449514) by data-raw/extract_questions.R"
"pes_zerosum","3","","","","Ni en accord ni en désaccord","","","label_fr drafted from the codebook (7449514) by data-raw/extract_questions.R"
"pes_zerosum","4","","","","Plutôt en accord","","","label_fr drafted from the codebook (7449514) by data-raw/extract_questions.R"
"pes_zerosum","5","","","","Fortement en accord","","","label_fr drafted from the codebook (7449514) by data-raw/extract_questions.R"
"pes_stdofliving","1","","","","Fortement en désaccord","","","label_fr drafted from the codebook (7449514) by data-raw/extract_questions.R"
"pes_stdofliving","2","","","","Plutôt en désaccord","","","label_fr drafted from the codebook (7449514) by data-raw/extract_questions.R"
"pes_stdofliving","3","","","","Ni en accord ni en désaccord","","","label_fr drafted from the codebook (7449514) by data-raw/extract_questions.R"
"pes_stdofliving","4","","","","Plutôt en accord","","","label_fr drafted from the codebook (7449514) by data-raw/extract_questions.R"
"pes_stdofliving","5","","","","Fortement en accord","","","label_fr drafted from the codebook (7449514) by data-raw/extract_questions.R"
"pes_provspend","1","","","","Très approprié","","","label_fr drafted from the codebook (7449514) by data-raw/extract_questions.R"
"pes_provspend","2","","","","Plutôt approprié","","","label_fr drafted from the codebook (7449514) by data-raw/extract_questions.R"
"pes_provspend","3","","","","Pas très approprié","","","label_fr drafted from the codebook (7449514) by data-raw/extract_questions.R"
"pes_provspend","4","","","","Pas du tout approprié","","","label_fr drafted from the codebook (7449514) by data-raw/extract_questions.R"
"pes_qc_priorities2","1","","","","Soins de santé","","","label_fr drafted from the codebook (7449514) by data-raw/extract_questions.R"
"pes_qc_priorities2","2","","","","Éducation","","","label_fr drafted from the codebook (7449514) by data-raw/extract_questions.R"
"pes_qc_priorities2","3","","","","Relance économique","","","label_fr drafted from the codebook (7449514) by data-raw/extract_questions.R"
"pes_qc_priorities2","4","","","","Dette provinciale","","","label_fr drafted from the codebook (7449514) by data-raw/extract_questions.R"
"pes_qc_priorities2","5","","","","Environnement","","","label_fr drafted from the codebook (7449514) by data-raw/extract_questions.R"
"pes_qc_priorities2","6","","","","Aide aux pauvres","","","label_fr drafted from the codebook (7449514) by data-raw/extract_questions.R"
"pes_qc_priorities2","7","","","","Croissance démographique","","","label_fr drafted from the codebook (7449514) by data-raw/extract_questions.R"
"pes_qc_priorities2","8","","","","Autre","","","label_fr drafted from the codebook (7449514) by data-raw/extract_questions.R"
"pes_q23","1","","","","Oui","","","label_fr drafted from the codebook (7449514) by data-raw/extract_questions.R"
"pes_q23","2","","","","Non","","","label_fr drafted from the codebook (7449514) by data-raw/extract_questions.R"
"pes_q23","3","","","","Je préfère ne pas répondre","","","label_fr drafted from the codebook (7449514) by data-raw/extract_questions.R"
"pes_q23","4","","","","Je n'étais pas en âge de voter","","","label_fr drafted from the codebook (7449514) by data-raw/extract_questions.R"
"pes_q24","1","","","","Oui","","","label_fr drafted from the codebook (7449514) by data-raw/extract_questions.R"
"pes_q24","2","","","","Non","","","label_fr drafted from the codebook (7449514) by data-raw/extract_questions.R"
"pes_q24","3","","","","Je préfère ne pas répondre","","","label_fr drafted from the codebook (7449514) by data-raw/extract_questions.R"
"pes_discussfriends","1","","","","Jamais","","","label_fr drafted from the codebook (7449514) by data-raw/extract_questions.R"
"pes_discussfriends","2","","","","Parfois","","","label_fr drafted from the codebook (7449514) by data-raw/extract_questions.R"
"pes_discussfriends","3","","","","Souvent","","","label_fr drafted from the codebook (7449514) by data-raw/extract_questions.R"
"pes_discussfriends","4","","","","Tout le temps","","","label_fr drafted from the codebook (7449514) by data-raw/extract_questions.R"
"pes_network","1","","","","Aucun","","","label_fr drafted from the codebook (7449514) by data-raw/extract_questions.R"
"pes_network","2","","","","1","","","label_fr drafted from the codebook (7449514) by data-raw/extract_questions.R"
"pes_network","3","","","","2-5","","","label_fr drafted from the codebook (7449514) by data-raw/extract_questions.R"
"pes_network","4","","","","Plus de 5","","","label_fr drafted from the codebook (7449514) by data-raw/extract_questions.R"
"pes_friendsethnic","1","","","","Aucun","","","label_fr drafted from the codebook (7449514) by data-raw/extract_questions.R"
"pes_friendsethnic","2","","","","1","","","label_fr drafted from the codebook (7449514) by data-raw/extract_questions.R"
"pes_friendsethnic","3","","","","2-5","","","label_fr drafted from the codebook (7449514) by data-raw/extract_questions.R"
"pes_friendsethnic","4","","","","Plus de 5","","","label_fr drafted from the codebook (7449514) by data-raw/extract_questions.R"
"pes_disagreefriends","1","","","","Aucun","","","label_fr drafted from the codebook (7449514) by data-raw/extract_questions.R"
"pes_disagreefriends","2","","","","1","","","label_fr drafted from the codebook (7449514) by data-raw/extract_questions.R"
"pes_disagreefriends","3","","","","2-5","","","label_fr drafted from the codebook (7449514) by data-raw/extract_questions.R"
"pes_disagreefriends","4","","","","Plus de 5","","","label_fr drafted from the codebook (7449514) by data-raw/extract_questions.R"
"pes_gettogether","1","","","","Quotidiennement","","","label_fr drafted from the codebook (7449514) by data-raw/extract_questions.R"
"pes_gettogether","2","","","","Plus d'une fois par semaine","","","label_fr drafted from the codebook (7449514) by data-raw/extract_questions.R"
"pes_gettogether","3","","","","À chaque semaine","","","label_fr drafted from the codebook (7449514) by data-raw/extract_questions.R"
"pes_gettogether","4","","","","Plus d'une fois par mois","","","label_fr drafted from the codebook (7449514) by data-raw/extract_questions.R"
"pes_gettogether","5","","","","Une fois par mois","","","label_fr drafted from the codebook (7449514) by data-raw/extract_questions.R"
"pes_gettogether","6","","","","Moins d'une fois par mois","","","label_fr drafted from the codebook (7449514) by data-raw/extract_questions.R"
"pes_trust","1","","","","On peut faire confiance à la plupart des gens","","","label_fr drafted from the codebook (7449514) by data-raw/extract_questions.R"
"pes_trust","2","","","","On devrait être très prudent dans nos relations avec les autres","","","label_fr drafted from the codebook (7449514) by data-raw/extract_questions.R"
"pes_participation1_1","1","","","","Jamais","","","label_fr drafted from the codebook (7449514) by data-raw/extract_questions.R"
"pes_participation1_1","2","","","","Juste une fois","","","label_fr drafted from the codebook (7449514) by data-raw/extract_questions.R"
"pes_participation1_1","3","","","","Quelques fois","","","label_fr drafted from the codebook (7449514) by data-raw/extract_questions.R"
"pes_participation1_1","4","","","","Plus de cinq fois","","","label_fr drafted from the codebook (7449514) by data-raw/extract_questions.R"
"pes_participation1_2","1","","","","Jamais","","","label_fr drafted from the codebook (7449514) by data-raw/extract_questions.R"
"pes_participation1_2","2","","","","Juste une fois","","","label_fr drafted from the codebook (7449514) by data-raw/extract_questions.R"
"pes_participation1_2","3","","","","Quelques fois","","","label_fr drafted from the codebook (7449514) by data-raw/extract_questions.R"
"pes_participation1_2","4","","","","Plus de cinq fois","","","label_fr drafted from the codebook (7449514) by data-raw/extract_questions.R"
"pes_participation1_3","1","","","","Jamais","","","label_fr drafted from the codebook (7449514) by data-raw/extract_questions.R"
"pes_participation1_3","2","","","","Juste une fois","","","label_fr drafted from the codebook (7449514) by data-raw/extract_questions.R"
"pes_participation1_3","3","","","","Quelques fois","","","label_fr drafted from the codebook (7449514) by data-raw/extract_questions.R"
"pes_participation1_3","4","","","","Plus de cinq fois","","","label_fr drafted from the codebook (7449514) by data-raw/extract_questions.R"
"pes_participation2_1","1","","","","Jamais","","","label_fr drafted from the codebook (7449514) by data-raw/extract_questions.R"
"pes_participation2_1","2","","","","Juste une fois","","","label_fr drafted from the codebook (7449514) by data-raw/extract_questions.R"
"pes_participation2_1","3","","","","Quelques fois","","","label_fr drafted from the codebook (7449514) by data-raw/extract_questions.R"
"pes_participation2_1","4","","","","Plus de cinq fois","","","label_fr drafted from the codebook (7449514) by data-raw/extract_questions.R"
"pes_participation2_2","1","","","","Jamais","","","label_fr drafted from the codebook (7449514) by data-raw/extract_questions.R"
"pes_participation2_2","2","","","","Juste une fois","","","label_fr drafted from the codebook (7449514) by data-raw/extract_questions.R"
"pes_participation2_2","3","","","","Quelques fois","","","label_fr drafted from the codebook (7449514) by data-raw/extract_questions.R"
"pes_participation2_2","4","","","","Plus de cinq fois","","","label_fr drafted from the codebook (7449514) by data-raw/extract_questions.R"
"pes_participation2_3","1","","","","Jamais","","","label_fr drafted from the codebook (7449514) by data-raw/extract_questions.R"
"pes_participation2_3","2","","","","Juste une fois","","","label_fr drafted from the codebook (7449514) by data-raw/extract_questions.R"
"pes_participation2_3","3","","","","Quelques fois","","","label_fr drafted from the codebook (7449514) by data-raw/extract_questions.R"
"pes_participation2_3","4","","","","Plus de cinq fois","","","label_fr drafted from the codebook (7449514) by data-raw/extract_questions.R"
"pes_participation2_4","1","","","","Jamais","","","label_fr drafted from the codebook (7449514) by data-raw/extract_questions.R"
"pes_participation2_4","2","","","","Juste une fois","","","label_fr drafted from the codebook (7449514) by data-raw/extract_questions.R"
"pes_participation2_4","3","","","","Quelques fois","","","label_fr drafted from the codebook (7449514) by data-raw/extract_questions.R"
"pes_participation2_4","4","","","","Plus de cinq fois","","","label_fr drafted from the codebook (7449514) by data-raw/extract_questions.R"
"pes_participation3_1","1","","","","Jamais","","","label_fr drafted from the codebook (7449514) by data-raw/extract_questions.R"
"pes_participation3_1","2","","","","Juste une fois","","","label_fr drafted from the codebook (7449514) by data-raw/extract_questions.R"
"pes_participation3_1","3","","","","Quelques fois","","","label_fr drafted from the codebook (7449514) by data-raw/extract_questions.R"
"pes_participation3_1","4","","","","Plus de cinq fois","","","label_fr drafted from the codebook (7449514) by data-raw/extract_questions.R"
"pes_participation3_2","1","","","","Jamais","","","label_fr drafted from the codebook (7449514) by data-raw/extract_questions.R"
"pes_participation3_2","2","","","","Juste une fois","","","label_fr drafted from the codebook (7449514) by data-raw/extract_questions.R"
"pes_participation3_2","3","","","","Quelques fois","","","label_fr drafted from the codebook (7449514) by data-raw/extract_questions.R"
"pes_participation3_2","4","","","","Plus de cinq fois","","","label_fr drafted from the codebook (7449514) by data-raw/extract_questions.R"
"pes_participation3_3","1","","","","Jamais","","","label_fr drafted from the codebook (7449514) by data-raw/extract_questions.R"
"pes_participation3_3","2","","","","Juste une fois","","","label_fr drafted from the codebook (7449514) by data-raw/extract_questions.R"
"pes_participation3_3","3","","","","Quelques fois","","","label_fr drafted from the codebook (7449514) by data-raw/extract_questions.R"
"pes_participation3_3","4","","","","Plus de cinq fois","","","label_fr drafted from the codebook (7449514) by data-raw/extract_questions.R"
"pes_participation3_4","1","","","","Jamais","","","label_fr drafted from the codebook (7449514) by data-raw/extract_questions.R"
"pes_participation3_4","2","","","","Juste une fois","","","label_fr drafted from the codebook (7449514) by data-raw/extract_questions.R"
"pes_participation3_4","3","","","","Quelques fois","","","label_fr drafted from the codebook (7449514) by data-raw/extract_questions.R"
"pes_participation3_4","4","","","","Plus de cinq fois","","","label_fr drafted from the codebook (7449514) by data-raw/extract_questions.R"
"pes_participation3_5","1","","","","Jamais","","","label_fr drafted from the codebook (7449514) by data-raw/extract_questions.R"
"pes_participation3_5","2","","","","Juste une fois","","","label_fr drafted from the codebook (7449514) by data-raw/extract_questions.R"
"pes_participation3_5","3","","","","Quelques fois","","","label_fr drafted from the codebook (7449514) by data-raw/extract_questions.R"
"pes_participation3_5","4","","","","Plus de cinq fois","","","label_fr drafted from the codebook (7449514) by data-raw/extract_questions.R"
"pes_participation3_6","1","","","","Jamais","","","label_fr drafted from the codebook (7449514) by data-raw/extract_questions.R"
"pes_participation3_6","2","","","","Juste une fois","","","label_fr drafted from the codebook (7449514) by data-raw/extract_questions.R"
"pes_participation3_6","3","","","","Quelques fois","","","label_fr drafted from the codebook (7449514) by data-raw/extract_questions.R"
"pes_participation3_6","4","","","","Plus de cinq fois","","","label_fr drafted from the codebook (7449514) by data-raw/extract_questions.R"
"pes_votemail","1","","","","Oui","","","label_fr drafted from the codebook (7449514) by data-raw/extract_questions.R"
"pes_votemail","2","","","","Non","","","label_fr drafted from the codebook (7449514) by data-raw/extract_questions.R"
"pes_votemail","3","","","","Je ne m'en souviens pas","","","label_fr drafted from the codebook (7449514) by data-raw/extract_questions.R"
"pes_partymember","1","","","","Oui","","","label_fr drafted from the codebook (7449514) by data-raw/extract_questions.R"
"pes_partymember","2","","","","Non","","","label_fr drafted from the codebook (7449514) by data-raw/extract_questions.R"
"pes_partymember","3","","","","Je ne sais pas","","","label_fr drafted from the codebook (7449514) by data-raw/extract_questions.R"
"pes_langhome_2","-99","","","","","not_selected","","select-all item: codes 1 and -99 only"
"pes_langhome_2","1","","","","Français","","","label_fr drafted from the codebook (7449514) by data-raw/extract_questions.R"
"pes_langhome_1","-99","","","","","not_selected","","select-all item: codes 1 and -99 only"
"pes_langhome_1","1","","","","Anglais","","","label_fr drafted from the codebook (7449514) by data-raw/extract_questions.R"
"pes_langhome_3","-99","","","","","not_selected","","select-all item: codes 1 and -99 only"
"pes_langhome_3","1","","","","Langue autochtone (veuillez préciser)","","","label_fr drafted from the codebook (7449514) by data-raw/extract_questions.R"
"pes_langhome_4","-99","","","","","not_selected","","select-all item: codes 1 and -99 only"
"pes_langhome_4","1","","","","Arabe","","","label_fr drafted from the codebook (7449514) by data-raw/extract_questions.R"
"pes_langhome_5","-99","","","","","not_selected","","select-all item: codes 1 and -99 only"
"pes_langhome_5","1","","","","Chinois, cantonais, mandarin","","","label_fr drafted from the codebook (7449514) by data-raw/extract_questions.R"
"pes_langhome_6","-99","","","","","not_selected","","select-all item: codes 1 and -99 only"
"pes_langhome_6","1","","","","Philippin / tagalog","","","label_fr drafted from the codebook (7449514) by data-raw/extract_questions.R"
"pes_langhome_7","-99","","","","","not_selected","","select-all item: codes 1 and -99 only"
"pes_langhome_7","1","","","","Allemand","","","label_fr drafted from the codebook (7449514) by data-raw/extract_questions.R"
"pes_langhome_8","-99","","","","","not_selected","","select-all item: codes 1 and -99 only"
"pes_langhome_8","1","","","","Indien, Hindi, Gujarati","","","label_fr drafted from the codebook (7449514) by data-raw/extract_questions.R"
"pes_langhome_9","-99","","","","","not_selected","","select-all item: codes 1 and -99 only"
"pes_langhome_9","1","","","","Italien","","","label_fr drafted from the codebook (7449514) by data-raw/extract_questions.R"
"pes_langhome_10","-99","","","","","not_selected","","select-all item: codes 1 and -99 only"
"pes_langhome_10","1","","","","Coréen","","","label_fr drafted from the codebook (7449514) by data-raw/extract_questions.R"
"pes_langhome_11","-99","","","","","not_selected","","select-all item: codes 1 and -99 only"
"pes_langhome_11","1","","","","Pakistanais, Pendjabi, Ourdou","","","label_fr drafted from the codebook (7449514) by data-raw/extract_questions.R"
"pes_langhome_12","-99","","","","","not_selected","","select-all item: codes 1 and -99 only"
"pes_langhome_12","1","","","","Persan, farsi","","","label_fr drafted from the codebook (7449514) by data-raw/extract_questions.R"
"pes_langhome_13","-99","","","","","not_selected","","select-all item: codes 1 and -99 only"
"pes_langhome_13","1","","","","Russe","","","label_fr drafted from the codebook (7449514) by data-raw/extract_questions.R"
"pes_langhome_14","-99","","","","","not_selected","","select-all item: codes 1 and -99 only"
"pes_langhome_14","1","","","","Espagnol","","","label_fr drafted from the codebook (7449514) by data-raw/extract_questions.R"
"pes_langhome_15","-99","","","","","not_selected","","select-all item: codes 1 and -99 only"
"pes_langhome_15","1","","","","Tamil","","","label_fr drafted from the codebook (7449514) by data-raw/extract_questions.R"
"pes_langhome_16","-99","","","","","not_selected","","select-all item: codes 1 and -99 only"
"pes_langhome_16","1","","","","Vietnamien","","","label_fr drafted from the codebook (7449514) by data-raw/extract_questions.R"
"pes_langhome_17","-99","","","","","not_selected","","select-all item: codes 1 and -99 only"
"pes_langhome_17","1","","","","Autre (veuillez spécifier)","","","label_fr drafted from the codebook (7449514) by data-raw/extract_questions.R"
"pes_employed","1","","","","Salarié à temps plein","","","label_fr drafted from the codebook (7449514) by data-raw/extract_questions.R"
"pes_employed","2","","","","Salarié à temps partiel","","","label_fr drafted from the codebook (7449514) by data-raw/extract_questions.R"
"pes_employed","3","","","","Travailleur autonome (avec ou sans employés)","","","label_fr drafted from the codebook (7449514) by data-raw/extract_questions.R"
"pes_employed","4","","","","À la retraite","","","label_fr drafted from the codebook (7449514) by data-raw/extract_questions.R"
"pes_employed","5","","","","Au chômage/à la recherche d'un travail","","","label_fr drafted from the codebook (7449514) by data-raw/extract_questions.R"
"pes_employed","6","","","","Étudiant","","","label_fr drafted from the codebook (7449514) by data-raw/extract_questions.R"
"pes_employed","7","","","","Responsable d'une famille","","","label_fr drafted from the codebook (7449514) by data-raw/extract_questions.R"
"pes_employed","8","","","","Sans emploi à cause d’un handicap","","","label_fr drafted from the codebook (7449514) by data-raw/extract_questions.R"
"pes_employed","9","","","","Étudiant et salarié","","","label_fr drafted from the codebook (7449514) by data-raw/extract_questions.R"
"pes_employed","10","","","","Responsable d'une famille et salarié","","","label_fr drafted from the codebook (7449514) by data-raw/extract_questions.R"
"pes_employed","11","","","","À la retraite et salarié","","","label_fr drafted from the codebook (7449514) by data-raw/extract_questions.R"
"pes_employed","12","","","","Autre (veuillez spécifier)","","","label_fr drafted from the codebook (7449514) by data-raw/extract_questions.R"
"pes_work","1","","","","Secteur privé","","","label_fr drafted from the codebook (7449514) by data-raw/extract_questions.R"
"pes_work","2","","","","Secteur public","","","label_fr drafted from the codebook (7449514) by data-raw/extract_questions.R"
"pes_work","3","","","","Secteur à but non lucratif","","","label_fr drafted from the codebook (7449514) by data-raw/extract_questions.R"
"pes_union","1","","","","Oui","","","label_fr drafted from the codebook (7449514) by data-raw/extract_questions.R"
"pes_union","2","","","","Non","","","label_fr drafted from the codebook (7449514) by data-raw/extract_questions.R"
"pes_covid_employ","1","","","","Oui","","","label_fr drafted from the codebook (7449514) by data-raw/extract_questions.R"
"pes_covid_employ","2","","","","Non","","","label_fr drafted from the codebook (7449514) by data-raw/extract_questions.R"
"pes_covid_employ2_1","-99","","","","","not_selected","","select-all item: codes 1 and -99 only"
"pes_covid_employ2_1","1","","","","J’ai perdu mon emploi de façon permanente","","","label_fr drafted from the codebook (7449514) by data-raw/extract_questions.R"
"pes_covid_employ2_2","-99","","","","","not_selected","","select-all item: codes 1 and -99 only"
"pes_covid_employ2_2","1","","","","J’ai perdu mon emploi de façon temporaire","","","label_fr drafted from the codebook (7449514) by data-raw/extract_questions.R"
"pes_covid_employ2_3","-99","","","","","not_selected","","select-all item: codes 1 and -99 only"
"pes_covid_employ2_3","1","","","","J’ai toujours un emploi, mais mes heures de travail et/ou mon revenu ont diminués","","","label_fr drafted from the codebook (7449514) by data-raw/extract_questions.R"
"pes_covid_employ2_4","-99","","","","","not_selected","","select-all item: codes 1 and -99 only"
"pes_covid_employ2_4","1","","","","J’ai changé d’emploi ou d’employeur","","","label_fr drafted from the codebook (7449514) by data-raw/extract_questions.R"
"pes_covid_employ2_5","-99","","","","","not_selected","","select-all item: codes 1 and -99 only"
"pes_covidwork","1","","","","Je suis resté(e) à la maison sans emploi et j’ai pris soin des membres de ma famille","","","label_fr drafted from the codebook (7449514) by data-raw/extract_questions.R"
"pes_covidwork","2","","","","Je suis resté(e) à la maison sans emploi et je n’ai pas eu la responsabilité de prendre soin de quelqu’un","","","label_fr drafted from the codebook (7449514) by data-raw/extract_questions.R"
"pes_covidwork","3","","","","J’ai travaillé à partir de la maison tout en prenant soin des membres de ma famille","","","label_fr drafted from the codebook (7449514) by data-raw/extract_questions.R"
"pes_covidwork","4","","","","J’ai travaillé de la maison sans avoir la responsabilité de prendre soin de quelqu’un","","","label_fr drafted from the codebook (7449514) by data-raw/extract_questions.R"
"pes_covidwork","5","","","","J’ai travaillé à l’extérieur de la maison.","","","label_fr drafted from the codebook (7449514) by data-raw/extract_questions.R"
"pes_covidincome","1","","","","Le revenu de mon ménage a beaucoup diminué.","","","label_fr drafted from the codebook (7449514) by data-raw/extract_questions.R"
"pes_covidincome","2","","","","Le revenu de mon ménage a un peu diminué.","","","label_fr drafted from the codebook (7449514) by data-raw/extract_questions.R"
"pes_covidincome","3","","","","Le revenu de mon ménage est resté le même.","","","label_fr drafted from the codebook (7449514) by data-raw/extract_questions.R"
"pes_covidincome","4","","","","Le revenu de mon ménage a augmenté un peu.","","","label_fr drafted from the codebook (7449514) by data-raw/extract_questions.R"
"pes_covidincome","5","","","","Le revenu de mon ménage a beaucoup augmenté.","","","label_fr drafted from the codebook (7449514) by data-raw/extract_questions.R"
"pes_own_1","-99","","","","","not_selected","","select-all item: codes 1 and -99 only"
"pes_own_1","1","","","","Possède une résidence","","","label_fr drafted from the codebook (7449514) by data-raw/extract_questions.R"
"pes_own_2","-99","","","","","not_selected","","select-all item: codes 1 and -99 only"
"pes_own_2","1","","","","Possède une entreprise, une propriété, une ferme ou un élevage","","","label_fr drafted from the codebook (7449514) by data-raw/extract_questions.R"
"pes_own_3","-99","","","","","not_selected","","select-all item: codes 1 and -99 only"
"pes_own_3","1","","","","Possède des actions ou des obligations","","","label_fr drafted from the codebook (7449514) by data-raw/extract_questions.R"
"pes_own_4","-99","","","","","not_selected","","select-all item: codes 1 and -99 only"
"pes_own_4","1","","","","Possède des économies","","","label_fr drafted from the codebook (7449514) by data-raw/extract_questions.R"
"pes_own_5","-99","","","","","not_selected","","select-all item: codes 1 and -99 only"
"pes_own_5","1","","","","Aucun","","","label_fr drafted from the codebook (7449514) by data-raw/extract_questions.R"
"pes_married","1","","","","Marié(e)","","","label_fr drafted from the codebook (7449514) by data-raw/extract_questions.R"
"pes_married","2","","","","Vivant avec un(e) conjoint(e) de fait","","","label_fr drafted from the codebook (7449514) by data-raw/extract_questions.R"
"pes_married","3","","","","Divorcé(e)","","","label_fr drafted from the codebook (7449514) by data-raw/extract_questions.R"
"pes_married","4","","","","Séparé(e)","","","label_fr drafted from the codebook (7449514) by data-raw/extract_questions.R"
"pes_married","5","","","","Veuf/veuve","","","label_fr drafted from the codebook (7449514) by data-raw/extract_questions.R"
"pes_married","6","","","","Jamais marié(e)","","","label_fr drafted from the codebook (7449514) by data-raw/extract_questions.R"
"pes_kids","1","","","","Oui","","","label_fr drafted from the codebook (7449514) by data-raw/extract_questions.R"
"pes_kids","2","","","","Non","","","label_fr drafted from the codebook (7449514) by data-raw/extract_questions.R"
"pes_schoolkids","1","","","","Oui","","","label_fr drafted from the codebook (7449514) by data-raw/extract_questions.R"
"pes_schoolkids","2","","","","Non","","","label_fr drafted from the codebook (7449514) by data-raw/extract_questions.R"
"pes_orientation","1","","","","Hétérosexuel","","","label_fr drafted from the codebook (7449514) by data-raw/extract_questions.R"
"pes_orientation","2","","","","Gai ou lesbienne","","","label_fr drafted from the codebook (7449514) by data-raw/extract_questions.R"
"pes_orientation","3","","","","Bisexuel","","","label_fr drafted from the codebook (7449514) by data-raw/extract_questions.R"
"pes_orientation","4","","","","Autre","","","label_fr drafted from the codebook (7449514) by data-raw/extract_questions.R"
"pes_orientation","5","","","","Je ne sais pas","","","label_fr drafted from the codebook (7449514) by data-raw/extract_questions.R"
"pes_orientation","6","","","","Préfère ne pas répondre","","","label_fr drafted from the codebook (7449514) by data-raw/extract_questions.R"
"pes_immparents","1","","","","Oui","","","label_fr drafted from the codebook (7449514) by data-raw/extract_questions.R"
"pes_immparents","2","","","","Non","","","label_fr drafted from the codebook (7449514) by data-raw/extract_questions.R"
"pes_immparents","3","","","","Je ne sais pas","","","label_fr drafted from the codebook (7449514) by data-raw/extract_questions.R"
"pes_rural","1","","","","En milieu rural ou dans un village (moins de 1000 personnes)","","","label_fr drafted from the codebook (7449514) by data-raw/extract_questions.R"
"pes_rural","2","","","","Dans une petite ville (plus que 1000, mais moins que 15,000 personnes)","","","label_fr drafted from the codebook (7449514) by data-raw/extract_questions.R"
"pes_rural","3","","","","Dans une ville de taille moyenne (15k-50k personnes) qui n'est pas adjacente à une grande ville","","","label_fr drafted from the codebook (7449514) by data-raw/extract_questions.R"
"pes_rural","4","","","","Dans une banlieue d'une grande ville","","","label_fr drafted from the codebook (7449514) by data-raw/extract_questions.R"
"pes_rural","5","","","","Dans une grande ville (plus que 50k personnes)","","","label_fr drafted from the codebook (7449514) by data-raw/extract_questions.R"
"pes_livedincomm","1","","","","Moins d'un an","","","label_fr drafted from the codebook (7449514) by data-raw/extract_questions.R"
"pes_livedincomm","2","","","","1-3 ans","","","label_fr drafted from the codebook (7449514) by data-raw/extract_questions.R"
"pes_livedincomm","3","","","","3-10 ans","","","label_fr drafted from the codebook (7449514) by data-raw/extract_questions.R"
"pes_livedincomm","4","","","","Plus de 10 ans","","","label_fr drafted from the codebook (7449514) by data-raw/extract_questions.R"
"pes_yearsprov","4","","","","Moins d'un an","","","label_fr drafted from the codebook (7449514) by data-raw/extract_questions.R"
"pes_yearsprov","5","","","","1-3 ans","","","label_fr drafted from the codebook (7449514) by data-raw/extract_questions.R"
"pes_yearsprov","6","","","","3-10 ans","","","label_fr drafted from the codebook (7449514) by data-raw/extract_questions.R"
"pes_yearsprov","7","","","","Plus de 10 ans","","","label_fr drafted from the codebook (7449514) by data-raw/extract_questions.R"
"pes_otherprov_1","-99","","","","","not_selected","","select-all item: codes 1 and -99 only"
"pes_otherprov_1","1","","","","Île-du-Prince-Édouard","","","label_fr drafted from the codebook (7449514) by data-raw/extract_questions.R"
"pes_otherprov_2","-99","","","","","not_selected","","select-all item: codes 1 and -99 only"
"pes_otherprov_2","1","","","","Terre-Neuve-et-Labrador","","","label_fr drafted from the codebook (7449514) by data-raw/extract_questions.R"
"pes_otherprov_3","-99","","","","","not_selected","","select-all item: codes 1 and -99 only"
"pes_otherprov_3","1","","","","Nouveau-Brunswick","","","label_fr drafted from the codebook (7449514) by data-raw/extract_questions.R"
"pes_otherprov_4","-99","","","","","not_selected","","select-all item: codes 1 and -99 only"
"pes_otherprov_4","1","","","","Ontario","","","label_fr drafted from the codebook (7449514) by data-raw/extract_questions.R"
"pes_otherprov_5","-99","","","","","not_selected","","select-all item: codes 1 and -99 only"
"pes_otherprov_5","1","","","","Nouvelle-Écosse","","","label_fr drafted from the codebook (7449514) by data-raw/extract_questions.R"
"pes_otherprov_6","-99","","","","","not_selected","","select-all item: codes 1 and -99 only"
"pes_otherprov_6","1","","","","Manitoba","","","label_fr drafted from the codebook (7449514) by data-raw/extract_questions.R"
"pes_otherprov_7","-99","","","","","not_selected","","select-all item: codes 1 and -99 only"
"pes_otherprov_7","1","","","","Saskatchewan","","","label_fr drafted from the codebook (7449514) by data-raw/extract_questions.R"
"pes_otherprov_8","-99","","","","","not_selected","","select-all item: codes 1 and -99 only"
"pes_otherprov_8","1","","","","Alberta","","","label_fr drafted from the codebook (7449514) by data-raw/extract_questions.R"
"pes_otherprov_9","-99","","","","","not_selected","","select-all item: codes 1 and -99 only"
"pes_otherprov_9","1","","","","Colombie-Britannique","","","label_fr drafted from the codebook (7449514) by data-raw/extract_questions.R"
"pes_otherprov_10","-99","","","","","not_selected","","select-all item: codes 1 and -99 only"
"pes_otherprov_10","1","","","","Nunavut","","","label_fr drafted from the codebook (7449514) by data-raw/extract_questions.R"
"pes_otherprov_11","-99","","","","","not_selected","","select-all item: codes 1 and -99 only"
"pes_otherprov_11","1","","","","Territoires du Nord-Ouest","","","label_fr drafted from the codebook (7449514) by data-raw/extract_questions.R"
"pes_otherprov_12","-99","","","","","not_selected","","select-all item: codes 1 and -99 only"
"pes_otherprov_12","1","","","","Yukon","","","label_fr drafted from the codebook (7449514) by data-raw/extract_questions.R"
"pes_otherprov_13","-99","","","","","not_selected","","select-all item: codes 1 and -99 only"
"pes_otherprov_13","1","","","","Jamais vécu dans une autre province","","","label_fr drafted from the codebook (7449514) by data-raw/extract_questions.R"
"pes_race_1","-99","","","","","not_selected","","select-all item: codes 1 and -99 only"
"pes_race_1","1","","","","Blanc","","","label_fr drafted from the codebook (7449514) by data-raw/extract_questions.R"
"pes_race_2","-99","","","","","not_selected","","select-all item: codes 1 and -99 only"
"pes_race_2","1","","","","Autochtones (ex., Premières nations, Métis, Inuits, etc.)","","","label_fr drafted from the codebook (7449514) by data-raw/extract_questions.R"
"pes_race_3","-99","","","","","not_selected","","select-all item: codes 1 and -99 only"
"pes_race_3","1","","","","Sud-asiatique (ex., Inde orientale, Pakistan, Sri Lanka, etc.)","","","label_fr drafted from the codebook (7449514) by data-raw/extract_questions.R"
"pes_race_4","-99","","","","","not_selected","","select-all item: codes 1 and -99 only"
"pes_race_4","1","","","","Chinois","","","label_fr drafted from the codebook (7449514) by data-raw/extract_questions.R"
"pes_race_5","-99","","","","","not_selected","","select-all item: codes 1 and -99 only"
"pes_race_5","1","","","","Noir","","","label_fr drafted from the codebook (7449514) by data-raw/extract_questions.R"
"pes_race_6","-99","","","","","not_selected","","select-all item: codes 1 and -99 only"
"pes_race_6","1","","","","Philippin","","","label_fr drafted from the codebook (7449514) by data-raw/extract_questions.R"
"pes_race_7","-99","","","","","not_selected","","select-all item: codes 1 and -99 only"
"pes_race_7","1","","","","Latino-américain","","","label_fr drafted from the codebook (7449514) by data-raw/extract_questions.R"
"pes_race_8","-99","","","","","not_selected","","select-all item: codes 1 and -99 only"
"pes_race_8","1","","","","Arabe","","","label_fr drafted from the codebook (7449514) by data-raw/extract_questions.R"
"pes_race_9","-99","","","","","not_selected","","select-all item: codes 1 and -99 only"
"pes_race_9","1","","","","Asiatique du Sud-Est (ex., Vietnam, Cambodge, Laos, Thaïlande, etc.)","","","label_fr drafted from the codebook (7449514) by data-raw/extract_questions.R"
"pes_race_10","-99","","","","","not_selected","","select-all item: codes 1 and -99 only"
"pes_race_10","1","","","","Asiatique de l'Ouest (ex., Iran, Afghanistan, etc.)","","","label_fr drafted from the codebook (7449514) by data-raw/extract_questions.R"
"pes_race_11","-99","","","","","not_selected","","select-all item: codes 1 and -99 only"
"pes_race_11","1","","","","Coréen","","","label_fr drafted from the codebook (7449514) by data-raw/extract_questions.R"
"pes_race_12","-99","","","","","not_selected","","select-all item: codes 1 and -99 only"
"pes_race_12","1","","","","Japonais","","","label_fr drafted from the codebook (7449514) by data-raw/extract_questions.R"
"pes_race_13","-99","","","","","not_selected","","select-all item: codes 1 and -99 only"
"pes_race_13","1","","","","Autre (veuillez préciser)","","","label_fr drafted from the codebook (7449514) by data-raw/extract_questions.R"
