"variable","label","question_en","question_fr","question_truncated","universe_en","universe_fr","question_source","doc_ref","measure","var_timing","derived_from","reviewed","notes"
"cps_StartDate","","Start date","","","","","codebook","7449514:cps_StartDate","","","","FALSE","drafted from the codebook (7449514) by data-raw/extract_questions.R"
"cps_EndDate","","End date","","","","","codebook","7449514:cps_EndDate","","","","FALSE","drafted from the codebook (7449514) by data-raw/extract_questions.R"
"cps_Duration__in_seconds_","","How long the respondent spent in the Campaign Period Survey, in seconds.","","","","","codebook","7449514:cps_Duration__in_seconds_","","","","FALSE","drafted from the codebook (7449514) by data-raw/extract_questions.R"
"cps_time","","How long the respondent spent in the Campaign Period Survey, in minutes. Calculated from cps__Duration_in_seconds_ .","","","","","codebook","7449514:cps_time","","","","FALSE","drafted from the codebook (7449514) by data-raw/extract_questions.R"
"cps_RecordedDate","","When the Campaign Period Survey response was recorded in Qualtrics.","","","","","codebook","7449514:cps_RecordedDate","","","","FALSE","drafted from the codebook (7449514) by data-raw/extract_questions.R"
"ResponseId","","Unique identification code for each response.","","","","","codebook","7449514:ResponseId","","","","FALSE","drafted from the codebook (7449514) by data-raw/extract_questions.R"
"cps_UserLanguage","","Language the respondent answered the Campaign Period Survey in. “EN” is English, “FR-CA” is French.","","","","","codebook","7449514:cps_UserLanguage","","","","FALSE","drafted from the codebook (7449514) by data-raw/extract_questions.R"
"cps_consent","","Letter of Information and Consent Project Title: Quebec Election Study 2022 Principal Investigator: Laura Stephenson, PhD, Political Science, University of Western Ontario, (519) 661-2111x85164, laura.stephenson@uwo.ca Co-Investigators: Allison Harell, PhD, Political Science, Université de Québec à Montréal, (514) 987-3000 x5676, harell.allison@uqam.ca, Éric Bélanger, PhD, Political Science, McGill University, 514-398-4400 x094127, eric.belanger3@mcgill.ca, Valérie-Anne Mahéo, PhD, Political Science, Université Laval, va.maheo@pol.ulaval.ca","Lettre d'information et de consentement Titre du projet: Étude électorale du Québec 2022 Chercheure principale: Laura Stephenson, PhD, Science politique, University of Western Ontario, (519) 661- 2111x85164, laura.stephenson@uwo.ca Cochercheures: Allison Harell, PhD, Science politique, Université du Québec à Montréal, (514) 987-3000 x5676, harell.allison@uqam.ca, Éric Bélanger, PhD, Political Science, McGill University, 514-398-4400 x094127, eric.belanger3@mcgill.ca, Valérie-Anne Mahéo, PhD, Political Science, Université Laval, va.maheo@pol.ulaval.ca","","","","codebook","7449514:cps_consent","","","","FALSE","drafted from the codebook (7449514) by data-raw/extract_questions.R"
"cps_citizen","","Are you a...","Êtes-vous...","","","","codebook","7449514:cps_citizen","","","","FALSE","drafted from the codebook (7449514) by data-raw/extract_questions.R"
"cps_province","","In which province or territory are you currently living?","Dans quelle province ou territoire habitez-vous présentement?","","","","codebook","7449514:cps_province","","","","FALSE","drafted from the codebook (7449514) by data-raw/extract_questions.R"
"cps_age_in_years","","To make sure we are talking to a cross section of Canadians, we need to get a little information about your background. First, how old are you?","Afin d’être certains que nous nous adressons à un échantillon représentatif des Canadiens, nous avons besoin d’informations de base sur vous. Tout d'abord, quel âge avez-vous?","","","","codebook","7449514:cps_age_in_years","","","","FALSE","drafted from the codebook (7449514) by data-raw/extract_questions.R"
"cps_genderid","","Are you...?","Êtes-vous...","","","","codebook","7449514:cps_genderid","","","","FALSE","drafted from the codebook (7449514) by data-raw/extract_questions.R"
"cps_genderid_4_TEXT","","Are you...? [Another gender, please specify]","Êtes-vous... [Autre genre, veuillez spécifier]","","","","codebook","7449514:cps_genderid","","","","FALSE","drafted from the codebook (7449514) by data-raw/extract_questions.R"
"cps_trans","","Are you transgender?","Êtes-vous transgenre?","","","","codebook","7449514:cps_trans","","","","FALSE","drafted from the codebook (7449514) by data-raw/extract_questions.R"
"cps_edu","","What is the highest level of education that you have completed?","Quel est votre plus haut niveau de scolarité complété?","","","","codebook","7449514:cps_edu","","","","FALSE","drafted from the codebook (7449514) by data-raw/extract_questions.R"
"cps_satis_can","","On the whole, how satisfied are you with the way democracy works in Canada?","Dans l'ensemble, quel est votre niveau de satisfaction quant au fonctionnement de la démocratie au Canada?","","","","codebook","7449514:cps_satis_can","","","","FALSE","drafted from the codebook (7449514) by data-raw/extract_questions.R"
"cps_satis_prov","","On the whole, how satisfied are you with the way democracy works in Quebec?","Dans l'ensemble, quel est votre niveau de satisfaction quant au fonctionnement de la démocratie au Québec?","","","","codebook","7449514:cps_satis_prov","","","","FALSE","drafted from the codebook (7449514) by data-raw/extract_questions.R"
"cps_impissue_matrix","","What is the most important issue to you personally in this provincial election?","Quel est l'enjeu le plus important, pour vous personnellement, dans cette élection provinciale?","","","","codebook","7449514:cps_impissue_matrix","","","","FALSE","drafted from the codebook (7449514) by data-raw/extract_questions.R"
"cps_partybest","","Which party is best at addressing this issue?","Quel parti aborde le mieux cet enjeu?","","If cps_impissue_matrix= “The economy” or “Health care” or “The environment and climate crisis” or “Education” or “Poverty” or “The housing crisis” or “Integrity of politicians and corruption” or “Taxes and public finances” or “Quebec sovereignty” or “Cost of living” or “Immigration” or “Quebec City’s third road link” or “The French language” or “Gunfire violence”, display cps_partybest.","","codebook","7449514:cps_partybest","","","","FALSE","drafted from the codebook (7449514) by data-raw/extract_questions.R"
"cps_partybest_8_TEXT","","Which party is best at addressing this issue? [Another party (please specify)]","Quel parti aborde le mieux cet enjeu? [Autre parti (veuillez spécifier)]","","If cps_impissue_matrix= “The economy” or “Health care” or “The environment and climate crisis” or “Education” or “Poverty” or “The housing crisis” or “Integrity of politicians and corruption” or “Taxes and public finances” or “Quebec sovereignty” or “Cost of living” or “Immigration” or “Quebec City’s third road link” or “The French language” or “Gunfire violence”, display cps_partybest.","","codebook","7449514:cps_partybest","","","","FALSE","drafted from the codebook (7449514) by data-raw/extract_questions.R"
"cps_interest_1","","How interested are you in politics generally? Set the slider to a number from 0 to 10, where 0 means no interest at all, and 10 means a great deal of interest.","Quel est votre niveau d'intérêt pour la politique en général? Veuillez glisser le curseur sur un chiffre de 0 à 10, où 0 indique aucun intérêt du tout et 10 indique beaucoup d'intérêt.","","","","codebook","7449514:cps_interest_1","","","","FALSE","drafted from the codebook (7449514) by data-raw/extract_questions.R"
"cps_intelection_1","","How interested are you in this Quebec election? Set the slider to a number from 0 to 10, where 0 means no interest at all, and 10 means a great deal of interest.","Quel est votre niveau d'intérêt pour cette élection au Québec? Veuillez glisser le curseur sur un chiffre de 0 à 10, où 0 indique aucun intérêt du tout et 10 indique beaucoup d'intérêt.","","","","codebook","7449514:cps_intelection_1","","","","FALSE","drafted from the codebook (7449514) by data-raw/extract_questions.R"
"cps_turnout","","The Quebec election is scheduled for October 3, 2022. In this election, are you…","L'élection au Québec est prévue pour le 3 octobre 2022. Dans le cadre de cette élection, êtes-vous...","","","","codebook","7449514:cps_turnout","","","","FALSE","drafted from the codebook (7449514) by data-raw/extract_questions.R"
"cps_howvote1","","How are you most likely to vote?","De quelle façon prévoyez-vous voter?","","If cps_turnout = “Certain to vote” or “Likely to vote”, display cps_howvote1.","","codebook","7449514:cps_howvote1","","","","FALSE","drafted from the codebook (7449514) by data-raw/extract_questions.R"
"cps_howvote2","","How did you vote?","Quelle méthode avez-vous utilisée pour voter?","","If cps_turnout= “I already voted”, display cps_howvote2","","codebook","7449514:cps_howvote2","","","","FALSE","drafted from the codebook (7449514) by data-raw/extract_questions.R"
"cps_howvote3","","If you choose to vote in the current election, what voting method do you think you would use? (Select one)","Si vous choisissez de voter, quelle méthode de vote pensez-vous utiliser? (sélectionnez un choix)","","If cps_turnout = “Unlikely to vote”, display cps_howvote3.","","codebook","7449514:cps_howvote3","","","","FALSE","drafted from the codebook (7449514) by data-raw/extract_questions.R"
"cps_votechoice1","","Which party do you think you will vote for?","Pour quel parti prévoyez-vous voter?","","If cps_turnout = “Certain to vote” or “Likely to vote”, display cps_votechoice1.","","codebook","7449514:cps_votechoice1","","","","FALSE","drafted from the codebook (7449514) by data-raw/extract_questions.R"
"cps_votechoice1_8_TEXT","","Which party do you think you will vote for? [Another party (please specify)]","Pour quel parti prévoyez-vous voter? [Autre parti (veuillez spécifier)]","","If cps_turnout = “Certain to vote” or “Likely to vote”, display cps_votechoice1.","","codebook","7449514:cps_votechoice1","","","","FALSE","drafted from the codebook (7449514) by data-raw/extract_questions.R"
"cps_votechoice2","","If you decide to vote, which party do you think you would vote for?","Si vous décidez de voter, pour quel parti prévoyez-vous voter?","","If cps_turnout = “Unlikely to vote”, display, cps_votechoice2.","","codebook","7449514:cps_votechoice2","","","","FALSE","drafted from the codebook (7449514) by data-raw/extract_questions.R"
"cps_votechoice2_8_TEXT","","If you decide to vote, which party do you think you would vote for? [Another party (please specify)]","Si vous décidez de voter, pour quel parti prévoyez-vous voter? [Autre parti (veuillez spécifier)]","","If cps_turnout = “Unlikely to vote”, display, cps_votechoice2.","","codebook","7449514:cps_votechoice2","","","","FALSE","drafted from the codebook (7449514) by data-raw/extract_questions.R"
"cps_votechoice3","","For which party did you vote?","Pour quel parti avez-vous voté?","","If cps_turnout = “I already voted”, display cps_votechoice3.","","codebook","7449514:cps_votechoice3","","","","FALSE","drafted from the codebook (7449514) by data-raw/extract_questions.R"
"cps_votechoice3_5_TEXT","","For which party did you vote? [Another party (please specify)]","Pour quel parti avez-vous voté? [Autre parti (veuillez spécifier)]","","If cps_turnout = “I already voted”, display cps_votechoice3.","","codebook","7449514:cps_votechoice3","","","","FALSE","drafted from the codebook (7449514) by data-raw/extract_questions.R"
"cps_votelean","","Is there a party you are leaning towards?","Êtes-vous tenté(e) d'appuyer un parti en particulier?","","If cps_votechoice1 = “Don’t know” or cps_votechoice2= “Don’t know”, display cps_votelean","","codebook","7449514:cps_votelean","","","","FALSE","drafted from the codebook (7449514) by data-raw/extract_questions.R"
"cps_votelean_8_TEXT","","Is there a party you are leaning towards? [Another party (please specify)]","Êtes-vous tenté(e) d'appuyer un parti en particulier? [Autre parti (veuillez spécifier)]","","If cps_votechoice1 = “Don’t know” or cps_votechoice2= “Don’t know”, display cps_votelean","","codebook","7449514:cps_votelean","","","","FALSE","drafted from the codebook (7449514) by data-raw/extract_questions.R"
"cps_votesecond","","And which party would be your second choice?","Et quel parti serait votre deuxième choix?","","","","codebook","7449514:cps_votesecond","","","","FALSE","drafted from the codebook (7449514) by data-raw/extract_questions.R"
"cps_votesecond_5_TEXT","","And which party would be your second choice? [Another party (please specify)]","Et quel parti serait votre deuxième choix? [Autre parti (veuillez spécifier)]","","","","codebook","7449514:cps_votesecond","","","","FALSE","drafted from the codebook (7449514) by data-raw/extract_questions.R"
"cps_negativevote_1","","Are there any parties that you would absolutely not vote for? (Select all that apply) [Parti libéral du Québec]","Y a-t-il un ou des partis pour lesquels vous ne voteriez absolument pas? (Veuillez sélectionner tous les partis qui s'appliquent) [Parti libéral du Québec]","","","","codebook","7449514:cps_negativevote","","","","FALSE","drafted from the codebook (7449514) by data-raw/extract_questions.R"
"cps_negativevote_2","","Are there any parties that you would absolutely not vote for? (Select all that apply) [Parti québécois]","Y a-t-il un ou des partis pour lesquels vous ne voteriez absolument pas? (Veuillez sélectionner tous les partis qui s'appliquent) [Parti québécois]","","","","codebook","7449514:cps_negativevote","","","","FALSE","drafted from the codebook (7449514) by data-raw/extract_questions.R"
"cps_negativevote_3","","Are there any parties that you would absolutely not vote for? (Select all that apply) [Coalition avenir Québec]","Y a-t-il un ou des partis pour lesquels vous ne voteriez absolument pas? (Veuillez sélectionner tous les partis qui s'appliquent) [Coalition avenir Québec]","","","","codebook","7449514:cps_negativevote","","","","FALSE","drafted from the codebook (7449514) by data-raw/extract_questions.R"
"cps_negativevote_4","","Are there any parties that you would absolutely not vote for? (Select all that apply) [Québec solidaire]","Y a-t-il un ou des partis pour lesquels vous ne voteriez absolument pas? (Veuillez sélectionner tous les partis qui s'appliquent) [Québec solidaire]","","","","codebook","7449514:cps_negativevote","","","","FALSE","drafted from the codebook (7449514) by data-raw/extract_questions.R"
"cps_negativevote_7","","Are there any parties that you would absolutely not vote for? (Select all that apply) [Parti conservateur du Québec]","Y a-t-il un ou des partis pour lesquels vous ne voteriez absolument pas? (Veuillez sélectionner tous les partis qui s'appliquent) [Parti conservateur du Québec]","","","","codebook","7449514:cps_negativevote","","","","FALSE","drafted from the codebook (7449514) by data-raw/extract_questions.R"
"cps_negativevote_5","","Are there any parties that you would absolutely not vote for? (Select all that apply) [Another party (please specify)]","Y a-t-il un ou des partis pour lesquels vous ne voteriez absolument pas? (Veuillez sélectionner tous les partis qui s'appliquent) [Autre parti (veuillez spécifier)]","","","","codebook","7449514:cps_negativevote","","","","FALSE","drafted from the codebook (7449514) by data-raw/extract_questions.R"
"cps_negativevote_6","","Are there any parties that you would absolutely not vote for? (Select all that apply) [I could vote for any of the parties]","Y a-t-il un ou des partis pour lesquels vous ne voteriez absolument pas? (Veuillez sélectionner tous les partis qui s'appliquent) [Je pourrais voter pour n'importe quel parti]","","","","codebook","7449514:cps_negativevote","","","","FALSE","drafted from the codebook (7449514) by data-raw/extract_questions.R"
"cps_negativevote_5_TEXT","","Are there any parties that you would absolutely not vote for? (Select all that apply) [Another party (please specify)]","Y a-t-il un ou des partis pour lesquels vous ne voteriez absolument pas? (Veuillez sélectionner tous les partis qui s'appliquent) [Autre parti (veuillez spécifier)]","","","","codebook","7449514:cps_negativevote","","","","FALSE","drafted from the codebook (7449514) by data-raw/extract_questions.R"
"cps_covid_votecomf1","","Regardless of how you plan to vote, how comfortable are you with the idea of voting in person during the coronavirus (COVID-19) pandemic?","Quelle que soit la façon dont vous comptez voter, êtes-vous à l'aise avec l'idée de voter en personne pendant la pandémie du coronavirus (COVID-19)?","","If cps_turnout = “Certain to vote” or “Likely to vote”, display cps_covid_votecomf1","","codebook","7449514:cps_covid_votecomf1","","","","FALSE","drafted from the codebook (7449514) by data-raw/extract_questions.R"
"cps_covid_votecomf2","","If you decide to vote, how comfortable are you with the idea of voting in person during the coronavirus (COVID-19) pandemic?","Si vous décidez de voter, à quel point êtes-vous à l'aise de voter en personne pendant la pandémie du coronavirus (COVID-19)?","","If cps_turnout = “Unlikely to vote” or “Certain not to vote”, display cps_covid_votecomf2.","","codebook","7449514:cps_covid_votecomf2","","","","FALSE","drafted from the codebook (7449514) by data-raw/extract_questions.R"
"cps_covid_votecomf3","","Regardless of how you voted, how comfortable were you with the idea of voting in person during the coronavirus (COVID-19) pandemic?","Quelle que soit la façon dont vous avez voté, dans quelle mesure étiez-vous à l'aise avec l'idée de voter en personne pendant la pandémie du coronavirus (COVID-19)?","","If cps_turnout = “I already voted”, display cps_covid_votecomf3.","","codebook","7449514:cps_covid_votecomf3","","","","FALSE","drafted from the codebook (7449514) by data-raw/extract_questions.R"
"cps_province_gov_sat","","How satisfied are you with the performance of the Quebec government under François Legault?","Quel est votre niveau de satisfaction de la performance du gouvernement du Québec sous François Legault?","","","","codebook","7449514:cps_province_gov_sat","","","","FALSE","drafted from the codebook (7449514) by data-raw/extract_questions.R"
"cps_partytherm_23","","How do you feel about the provincial political parties below? Set the slider to a number from 0 to 100, where 0 means you really dislike the party and 100 means you really like the party. [Parti libéral du Québec]","Que pensez-vous des partis politiques provinciaux énumérés ci-dessous? Veuillez glisser le curseur sur un chiffre entre 0 et 100, où 0 indique que vous n'aimez vraiment pas du tout ce parti et 100 que vous aimez vraiment beaucoup ce parti. [Parti libéral du Québec]","","","","codebook","7449514:cps_partytherm","","","","FALSE","drafted from the codebook (7449514) by data-raw/extract_questions.R"
"cps_partytherm_25","","How do you feel about the provincial political parties below? Set the slider to a number from 0 to 100, where 0 means you really dislike the party and 100 means you really like the party. [Parti québécois]","Que pensez-vous des partis politiques provinciaux énumérés ci-dessous? Veuillez glisser le curseur sur un chiffre entre 0 et 100, où 0 indique que vous n'aimez vraiment pas du tout ce parti et 100 que vous aimez vraiment beaucoup ce parti. [Parti québécois]","","","","codebook","7449514:cps_partytherm","","","","FALSE","drafted from the codebook (7449514) by data-raw/extract_questions.R"
"cps_partytherm_27","","How do you feel about the provincial political parties below? Set the slider to a number from 0 to 100, where 0 means you really dislike the party and 100 means you really like the party. [Coalition avenir Québec]","Que pensez-vous des partis politiques provinciaux énumérés ci-dessous? Veuillez glisser le curseur sur un chiffre entre 0 et 100, où 0 indique que vous n'aimez vraiment pas du tout ce parti et 100 que vous aimez vraiment beaucoup ce parti. [Coalition avenir Québec]","","","","codebook","7449514:cps_partytherm","","","","FALSE","drafted from the codebook (7449514) by data-raw/extract_questions.R"
"cps_partytherm_30","","How do you feel about the provincial political parties below? Set the slider to a number from 0 to 100, where 0 means you really dislike the party and 100 means you really like the party. [Québec solidaire]","Que pensez-vous des partis politiques provinciaux énumérés ci-dessous? Veuillez glisser le curseur sur un chiffre entre 0 et 100, où 0 indique que vous n'aimez vraiment pas du tout ce parti et 100 que vous aimez vraiment beaucoup ce parti. [Québec solidaire]","","","","codebook","7449514:cps_partytherm","","","","FALSE","drafted from the codebook (7449514) by data-raw/extract_questions.R"
"cps_partytherm_33","","How do you feel about the provincial political parties below? Set the slider to a number from 0 to 100, where 0 means you really dislike the party and 100 means you really like the party. [Parti conservateur du Québec]","Que pensez-vous des partis politiques provinciaux énumérés ci-dessous? Veuillez glisser le curseur sur un chiffre entre 0 et 100, où 0 indique que vous n'aimez vraiment pas du tout ce parti et 100 que vous aimez vraiment beaucoup ce parti. [Parti conservateur du Québec]","","","","codebook","7449514:cps_partytherm","","","","FALSE","drafted from the codebook (7449514) by data-raw/extract_questions.R"
"cps_leadertherm_1","","Using the same scale, how do you feel about the provincial party leaders below? [Dominique Anglade]","Sur la même échelle, que pensez-vous des chef(fe)s de partis politiques provinciaux énumérés ci-dessous? [Dominique Anglade]","","","","codebook","7449514:cps_leadertherm","","","","FALSE","drafted from the codebook (7449514) by data-raw/extract_questions.R"
"cps_leadertherm_2","","Using the same scale, how do you feel about the provincial party leaders below? [Paul St-Pierre Plamondon]","Sur la même échelle, que pensez-vous des chef(fe)s de partis politiques provinciaux énumérés ci-dessous? [Paul St-Pierre Plamondon]","","","","codebook","7449514:cps_leadertherm","","","","FALSE","drafted from the codebook (7449514) by data-raw/extract_questions.R"
"cps_leadertherm_3","","Using the same scale, how do you feel about the provincial party leaders below? [François Legault]","Sur la même échelle, que pensez-vous des chef(fe)s de partis politiques provinciaux énumérés ci-dessous? [François Legault]","","","","codebook","7449514:cps_leadertherm","","","","FALSE","drafted from the codebook (7449514) by data-raw/extract_questions.R"
"cps_leadertherm_7","","Using the same scale, how do you feel about the provincial party leaders below? [Gabriel Nadeau-Dubois]","Sur la même échelle, que pensez-vous des chef(fe)s de partis politiques provinciaux énumérés ci-dessous? [Gabriel Nadeau-Dubois]","","","","codebook","7449514:cps_leadertherm","","","","FALSE","drafted from the codebook (7449514) by data-raw/extract_questions.R"
"cps_leadertherm_8","","Using the same scale, how do you feel about the provincial party leaders below? [Éric Duhaime]","Sur la même échelle, que pensez-vous des chef(fe)s de partis politiques provinciaux énumérés ci-dessous? [Éric Duhaime]","","","","codebook","7449514:cps_leadertherm","","","","FALSE","drafted from the codebook (7449514) by data-raw/extract_questions.R"
"cps_candtherm_23","","Using the same scale, how do you feel about the candidates in your local riding? [Liberal candidate in your riding]","Sur la même échelle, que pensez-vous des candidat(e)s dans votre circonscription locale? [Candidat(e) libéral(e) dans votre circonscription]","","","","codebook","7449514:cps_candtherm","","","","FALSE","drafted from the codebook (7449514) by data-raw/extract_questions.R"
"cps_candtherm_25","","Using the same scale, how do you feel about the candidates in your local riding? [Pequiste candidate in your riding]","Sur la même échelle, que pensez-vous des candidat(e)s dans votre circonscription locale? [Candidat(e) péquiste dans votre circonscription]","","","","codebook","7449514:cps_candtherm","","","","FALSE","drafted from the codebook (7449514) by data-raw/extract_questions.R"
"cps_candtherm_27","","Using the same scale, how do you feel about the candidates in your local riding? [Caquiste candidate in your riding]","Sur la même échelle, que pensez-vous des candidat(e)s dans votre circonscription locale? [Candidat(e) caquiste dans votre circonscription]","","","","codebook","7449514:cps_candtherm","","","","FALSE","drafted from the codebook (7449514) by data-raw/extract_questions.R"
"cps_candtherm_29","","Using the same scale, how do you feel about the candidates in your local riding? [Solidaire candidate in your riding]","Sur la même échelle, que pensez-vous des candidat(e)s dans votre circonscription locale? [Candidat(e) solidaire dans votre circonscription]","","","","codebook","7449514:cps_candtherm","","","","FALSE","drafted from the codebook (7449514) by data-raw/extract_questions.R"
"cps_candtherm_30","","Using the same scale, how do you feel about the candidates in your local riding? [Conservateur candidate in your riding]","Sur la même échelle, que pensez-vous des candidat(e)s dans votre circonscription locale? [Candidat(e) conservateur(trice) dans votre circonscription]","","","","codebook","7449514:cps_candtherm","","","","FALSE","drafted from the codebook (7449514) by data-raw/extract_questions.R"
"cps_govperf_1","","How good a job has the current Quebec government done of improving each of the following policy areas? [Environment]","Comment qualifieriez-vous le succès de l’actuel gouvernement du Québec dans l'amélioration de chacun des enjeux politiques suivants? [Environnement]","","","","codebook","7449514:cps_govperf","","","","FALSE","drafted from the codebook (7449514) by data-raw/extract_questions.R"
"cps_govperf_2","","How good a job has the current Quebec government done of improving each of the following policy areas? [Helping the poor]","Comment qualifieriez-vous le succès de l’actuel gouvernement du Québec dans l'amélioration de chacun des enjeux politiques suivants? [Aide aux pauvres]","","","","codebook","7449514:cps_govperf","","","","FALSE","drafted from the codebook (7449514) by data-raw/extract_questions.R"
"cps_govperf_3","","How good a job has the current Quebec government done of improving each of the following policy areas? [Managing public finances]","Comment qualifieriez-vous le succès de l’actuel gouvernement du Québec dans l'amélioration de chacun des enjeux politiques suivants? [Gestion des finances publiques]","","","","codebook","7449514:cps_govperf","","","","FALSE","drafted from the codebook (7449514) by data-raw/extract_questions.R"
"cps_govperf_4","","How good a job has the current Quebec government done of improving each of the following policy areas? [Protecting citizens' health]","Comment qualifieriez-vous le succès de l’actuel gouvernement du Québec dans l'amélioration de chacun des enjeux politiques suivants? [Protéger la santé des citoyen(ne)s]","","","","codebook","7449514:cps_govperf","","","","FALSE","drafted from the codebook (7449514) by data-raw/extract_questions.R"
"cps_intelligent_1","","For each of the party leaders below, please indicate whether you agree or disagree that they are intelligent? [Dominique Anglade]","Pour chacun(e) des chef(fe)s de parti suivant(e)s, indiquez si vous êtes en accord ou en désaccord avec l'énoncé suivant: Il(elle) est intelligent(e)? [Dominique Anglade]","","","","codebook","7449514:cps_intelligent","","","","FALSE","drafted from the codebook (7449514) by data-raw/extract_questions.R"
"cps_intelligent_2","","For each of the party leaders below, please indicate whether you agree or disagree that they are intelligent? [François Legault]","Pour chacun(e) des chef(fe)s de parti suivant(e)s, indiquez si vous êtes en accord ou en désaccord avec l'énoncé suivant: Il(elle) est intelligent(e)? [François Legault]","","","","codebook","7449514:cps_intelligent","","","","FALSE","drafted from the codebook (7449514) by data-raw/extract_questions.R"
"cps_intelligent_3","","For each of the party leaders below, please indicate whether you agree or disagree that they are intelligent? [Paul St-Pierre Plamondon]","Pour chacun(e) des chef(fe)s de parti suivant(e)s, indiquez si vous êtes en accord ou en désaccord avec l'énoncé suivant: Il(elle) est intelligent(e)? [Paul St-Pierre Plamondon]","","","","codebook","7449514:cps_intelligent","","","","FALSE","drafted from the codebook (7449514) by data-raw/extract_questions.R"
"cps_intelligent_4","","For each of the party leaders below, please indicate whether you agree or disagree that they are intelligent? [Gabriel Nadeau-Dubois]","Pour chacun(e) des chef(fe)s de parti suivant(e)s, indiquez si vous êtes en accord ou en désaccord avec l'énoncé suivant: Il(elle) est intelligent(e)? [Gabriel Nadeau-Dubois]","","","","codebook","7449514:cps_intelligent","","","","FALSE","drafted from the codebook (7449514) by data-raw/extract_questions.R"
"cps_intelligent_5","","For each of the party leaders below, please indicate whether you agree or disagree that they are intelligent? [Éric Duhaime]","Pour chacun(e) des chef(fe)s de parti suivant(e)s, indiquez si vous êtes en accord ou en désaccord avec l'énoncé suivant: Il(elle) est intelligent(e)? [Éric Duhaime]","","","","codebook","7449514:cps_intelligent","","","","FALSE","drafted from the codebook (7449514) by data-raw/extract_questions.R"
"cps_stronglead_1","","For each of the party leaders below, please indicate whether you agree or disagree that they provide strong leadership? [Dominique Anglade]","Pour chacun(e) des chef(fe)s de parti suivant(e)s, indiquez si vous êtes en accord ou en désaccord avec l'énoncé suivant: Il(elle) fait preuve d’un leadership fort? [Dominique Anglade]","","","","codebook","7449514:cps_stronglead","","","","FALSE","drafted from the codebook (7449514) by data-raw/extract_questions.R"
"cps_stronglead_2","","For each of the party leaders below, please indicate whether you agree or disagree that they provide strong leadership? [François Legault]","Pour chacun(e) des chef(fe)s de parti suivant(e)s, indiquez si vous êtes en accord ou en désaccord avec l'énoncé suivant: Il(elle) fait preuve d’un leadership fort? [François Legault]","","","","codebook","7449514:cps_stronglead","","","","FALSE","drafted from the codebook (7449514) by data-raw/extract_questions.R"
"cps_stronglead_3","","For each of the party leaders below, please indicate whether you agree or disagree that they provide strong leadership? [Paul St-Pierre Plamondon]","Pour chacun(e) des chef(fe)s de parti suivant(e)s, indiquez si vous êtes en accord ou en désaccord avec l'énoncé suivant: Il(elle) fait preuve d’un leadership fort? [Paul St-Pierre Plamondon]","","","","codebook","7449514:cps_stronglead","","","","FALSE","drafted from the codebook (7449514) by data-raw/extract_questions.R"
"cps_stronglead_4","","For each of the party leaders below, please indicate whether you agree or disagree that they provide strong leadership? [Gabriel Nadeau-Dubois]","Pour chacun(e) des chef(fe)s de parti suivant(e)s, indiquez si vous êtes en accord ou en désaccord avec l'énoncé suivant: Il(elle) fait preuve d’un leadership fort? [Gabriel Nadeau-Dubois]","","","","codebook","7449514:cps_stronglead","","","","FALSE","drafted from the codebook (7449514) by data-raw/extract_questions.R"
"cps_stronglead_5","","For each of the party leaders below, please indicate whether you agree or disagree that they provide strong leadership? [Éric Duhaime]","Pour chacun(e) des chef(fe)s de parti suivant(e)s, indiquez si vous êtes en accord ou en désaccord avec l'énoncé suivant: Il(elle) fait preuve d’un leadership fort? [Éric Duhaime]","","","","codebook","7449514:cps_stronglead","","","","FALSE","drafted from the codebook (7449514) by data-raw/extract_questions.R"
"cps_trustworthy_74","","For each of the party leaders below, please indicate whether you agree or disagree that they are trustworthy? [Dominique Anglade]","Pour chacun(e) des chef(fe)s de parti suivant(e)s, indiquez si vous êtes en accord ou en désaccord avec l'énoncé suivant: Il(elle) est digne de confiance? [Dominique Anglade]","","","","codebook","7449514:cps_trustworthy","","","","FALSE","drafted from the codebook (7449514) by data-raw/extract_questions.R"
"cps_trustworthy_75","","For each of the party leaders below, please indicate whether you agree or disagree that they are trustworthy? [François Legault]","Pour chacun(e) des chef(fe)s de parti suivant(e)s, indiquez si vous êtes en accord ou en désaccord avec l'énoncé suivant: Il(elle) est digne de confiance? [François Legault]","","","","codebook","7449514:cps_trustworthy","","","","FALSE","drafted from the codebook (7449514) by data-raw/extract_questions.R"
"cps_trustworthy_76","","For each of the party leaders below, please indicate whether you agree or disagree that they are trustworthy? [Paul St-Pierre Plamondon]","Pour chacun(e) des chef(fe)s de parti suivant(e)s, indiquez si vous êtes en accord ou en désaccord avec l'énoncé suivant: Il(elle) est digne de confiance? [Paul St-Pierre Plamondon]","","","","codebook","7449514:cps_trustworthy","","","","FALSE","drafted from the codebook (7449514) by data-raw/extract_questions.R"
"cps_trustworthy_77","","For each of the party leaders below, please indicate whether you agree or disagree that they are trustworthy? [Gabriel Nadeau-Dubois]","Pour chacun(e) des chef(fe)s de parti suivant(e)s, indiquez si vous êtes en accord ou en désaccord avec l'énoncé suivant: Il(elle) est digne de confiance? [Gabriel Nadeau-Dubois]","","","","codebook","7449514:cps_trustworthy","","","","FALSE","drafted from the codebook (7449514) by data-raw/extract_questions.R"
"cps_trustworthy_82","","For each of the party leaders below, please indicate whether you agree or disagree that they are trustworthy? [Éric Duhaime]","Pour chacun(e) des chef(fe)s de parti suivant(e)s, indiquez si vous êtes en accord ou en désaccord avec l'énoncé suivant: Il(elle) est digne de confiance? [Éric Duhaime]","","","","codebook","7449514:cps_trustworthy","","","","FALSE","drafted from the codebook (7449514) by data-raw/extract_questions.R"
"cps_cares_1","","For each of the party leaders below, please indicate whether you agree or disagree that they really care about people like me? [Dominique Anglade]","Pour chacun(e) des chef(fe)s de parti suivant(e)s, indiquez si vous êtes en accord ou en désaccord avec l'énoncé suivant: Il(elle) se soucie vraiment des gens comme vous? [Dominique Anglade]","","","","codebook","7449514:cps_cares","","","","FALSE","drafted from the codebook (7449514) by data-raw/extract_questions.R"
"cps_cares_2","","For each of the party leaders below, please indicate whether you agree or disagree that they really care about people like me? [François Legault]","Pour chacun(e) des chef(fe)s de parti suivant(e)s, indiquez si vous êtes en accord ou en désaccord avec l'énoncé suivant: Il(elle) se soucie vraiment des gens comme vous? [François Legault]","","","","codebook","7449514:cps_cares","","","","FALSE","drafted from the codebook (7449514) by data-raw/extract_questions.R"
"cps_cares_3","","For each of the party leaders below, please indicate whether you agree or disagree that they really care about people like me? [Paul St-Pierre Plamondon]","Pour chacun(e) des chef(fe)s de parti suivant(e)s, indiquez si vous êtes en accord ou en désaccord avec l'énoncé suivant: Il(elle) se soucie vraiment des gens comme vous? [Paul St-Pierre Plamondon]","","","","codebook","7449514:cps_cares","","","","FALSE","drafted from the codebook (7449514) by data-raw/extract_questions.R"
"cps_cares_4","","For each of the party leaders below, please indicate whether you agree or disagree that they really care about people like me? [Gabriel Nadeau-Dubois]","Pour chacun(e) des chef(fe)s de parti suivant(e)s, indiquez si vous êtes en accord ou en désaccord avec l'énoncé suivant: Il(elle) se soucie vraiment des gens comme vous? [Gabriel Nadeau-Dubois]","","","","codebook","7449514:cps_cares","","","","FALSE","drafted from the codebook (7449514) by data-raw/extract_questions.R"
"cps_cares_5","","For each of the party leaders below, please indicate whether you agree or disagree that they really care about people like me? [Éric Duhaime]","Pour chacun(e) des chef(fe)s de parti suivant(e)s, indiquez si vous êtes en accord ou en désaccord avec l'énoncé suivant: Il(elle) se soucie vraiment des gens comme vous? [Éric Duhaime]","","","","codebook","7449514:cps_cares","","","","FALSE","drafted from the codebook (7449514) by data-raw/extract_questions.R"
"cps_ideoself_1","","In politics, people sometimes talk of left and right. Where would you place yourself on this scale, where 0 means left and 10 means right?","En politique, on parle parfois de gauche et de droite. Où vous placeriez-vous sur une échelle de 0 à 10, où 0 indique la gauche et 10 la droite?","","","","codebook","7449514:cps_ideoself_1","","","","FALSE","drafted from the codebook (7449514) by data-raw/extract_questions.R"
"cps_ideoparty_1","","Where would you place the provincial political parties on a scale from 0 to 10, where 0 means left and 10 means right? [Parti libéral du Québec]","En politique, on parle parfois de gauche et de droite. Où placeriez-vous les partis politiques provinciaux sur une échelle de 0 à 10, où 0 indique la gauche et 10 la droite? [Parti libéral du Québec]","","","","codebook","7449514:cps_ideoparty","","","","FALSE","drafted from the codebook (7449514) by data-raw/extract_questions.R"
"cps_ideoparty_3","","Where would you place the provincial political parties on a scale from 0 to 10, where 0 means left and 10 means right? [Parti québécois]","En politique, on parle parfois de gauche et de droite. Où placeriez-vous les partis politiques provinciaux sur une échelle de 0 à 10, où 0 indique la gauche et 10 la droite? [Parti québécois]","","","","codebook","7449514:cps_ideoparty","","","","FALSE","drafted from the codebook (7449514) by data-raw/extract_questions.R"
"cps_ideoparty_5","","Where would you place the provincial political parties on a scale from 0 to 10, where 0 means left and 10 means right? [Coalition avenir Québec]","En politique, on parle parfois de gauche et de droite. Où placeriez-vous les partis politiques provinciaux sur une échelle de 0 à 10, où 0 indique la gauche et 10 la droite? [Coalition avenir Québec]","","","","codebook","7449514:cps_ideoparty","","","","FALSE","drafted from the codebook (7449514) by data-raw/extract_questions.R"
"cps_ideoparty_7","","Where would you place the provincial political parties on a scale from 0 to 10, where 0 means left and 10 means right? [Québec solidaire]","En politique, on parle parfois de gauche et de droite. Où placeriez-vous les partis politiques provinciaux sur une échelle de 0 à 10, où 0 indique la gauche et 10 la droite? [Québec solidaire]","","","","codebook","7449514:cps_ideoparty","","","","FALSE","drafted from the codebook (7449514) by data-raw/extract_questions.R"
"cps_ideoparty_8","","Where would you place the provincial political parties on a scale from 0 to 10, where 0 means left and 10 means right? [Parti conservateur du Québec]","En politique, on parle parfois de gauche et de droite. Où placeriez-vous les partis politiques provinciaux sur une échelle de 0 à 10, où 0 indique la gauche et 10 la droite? [Parti conservateur du Québec]","","","","codebook","7449514:cps_ideoparty","","","","FALSE","drafted from the codebook (7449514) by data-raw/extract_questions.R"
"cps_partybest_issues_1","","Which provincial party would do the best job at handling each of the following issues? [Healthcare]","Selon vous, quel parti est le meilleur pour... [Les soins de santé]","","","","codebook","7449514:cps_partybest_issues","","","","FALSE","drafted from the codebook (7449514) by data-raw/extract_questions.R"
"cps_partybest_issues_2","","Which provincial party would do the best job at handling each of the following issues? [Education]","Selon vous, quel parti est le meilleur pour... [L'éducation]","","","","codebook","7449514:cps_partybest_issues","","","","FALSE","drafted from the codebook (7449514) by data-raw/extract_questions.R"
"cps_partybest_issues_3","","Which provincial party would do the best job at handling each of the following issues? [Environment]","Selon vous, quel parti est le meilleur pour... [L'environnement]","","","","codebook","7449514:cps_partybest_issues","","","","FALSE","drafted from the codebook (7449514) by data-raw/extract_questions.R"
"cps_partybest_issues_4","","Which provincial party would do the best job at handling each of the following issues? [Crime and Justice]","Selon vous, quel parti est le meilleur pour... [Le crime et la justice]","","","","codebook","7449514:cps_partybest_issues","","","","FALSE","drafted from the codebook (7449514) by data-raw/extract_questions.R"
"cps_partybest_issues_5","","Which provincial party would do the best job at handling each of the following issues? [Immigration and Minorities]","Selon vous, quel parti est le meilleur pour... [L'immigration et les minorités]","","","","codebook","7449514:cps_partybest_issues","","","","FALSE","drafted from the codebook (7449514) by data-raw/extract_questions.R"
"cps_partybest_issues_6","","Which provincial party would do the best job at handling each of the following issues? [Economy]","Selon vous, quel parti est le meilleur pour... [L'économie]","","","","codebook","7449514:cps_partybest_issues","","","","FALSE","drafted from the codebook (7449514) by data-raw/extract_questions.R"
"cps_partybest_issues_7","","Which provincial party would do the best job at handling each of the following issues? [Affordable Housing]","Selon vous, quel parti est le meilleur pour... [Le logement abordable]","","","","codebook","7449514:cps_partybest_issues","","","","FALSE","drafted from the codebook (7449514) by data-raw/extract_questions.R"
"cps_partybest_issues_8","","Which provincial party would do the best job at handling each of the following issues? [Immigration integration in Quebec]","Selon vous, quel parti est le meilleur pour... [l’intégration des immigrants au Québec]","","","","codebook","7449514:cps_partybest_issues","","","","FALSE","drafted from the codebook (7449514) by data-raw/extract_questions.R"
"cps_partybest_issues_9","","Which provincial party would do the best job at handling each of the following issues? [Defense of Quebec's interests]","Selon vous, quel parti est le meilleur pour... [la défense des intérêts du Québec]","","","","codebook","7449514:cps_partybest_issues","","","","FALSE","drafted from the codebook (7449514) by data-raw/extract_questions.R"
"cps_partybest_issues_10","","Which provincial party would do the best job at handling each of the following issues? [Defense of Quebec's identity and culture]","Selon vous, quel parti est le meilleur pour... [la défense de l’identité et de la culture Québécoise]","","","","codebook","7449514:cps_partybest_issues","","","","FALSE","drafted from the codebook (7449514) by data-raw/extract_questions.R"
"cps_spendedu","","How much should the provincial government spend on education?","Combien le gouvernement provincial devrait-il dépenser en éducation?","","","","codebook","7449514:cps_spendedu","","","","FALSE","drafted from the codebook (7449514) by data-raw/extract_questions.R"
"cps_spendenv","","How much should the provincial government spend on the environment?","Combien le gouvernement provincial devrait-il dépenser en environnement?","","","","codebook","7449514:cps_spendenv","","","","FALSE","drafted from the codebook (7449514) by data-raw/extract_questions.R"
"cps_spendcrime","","How much should the provincial government spend on fighting crime?","Combien le gouvernement provincial devrait-il dépenser pour lutter contre la criminalité?","","","","codebook","7449514:cps_spendcrime","","","","FALSE","drafted from the codebook (7449514) by data-raw/extract_questions.R"
"cps_spendhealth","","How much should the provincial government spend on health care?","Combien le gouvernement provincial devrait-il dépenser en santé?","","","","codebook","7449514:cps_spendhealth","","","","FALSE","drafted from the codebook (7449514) by data-raw/extract_questions.R"
"cps_spendsocial","","How much should the provincial government spend on social programs?","Combien le gouvernement provincial devrait-il dépenser pour les programmes sociaux?","","","","codebook","7449514:cps_spendsocial","","","","FALSE","drafted from the codebook (7449514) by data-raw/extract_questions.R"
"cps_qc_carbon","","To help reduce greenhouse gas emissions, the Quebec government should continue to administer a carbon tax.","Afin d'aider à réduire les émissions de gaz à effet de serre, le gouvernement du Québec devrait continuer à charger une taxe sur le carbone.","","","","codebook","7449514:cps_qc_carbon","","","","FALSE","drafted from the codebook (7449514) by data-raw/extract_questions.R"
"cps_qc_energy","","The Quebec government should do more to help Canada’s energy sector, including building oil pipelines.","Le gouvernement du Québec devrait en faire davantage afin d'aider le secteur énergétique canadien, notamment en construisant des oléoducs.","","","","codebook","7449514:cps_qc_energy","","","","FALSE","drafted from the codebook (7449514) by data-raw/extract_questions.R"
"cps_qc_env","","Environmental regulation should be stricter, even if it leads to consumers having to pay higher prices.","La réglementation environnementale devrait être plus stricte, même si elle oblige les consommateurs à payer des prix plus élevés.","","","","codebook","7449514:cps_qc_env","","","","FALSE","drafted from the codebook (7449514) by data-raw/extract_questions.R"
"cps_jobsfirst","","When there is a conflict between protecting the environment and creating jobs, jobs should come first.","Lorsqu'il existe un conflit entre la protection de l'environnement et la création d'emplois, les emplois devraient avoir la priorité.","","","","codebook","7449514:cps_jobsfirst","","","","FALSE","drafted from the codebook (7449514) by data-raw/extract_questions.R"
"cps_qc_attach","","How attached do you feel to Quebec?","Quel est votre degré d’attachement au Québec?","","","","codebook","7449514:cps_qc_attach","","","","FALSE","drafted from the codebook (7449514) by data-raw/extract_questions.R"
"cps_can_attach","","How attached do you feel to Canada?","Quel est votre degré d’attachement au Canada?","","","","codebook","7449514:cps_can_attach","","","","FALSE","drafted from the codebook (7449514) by data-raw/extract_questions.R"
"cps_provecon","","Over the past year, has Quebec's economy...","Depuis un an, l'économie du Québec s'est-elle...","","","","codebook","7449514:cps_provecon","","","","FALSE","drafted from the codebook (7449514) by data-raw/extract_questions.R"
"cps_proveconblame","","Have the policies of the Quebec government made Quebec's economy...","Les politiques du gouvernement québécois ont-elles rendu l'économie du Québec...","","","","codebook","7449514:cps_proveconblame","","","","FALSE","drafted from the codebook (7449514) by data-raw/extract_questions.R"
"cps_ownfin","","Over the past year, has your financial situation...","Pendant la dernière année, votre situation financière s'est-elle...","","","","codebook","7449514:cps_ownfin","","","","FALSE","drafted from the codebook (7449514) by data-raw/extract_questions.R"
"cps_ownfinblame","","Have the policies of the Quebec government made your financial situation...","Les politiques du gouvernement du Québec ont-elles rendu votre situation financière...","","","","codebook","7449514:cps_ownfinblame","","","","FALSE","drafted from the codebook (7449514) by data-raw/extract_questions.R"
"cps_immig","","Do you think Canada should admit...","Pensez-vous que le Canada devrait admettre...","","","","codebook","7449514:cps_immig","","","","FALSE","drafted from the codebook (7449514) by data-raw/extract_questions.R"
"cps_refugee","","Do you think Canada should admit...","Pensez-vous que le Canada devrait admettre...","","","","codebook","7449514:cps_refugee","","","","FALSE","drafted from the codebook (7449514) by data-raw/extract_questions.R"
"cps_attractimm","","Do you think Quebec should try to attract...","Pensez-vous que le Québec devrait essayer...","","","","codebook","7449514:cps_attractimm","","","","FALSE","drafted from the codebook (7449514) by data-raw/extract_questions.R"
"cps_respect","","In your opinion, is Quebec treated with the respect it deserves in Canada?","À votre avis, la province de Québec est-elle traitée avec le respect qu’elle mérite par le Canada?","","","","codebook","7449514:cps_respect","","","","FALSE","drafted from the codebook (7449514) by data-raw/extract_questions.R"
"cps_share","","Thinking about all the money the federal government spends on different programs and on transfers to the provinces, do you think Quebec receives...","En pensant à tout l'argent que le gouvernement fédéral dépense pour divers programmes et pour les transferts aux provinces, pensez-vous que le Québec reçoit...","","","","codebook","7449514:cps_share","","","","FALSE","drafted from the codebook (7449514) by data-raw/extract_questions.R"
"cps_treat","","In general, does the federal government treat Quebec better, worse, or about the same as other provinces?","En général, est-ce que le gouvernement fédéral traite le Québec mieux, moins bien ou de la même façon que les autres provinces?","","","","codebook","7449514:cps_treat","","","","FALSE","drafted from the codebook (7449514) by data-raw/extract_questions.R"
"cps_provinequality","","Is income inequality a big problem in Quebec?","Est-ce que les inégalités de revenus représentent un problème important au Québec?","","","","codebook","7449514:cps_provinequality","","","","FALSE","drafted from the codebook (7449514) by data-raw/extract_questions.R"
"cps_qc_choose","","If you had to choose between more powers for Quebec, more money transfers from the federal government or independence, which would you prefer to further Quebec’s interests?","Si vous deviez choisir entre : plus de pouvoirs pour le Québec, plus de transferts d’argent du gouvernement fédéral, ou l’indépendance, lequel de ces choix préféreriez-vous pour faire avancer les intérêts du Québec?","","","","codebook","7449514:cps_qc_choose","","","","FALSE","drafted from the codebook (7449514) by data-raw/extract_questions.R"
"cps_qc_decisions_1","","For each of the following areas, do you think that decisions should be made by the Quebec National Assembly or the Parliament of Canada? [Immigration policy]","Pour chacun des domaines suivants, pensez-vous que les décisions doivent être prises par l’Assemblée nationale du Québec ou par le Parlement du Canada? [Politique d’immigration]","","","","codebook","7449514:cps_qc_decisions","","","","FALSE","drafted from the codebook (7449514) by data-raw/extract_questions.R"
"cps_qc_decisions_2","","For each of the following areas, do you think that decisions should be made by the Quebec National Assembly or the Parliament of Canada? [Environmental protection]","Pour chacun des domaines suivants, pensez-vous que les décisions doivent être prises par l’Assemblée nationale du Québec ou par le Parlement du Canada? [Protection de l’environnement]","","","","codebook","7449514:cps_qc_decisions","","","","FALSE","drafted from the codebook (7449514) by data-raw/extract_questions.R"
"cps_qc_decisions_3","","For each of the following areas, do you think that decisions should be made by the Quebec National Assembly or the Parliament of Canada? [Cultural and language policies]","Pour chacun des domaines suivants, pensez-vous que les décisions doivent être prises par l’Assemblée nationale du Québec ou par le Parlement du Canada? [Politiques culturelles et linguistiques]","","","","codebook","7449514:cps_qc_decisions","","","","FALSE","drafted from the codebook (7449514) by data-raw/extract_questions.R"
"cps_qc_decisions_4","","For each of the following areas, do you think that decisions should be made by the Quebec National Assembly or the Parliament of Canada? [Health care]","Pour chacun des domaines suivants, pensez-vous que les décisions doivent être prises par l’Assemblée nationale du Québec ou par le Parlement du Canada? [Santé]","","","","codebook","7449514:cps_qc_decisions","","","","FALSE","drafted from the codebook (7449514) by data-raw/extract_questions.R"
"cps_langQC","","In your opinion, is the French language threatened in Quebec?","Selon vous, la langue française est-elle menacée au Québec?","","","","codebook","7449514:cps_langQC","","","","FALSE","drafted from the codebook (7449514) by data-raw/extract_questions.R"
"cps_valuesQC","","In your opinion, are Quebec's values and culture threatened or not?","Selon vous, les valeurs et la culture québécoises sont-elles menacées ou non?","","","","codebook","7449514:cps_valuesQC","","","","FALSE","drafted from the codebook (7449514) by data-raw/extract_questions.R"
"cps_groups2_6","","How do you feel about the following groups? Set the slider to any number from 0 to 100, where 0 means you really dislike the group and 100 means you really like the group. [Immigrants]","Que pensez-vous des différents groupes ci-dessous? Veuillez glisser le curseur sur un chiffre entre 0 et 100, où 0 indique que vous n'aimez vraiment pas du tout un groupe et 100 que vous aimez vraiment beaucoup un groupe. [Les immigrants]","","","","codebook","7449514:cps_groups2","","","","FALSE","drafted from the codebook (7449514) by data-raw/extract_questions.R"
"cps_groups2_7","","How do you feel about the following groups? Set the slider to any number from 0 to 100, where 0 means you really dislike the group and 100 means you really like the group. [Indigenous Peoples]","Que pensez-vous des différents groupes ci-dessous? Veuillez glisser le curseur sur un chiffre entre 0 et 100, où 0 indique que vous n'aimez vraiment pas du tout un groupe et 100 que vous aimez vraiment beaucoup un groupe. [Les peuples autochtones]","","","","codebook","7449514:cps_groups2","","","","FALSE","drafted from the codebook (7449514) by data-raw/extract_questions.R"
"cps_groups2_11","","How do you feel about the following groups? Set the slider to any number from 0 to 100, where 0 means you really dislike the group and 100 means you really like the group. [Francophones in Quebec]","Que pensez-vous des différents groupes ci-dessous? Veuillez glisser le curseur sur un chiffre entre 0 et 100, où 0 indique que vous n'aimez vraiment pas du tout un groupe et 100 que vous aimez vraiment beaucoup un groupe. [Les francophones vivant au Québec]","","","","codebook","7449514:cps_groups2","","","","FALSE","drafted from the codebook (7449514) by data-raw/extract_questions.R"
"cps_groups2_12","","How do you feel about the following groups? Set the slider to any number from 0 to 100, where 0 means you really dislike the group and 100 means you really like the group. [Feminists]","Que pensez-vous des différents groupes ci-dessous? Veuillez glisser le curseur sur un chiffre entre 0 et 100, où 0 indique que vous n'aimez vraiment pas du tout un groupe et 100 que vous aimez vraiment beaucoup un groupe. [Les féministes]","","","","codebook","7449514:cps_groups2","","","","FALSE","drafted from the codebook (7449514) by data-raw/extract_questions.R"
"cps_groups2_13","","How do you feel about the following groups? Set the slider to any number from 0 to 100, where 0 means you really dislike the group and 100 means you really like the group. [Lesbians and Gay Men]","Que pensez-vous des différents groupes ci-dessous? Veuillez glisser le curseur sur un chiffre entre 0 et 100, où 0 indique que vous n'aimez vraiment pas du tout un groupe et 100 que vous aimez vraiment beaucoup un groupe. [Les personnes lesbiennes et gaies]","","","","codebook","7449514:cps_groups2","","","","FALSE","drafted from the codebook (7449514) by data-raw/extract_questions.R"
"cps_groups2_8","","How do you feel about the following groups? Set the slider to any number from 0 to 100, where 0 means you really dislike the group and 100 means you really like the group. [Politicians in general]","Que pensez-vous des différents groupes ci-dessous? Veuillez glisser le curseur sur un chiffre entre 0 et 100, où 0 indique que vous n'aimez vraiment pas du tout un groupe et 100 que vous aimez vraiment beaucoup un groupe. [Les politiciens en général]","","","","codebook","7449514:cps_groups2","","","","FALSE","drafted from the codebook (7449514) by data-raw/extract_questions.R"
"cps_groups2_16","","How do you feel about the following groups? Set the slider to any number from 0 to 100, where 0 means you really dislike the group and 100 means you really like the group. [Muslims living in Canada]","Que pensez-vous des différents groupes ci-dessous? Veuillez glisser le curseur sur un chiffre entre 0 et 100, où 0 indique que vous n'aimez vraiment pas du tout un groupe et 100 que vous aimez vraiment beaucoup un groupe. [Les musulmans vivant au Canada]","","","","codebook","7449514:cps_groups2","","","","FALSE","drafted from the codebook (7449514) by data-raw/extract_questions.R"
"cps_groups2_17","","How do you feel about the following groups? Set the slider to any number from 0 to 100, where 0 means you really dislike the group and 100 means you really like the group. [Allophones living in Quebec]","Que pensez-vous des différents groupes ci-dessous? Veuillez glisser le curseur sur un chiffre entre 0 et 100, où 0 indique que vous n'aimez vraiment pas du tout un groupe et 100 que vous aimez vraiment beaucoup un groupe. [Les allophones vivant au Québec]","","","","codebook","7449514:cps_groups2","","","","FALSE","drafted from the codebook (7449514) by data-raw/extract_questions.R"
"cps_groups2_18","","How do you feel about the following groups? Set the slider to any number from 0 to 100, where 0 means you really dislike the group and 100 means you really like the group. [Anglophones living in Quebec]","Que pensez-vous des différents groupes ci-dessous? Veuillez glisser le curseur sur un chiffre entre 0 et 100, où 0 indique que vous n'aimez vraiment pas du tout un groupe et 100 que vous aimez vraiment beaucoup un groupe. [Les anglophones vivant au Québec]","","","","codebook","7449514:cps_groups2","","","","FALSE","drafted from the codebook (7449514) by data-raw/extract_questions.R"
"cps_covid_handle_1","","How satisfied are you with the following governments' handling of the COVID-19 pandemic? [Federal government]","À quel point êtes-vous satisfait de la façon dont les gouvernements suivants ont géré la pandémie de la COVID-19? [Gouvernement fédéral]","","","","codebook","7449514:cps_covid_handle","","","","FALSE","drafted from the codebook (7449514) by data-raw/extract_questions.R"
"cps_covid_handle_2","","How satisfied are you with the following governments' handling of the COVID-19 pandemic? [Quebec government]","À quel point êtes-vous satisfait de la façon dont les gouvernements suivants ont géré la pandémie de la COVID-19? [Gouvernement du Québec]","","","","codebook","7449514:cps_covid_handle","","","","FALSE","drafted from the codebook (7449514) by data-raw/extract_questions.R"
"cps_covid_handle_3","","How satisfied are you with the following governments' handling of the COVID-19 pandemic? [Municipal government]","À quel point êtes-vous satisfait de la façon dont les gouvernements suivants ont géré la pandémie de la COVID-19? [Gouvernement municipal]","","","","codebook","7449514:cps_covid_handle","","","","FALSE","drafted from the codebook (7449514) by data-raw/extract_questions.R"
"cps_covid_compare","","How well has Quebec done in handling the COVID-19 pandemic in comparison to other provinces?","Comment qualifieriez-vous la gestion de la COVID-19 menée par le Québec comparativement aux autres provinces?","","","","codebook","7449514:cps_covid_compare","","","","FALSE","drafted from the codebook (7449514) by data-raw/extract_questions.R"
"cps_covid_risk","","Do you or someone in your family face heightened health risks because of the COVID-19 pandemic?","Est-ce que vous ou un membre de votre famille êtes confronté(s) à des risques de santé accrus en raison de la COVID-19?","","","","codebook","7449514:cps_covid_risk","","","","FALSE","drafted from the codebook (7449514) by data-raw/extract_questions.R"
"cps_vaccine1","","Have you received at least one dose of a COVID-19 vaccine?","Avez-vous reçu au moins une dose du vaccin contre la COVID-19?","","","","codebook","7449514:cps_vaccine1","","","","FALSE","drafted from the codebook (7449514) by data-raw/extract_questions.R"
"cps_qc_pol_independ","","How important to you personally is the issue of Quebec’s political independence?","À quel point l’enjeu de l’indépendance politique du Québec est-il important pour vous, personnellement?","","","","codebook","7449514:cps_qc_pol_independ","","","","FALSE","drafted from the codebook (7449514) by data-raw/extract_questions.R"
"cps_qc_referendum","","If there were today a referendum on independence that asked whether Quebec should be an independent country, would you vote YES or NO?","Si un référendum sur l’indépendance avait lieu aujourd’hui vous demandant si vous voulez que le Québec devienne un pays indépendant, voteriez-vous OUI ou voteriez-vous NON?","","","","codebook","7449514:cps_qc_referendum","","","","FALSE","drafted from the codebook (7449514) by data-raw/extract_questions.R"
"cps_govresp_1","","Which level of government is primarily responsible for the following policy areas? [Employment insurance]","Quel palier de gouvernement est principalement responsable des domaines suivants? [Assurance-emploi]","","","","codebook","7449514:cps_govresp","","","","FALSE","drafted from the codebook (7449514) by data-raw/extract_questions.R"
"cps_govresp_2","","Which level of government is primarily responsible for the following policy areas? [Health care]","Quel palier de gouvernement est principalement responsable des domaines suivants? [Santé]","","","","codebook","7449514:cps_govresp","","","","FALSE","drafted from the codebook (7449514) by data-raw/extract_questions.R"
"cps_govresp_3","","Which level of government is primarily responsible for the following policy areas? [Primary and secondary education]","Quel palier de gouvernement est principalement responsable des domaines suivants? [Éducation primaire et secondaire]","","","","codebook","7449514:cps_govresp","","","","FALSE","drafted from the codebook (7449514) by data-raw/extract_questions.R"
"cps_govresp_4","","Which level of government is primarily responsible for the following policy areas? [Defense policy]","Quel palier de gouvernement est principalement responsable des domaines suivants? [Défense]","","","","codebook","7449514:cps_govresp","","","","FALSE","drafted from the codebook (7449514) by data-raw/extract_questions.R"
"cps_govresp_5","","Which level of government is primarily responsible for the following policy areas? [Public transit]","Quel palier de gouvernement est principalement responsable des domaines suivants? [Transports en commun]","","","","codebook","7449514:cps_govresp","","","","FALSE","drafted from the codebook (7449514) by data-raw/extract_questions.R"
"cps_govresp_6","","Which level of government is primarily responsible for the following policy areas? [Sewage and water]","Quel palier de gouvernement est principalement responsable des domaines suivants? [Égouts et eau]","","","","codebook","7449514:cps_govresp","","","","FALSE","drafted from the codebook (7449514) by data-raw/extract_questions.R"
"cps_complicated","","Sometimes, politics and government seem so complicated that a person like me can't really understand what's going on.","Parfois, la politique et le gouvernement semblent si compliqués qu'une personne comme moi ne peut pas vraiment comprendre ce qui se passe.","","","","codebook","7449514:cps_complicated","","","","FALSE","drafted from the codebook (7449514) by data-raw/extract_questions.R"
"cps_nosay","","People like me don't have any say about what the government does.","Les gens comme moi n'ont rien à dire sur ce que le gouvernement fait.","","","","codebook","7449514:cps_nosay","","","","FALSE","drafted from the codebook (7449514) by data-raw/extract_questions.R"
"cps_newstime","","On average, how much time do you usually spend watching, reading, and listening to news each day?","En moyenne, combien de temps passez-vous chaque jour à lire, regarder et écouter les nouvelles?","","","","codebook","7449514:cps_newstime","","","","FALSE","drafted from the codebook (7449514) by data-raw/extract_questions.R"
"cps_socialmediatime","","How often are you on social media?","À quelle fréquence êtes-vous sur les médias sociaux?","","","","codebook","7449514:cps_socialmediatime","","","","FALSE","drafted from the codebook (7449514) by data-raw/extract_questions.R"
"cps_socialmedia_1","","What social media platforms do you use regularly? Please select all that apply. [Facebook]","Quels médias sociaux utilisez-vous régulièrement? Veuillez sélectionner tous ceux qui s'appliquent. [Facebook]","","If cps_socialmediatime!= “Less often/Never”, display cps_socialmedia.","","codebook","7449514:cps_socialmedia","","","","FALSE","drafted from the codebook (7449514) by data-raw/extract_questions.R"
"cps_socialmedia_2","","What social media platforms do you use regularly? Please select all that apply. [Twitter]","Quels médias sociaux utilisez-vous régulièrement? Veuillez sélectionner tous ceux qui s'appliquent. [Twitter]","","If cps_socialmediatime!= “Less often/Never”, display cps_socialmedia.","","codebook","7449514:cps_socialmedia","","","","FALSE","drafted from the codebook (7449514) by data-raw/extract_questions.R"
"cps_socialmedia_3","","What social media platforms do you use regularly? Please select all that apply. [Youtube]","Quels médias sociaux utilisez-vous régulièrement? Veuillez sélectionner tous ceux qui s'appliquent. [Youtube]","","If cps_socialmediatime!= “Less often/Never”, display cps_socialmedia.","","codebook","7449514:cps_socialmedia","","","","FALSE","drafted from the codebook (7449514) by data-raw/extract_questions.R"
"cps_socialmedia_4","","What social media platforms do you use regularly? Please select all that apply. [Snapchat]","Quels médias sociaux utilisez-vous régulièrement? Veuillez sélectionner tous ceux qui s'appliquent. [Snapchat]","","If cps_socialmediatime!= “Less often/Never”, display cps_socialmedia.","","codebook","7449514:cps_socialmedia","","","","FALSE","drafted from the codebook (7449514) by data-raw/extract_questions.R"
"cps_socialmedia_5","","What social media platforms do you use regularly? Please select all that apply. [Reddit]","Quels médias sociaux utilisez-vous régulièrement? Veuillez sélectionner tous ceux qui s'appliquent. [Reddit]","","If cps_socialmediatime!= “Less often/Never”, display cps_socialmedia.","","codebook","7449514:cps_socialmedia","","","","FALSE","drafted from the codebook (7449514) by data-raw/extract_questions.R"
"cps_socialmedia_6","","What social media platforms do you use regularly? Please select all that apply. [TikTok]","Quels médias sociaux utilisez-vous régulièrement? Veuillez sélectionner tous ceux qui s'appliquent. [TikTok]","","If cps_socialmediatime!= “Less often/Never”, display cps_socialmedia.","","codebook","7449514:cps_socialmedia","","","","FALSE","drafted from the codebook (7449514) by data-raw/extract_questions.R"
"cps_socialmedia_7","","What social media platforms do you use regularly? Please select all that apply. [Instagram]","Quels médias sociaux utilisez-vous régulièrement? Veuillez sélectionner tous ceux qui s'appliquent. [Instagram]","","If cps_socialmediatime!= “Less often/Never”, display cps_socialmedia.","","codebook","7449514:cps_socialmedia","","","","FALSE","drafted from the codebook (7449514) by data-raw/extract_questions.R"
"cps_socialmedia_8","","What social media platforms do you use regularly? Please select all that apply. [Pinterest]","Quels médias sociaux utilisez-vous régulièrement? Veuillez sélectionner tous ceux qui s'appliquent. [Pinterest]","","If cps_socialmediatime!= “Less often/Never”, display cps_socialmedia.","","codebook","7449514:cps_socialmedia","","","","FALSE","drafted from the codebook (7449514) by data-raw/extract_questions.R"
"cps_socialmedia_9","","What social media platforms do you use regularly? Please select all that apply. [Other (please specify)]","Quels médias sociaux utilisez-vous régulièrement? Veuillez sélectionner tous ceux qui s'appliquent. [Autre (veuillez préciser)]","","If cps_socialmediatime!= “Less often/Never”, display cps_socialmedia.","","codebook","7449514:cps_socialmedia","","","","FALSE","drafted from the codebook (7449514) by data-raw/extract_questions.R"
"cps_socialmedia_10","","What social media platforms do you use regularly? Please select all that apply. [None of these]","Quels médias sociaux utilisez-vous régulièrement? Veuillez sélectionner tous ceux qui s'appliquent. [Aucun de ceux-ci]","","If cps_socialmediatime!= “Less often/Never”, display cps_socialmedia.","","codebook","7449514:cps_socialmedia","","","","FALSE","drafted from the codebook (7449514) by data-raw/extract_questions.R"
"cps_socialmedia_9_TEXT","","What social media platforms do you use regularly? Please select all that apply. [Other (please specify)]","Quels médias sociaux utilisez-vous régulièrement? Veuillez sélectionner tous ceux qui s'appliquent. [Autre (veuillez préciser)]","","If cps_socialmediatime!= “Less often/Never”, display cps_socialmedia.","","codebook","7449514:cps_socialmedia","","","","FALSE","drafted from the codebook (7449514) by data-raw/extract_questions.R"
"pes_identity_qc_ca","","People have different ways of defining themselves. Do you consider yourself to be __________","Les gens ont différentes façons de se définir. Diriez-vous que vous vous considérez __________","","","","codebook","7449514:pes_identity_qc_ca","","","","FALSE","drafted from the codebook (7449514) by data-raw/extract_questions.R"
"cps_fedpid","","In federal politics, do you usually think of yourself as a:","En politique fédérale, vous considérez-vous habituellement comme étant :","","","","codebook","7449514:cps_fedpid","","","","FALSE","drafted from the codebook (7449514) by data-raw/extract_questions.R"
"cps_fedpid_5_TEXT","","In federal politics, do you usually think of yourself as a: [Another party (please specify)]","En politique fédérale, vous considérez-vous habituellement comme étant : [Un autre parti (Veuillez spécifier)]","","","","codebook","7449514:cps_fedpid","","","","FALSE","drafted from the codebook (7449514) by data-raw/extract_questions.R"
"cps_fedpidstr","","How strongly ${cps_fedpid/ChoiceGroup/SelectedChoicesTextEntry} do you feel?","À quel point vous sentez-vous proche ${e://Field/pid_fr}?","","If cps_fedpid= “Liberal” or “Conservative” or “NDP” or “Green” or “PPC” or “Bloc Québécois” or “Another party (please specify)”, display cps_fedpidstr.","","codebook","7449514:cps_fedpidstr","","","","FALSE","drafted from the codebook (7449514) by data-raw/extract_questions.R"
"cps_provpid","","In provincial politics, do you usually think of yourself as a:","En politique provinciale, vous considérez-vous habituellement comme étant:","","","","codebook","7449514:cps_provpid","","","","FALSE","drafted from the codebook (7449514) by data-raw/extract_questions.R"
"cps_provpid_5_TEXT","","In provincial politics, do you usually think of yourself as a: [Another party (please specify)]","En politique provinciale, vous considérez-vous habituellement comme étant: [Un autre parti (Veuillez spécifier)]","","","","codebook","7449514:cps_provpid","","","","FALSE","drafted from the codebook (7449514) by data-raw/extract_questions.R"
"cps_provpidstr","","How strongly ${cps_provpid/ChoiceGroup/SelectedChoicesTextEntry} do you feel?","À quel point vous sentez-vous ${e://Field/fr_pid_pr}?","","If cps_provpid = “Libéral” or “Péquiste” or “Caquiste” or “Solidaire” or “Conservateur” or “Another party (please specify)”, display cps_provpidstr.","","codebook","7449514:cps_provpidstr","","","","FALSE","drafted from the codebook (7449514) by data-raw/extract_questions.R"
"cps_donateparty","","Since the 2018 Quebec provincial election, have you donated money to any provincial political party or candidate, beyond buying a party membership?","Depuis les élections provinciales du Québec en 2018, avez-vous fait un don à un candidat ou un parti politique provincial, au-delà de l'achat d'une carte de membre?","","","","codebook","7449514:cps_donateparty","","","","FALSE","drafted from the codebook (7449514) by data-raw/extract_questions.R"
"cps_volunteer","","In the past 12 months, how many times did you volunteer for a group or organization such as a school, a religious organization, or sports or community associations?","Au cours des 12 derniers mois, combien de fois avez-vous fait du bénévolat pour un groupe ou un organisme comme une école, une organisation religieuse ou une association sportive ou communautaire?","","","","codebook","7449514:cps_volunteer","","","","FALSE","drafted from the codebook (7449514) by data-raw/extract_questions.R"
"cps_pastvote","","Did you happen to vote in the 2021 Canadian federal election?","Avez-vous voté lors de la dernière élection fédérale canadienne de 2021?","","","","codebook","7449514:cps_pastvote","","","","FALSE","drafted from the codebook (7449514) by data-raw/extract_questions.R"
"cps_pastpartyvote","","Which party did you vote for in the 2021 Canadian federal election?","Pour quel parti avez-vous voté lors de la dernière élection fédérale de 2021?","","If cps_pastvote= “Yes”, display cps_pastpartyvote.","","codebook","7449514:cps_pastpartyvote","","","","FALSE","drafted from the codebook (7449514) by data-raw/extract_questions.R"
"cps_pastpartyvote_5_TEXT","","Which party did you vote for in the 2021 Canadian federal election? [Another party (please specify)]","Pour quel parti avez-vous voté lors de la dernière élection fédérale de 2021? [Un autre parti (Veuillez spécifier)]","","If cps_pastvote= “Yes”, display cps_pastpartyvote.","","codebook","7449514:cps_pastpartyvote","","","","FALSE","drafted from the codebook (7449514) by data-raw/extract_questions.R"
"cps_qc_turnout_2018","","Did you happen to vote in the last Quebec election in 2018?","Avez-vous voté lors de la dernière élection au Québec en 2018?","","","","codebook","7449514:cps_qc_turnout_2018","","","","FALSE","drafted from the codebook (7449514) by data-raw/extract_questions.R"
"cps_qc_vote_2018","","Which party did you vote for in the Quebec election in 2018?","Pour quel parti avez-vous voté lors de l’élection de 2018 au Québec?","","If cps_qc_turnout_2018= “Yes”, display cps_qc_vote_2018.","","codebook","7449514:cps_qc_vote_2018","","","","FALSE","drafted from the codebook (7449514) by data-raw/extract_questions.R"
"cps_qc_vote_2018_5_TEXT","","Which party did you vote for in the Quebec election in 2018? [Another party (please specify)]","Pour quel parti avez-vous voté lors de l’élection de 2018 au Québec? [Un autre parti (Veuillez spécifier)]","","If cps_qc_turnout_2018= “Yes”, display cps_qc_vote_2018.","","codebook","7449514:cps_qc_vote_2018","","","","FALSE","drafted from the codebook (7449514) by data-raw/extract_questions.R"
"cps_duty","","People have different views about voting. For some, voting is a duty. They feel that they should vote in every election. For others, voting is a choice. They only vote when they feel strongly about that election. For you personally, is voting first and foremost a Duty or a Choice?","Les gens ont des conceptions différentes du vote. Pour certains, voter est un devoir. Ils croient qu'ils devraient voter à chaque élection. Pour d'autres, voter est un choix. Ils votent seulement lorsqu'une élection les préoccupe vraiment. Pour vous personnellement, est-ce que voter est d’abord et avant tout un devoir ou un choix?","","","","codebook","7449514:cps_duty","","","","FALSE","drafted from the codebook (7449514) by data-raw/extract_questions.R"
"cps_qc_independent","","Do you think that Quebec will be an independent country one day?","Croyez-vous que le Québec sera un pays indépendant un jour?","","","","codebook","7449514:cps_qc_independent","","","","FALSE","drafted from the codebook (7449514) by data-raw/extract_questions.R"
"cps_religion","","Please tell me what is your religion, if you have one?","Quelle est votre religion, si vous en avez une?","","","","codebook","7449514:cps_religion","","","","FALSE","drafted from the codebook (7449514) by data-raw/extract_questions.R"
"cps_religion_22_TEXT","","Please tell me what is your religion, if you have one? [Other (please specify)]","Quelle est votre religion, si vous en avez une? [Autre (Veuillez spécifier)]","","","","codebook","7449514:cps_religion","","","","FALSE","drafted from the codebook (7449514) by data-raw/extract_questions.R"
"cps_religimp","","In your life, you would say religion is:","Dans votre vie, diriez-vous que la religion est:","","","","codebook","7449514:cps_religimp","","","","FALSE","drafted from the codebook (7449514) by data-raw/extract_questions.R"
"cps_borncda","","Were you born in Canada?","Êtes-vous né(e) au Canada?","","","","codebook","7449514:cps_borncda","","","","FALSE","drafted from the codebook (7449514) by data-raw/extract_questions.R"
"cps_borncountry","","What country were you born in?","Dans quel pays êtes-vous né?","","If cps_borncda = “No”, display cps_borncountry.","","codebook","7449514:cps_borncountry","","","","FALSE","drafted from the codebook (7449514) by data-raw/extract_questions.R"
"cps_comecda","","In what year did you come to live in Canada?","En quelle année êtes-vous venu vivre au Canada?","","","","codebook","7449514:cps_comecda","","","","FALSE","drafted from the codebook (7449514) by data-raw/extract_questions.R"
"cps_lang_1","","Which language(s) did you learn as a child and still understand today? (Select all that apply) [English]","Quelle est la/les première(s) langue(s) que vous avez apprise(s) et que vous comprenez encore? (Sélectionnez toutes celles qui s' appliquent) [Anglais]","","","","codebook","7449514:cps_lang","","","","FALSE","drafted from the codebook (7449514) by data-raw/extract_questions.R"
"cps_lang_2","","Which language(s) did you learn as a child and still understand today? (Select all that apply) [French]","Quelle est la/les première(s) langue(s) que vous avez apprise(s) et que vous comprenez encore? (Sélectionnez toutes celles qui s' appliquent) [Français]","","","","codebook","7449514:cps_lang","","","","FALSE","drafted from the codebook (7449514) by data-raw/extract_questions.R"
"cps_lang_3","","Which language(s) did you learn as a child and still understand today? (Select all that apply) [Other (Please specify)]","Quelle est la/les première(s) langue(s) que vous avez apprise(s) et que vous comprenez encore? (Sélectionnez toutes celles qui s' appliquent) [Autre (Veuillez spécifier)]","","","","codebook","7449514:cps_lang","","","","FALSE","drafted from the codebook (7449514) by data-raw/extract_questions.R"
"cps_lang_3_TEXT","","Which language(s) did you learn as a child and still understand today? (Select all that apply) [Other (Please specify)]","Quelle est la/les première(s) langue(s) que vous avez apprise(s) et que vous comprenez encore? (Sélectionnez toutes celles qui s' appliquent) [Autre (Veuillez spécifier)]","","","","codebook","7449514:cps_lang","","","","FALSE","drafted from the codebook (7449514) by data-raw/extract_questions.R"
"cps_income","","What was your total household income, before taxes, for the year 2021? Be sure to include income from all sources, to the nearest thousand dollars.","Quel est le revenu total de votre ménage avant impôts en 2021? Cela doit inclure toutes les sources de revenus au millier de dollars près.","","","","codebook","7449514:cps_income","","","","FALSE","drafted from the codebook (7449514) by data-raw/extract_questions.R"
"cps_income2","","We don't need the exact amount; does your household income fall into one of these broad categories?","Nous n'avons pas besoin du montant exact; le revenu de votre ménage se situe-t-il dans l'une des catégories suivantes?","","If cps_income was left blank, display cps_income2","","codebook","7449514:cps_income2","","","","FALSE","drafted from the codebook (7449514) by data-raw/extract_questions.R"
"cps_yob","","Finally, in what year were you born?","Enfin, en quelle année êtes-vous né?","","","","codebook","7449514:cps_yob","","","","FALSE","drafted from the codebook (7449514) by data-raw/extract_questions.R"
"pes_StartDate","","Start date.","","","","","codebook","7449514:pes_StartDate","","","","FALSE","drafted from the codebook (7449514) by data-raw/extract_questions.R"
"pes_EndDate","","End date.","","","","","codebook","7449514:pes_EndDate","","","","FALSE","drafted from the codebook (7449514) by data-raw/extract_questions.R"
"pes_Duration__in_seconds_","","How long the respondent spent in the Post Election Survey, in seconds.","","","","","codebook","7449514:pes_Duration__in_seconds_","","","","FALSE","drafted from the codebook (7449514) by data-raw/extract_questions.R"
"pes_time","","How long the respondent spent in the Post Election Survey, in minutes. Calculated from pes_Duration__in_seconds_ .","","","","","codebook","7449514:pes_time","","","","FALSE","drafted from the codebook (7449514) by data-raw/extract_questions.R"
"pes_RecordedDate","","When the Post-Election Survey response was recorded in Qualtrics.","","","","","codebook","7449514:pes_RecordedDate","","","","FALSE","drafted from the codebook (7449514) by data-raw/extract_questions.R"
"pes_UserLanguage","","Language the respondent answered the Post Election Survey in. ""EN"" is English, ""FR-CA"" is French.","","","","","codebook","7449514:pes_UserLanguage","","","","FALSE","drafted from the codebook (7449514) by data-raw/extract_questions.R"
"pes_consent","","Letter of Information and Consent","Lettre d'information et de consentement Titre du projet: Étude électorale du Québec 2022 Chercheure principale: Laura Stephenson, PhD, Science politique, University of Western Ontario, (519) 661-2111x85164, laura.stephenson@uwo.ca Co-chercheurs: Allison Harell, PhD, Science politique, Université du Québec à Montréal, (514) 987-3000 x5676, harell.allison@uqam.ca, Éric Bélanger, PhD, Political Science, McGill University, 514-398-4400 x094127, eric.belanger3@mcgill.ca, Valérie-Anne Mahéo, PhD, Political Science, Université Laval, va.maheo@pol.ulaval.ca","","","","codebook","7449514:pes_consent","","","","FALSE","drafted from the codebook (7449514) by data-raw/extract_questions.R"
"pes_provsatis","","On the whole, are you very satisfied, fairly satisfied, not very satisfied, or not satisfied at all with the way democracy works in Quebec?","Dans l’ensemble, êtes-vous très satisfait, assez satisfait, pas très satisfait ou pas du tout satisfait du fonctionnement de la démocratie au Québec?","","","","codebook","7449514:pes_provsatis","","","","FALSE","drafted from the codebook (7449514) by data-raw/extract_questions.R"
"pes_mostimpissue","","In your opinion, what was the main issue in the recent Quebec election campaign?","À votre avis, quel était l'enjeu le plus important lors de la récente campagne électorale québécoise?","","","","codebook","7449514:pes_mostimpissue","","","","FALSE","drafted from the codebook (7449514) by data-raw/extract_questions.R"
"pes_turnout","","The Quebec election results were recently announced. In any election, some people are not able to vote because they are sick or busy, or for some other reason. Others do not want to vote. Did you vote in the recent Quebec election?","À chaque élection, certaines personnes sont dans l’incapacité d’aller voter parce qu’elles sont malades, occupées, ou pour toute autre raison. D’autres personnes ne veulent pas voter. Avez-vous voté lors de l’élection du 3 octobre 2022 au Québec?","","","","codebook","7449514:pes_turnout","","","","FALSE","drafted from the codebook (7449514) by data-raw/extract_questions.R"
"pes_votechoice","","Which party did you vote for?","Pour quel parti avez-vous voté?","","If pes_turnout = “Yes”, display pes_votechoice.","","codebook","7449514:pes_votechoice","","","","FALSE","drafted from the codebook (7449514) by data-raw/extract_questions.R"
"pes_votechoice_5_TEXT","","Which party did you vote for? [Another party (specify)]","Pour quel parti avez-vous voté? [Autre (veuillez spécifier)]","","If pes_turnout = “Yes”, display pes_votechoice.","","codebook","7449514:pes_votechoice","","","","FALSE","drafted from the codebook (7449514) by data-raw/extract_questions.R"
"pes_q7","","Was this party your first choice?","Est-ce que ce parti était votre premier choix?","","If pes_votechoice = “Parti libéral du Québec” or “Parti Québécois” or “Coalition avenir Québec” or “Québec solidaire” or “Parti conservateur du Québec” or “Another party (specify)”, display pes_q7.","","codebook","7449514:pes_q7","","","","FALSE","drafted from the codebook (7449514) by data-raw/extract_questions.R"
"pes_q8","","Which party was your first choice?","Quel parti était votre premier choix?","","If pes_q7= “No”, display pes_q8.","","codebook","7449514:pes_q8","","","","FALSE","drafted from the codebook (7449514) by data-raw/extract_questions.R"
"pes_q8_7_TEXT","","Which party was your first choice? [Another party]","Quel parti était votre premier choix? [Un autre parti]","","If pes_q7= “No”, display pes_q8.","","codebook","7449514:pes_q8","","","","FALSE","drafted from the codebook (7449514) by data-raw/extract_questions.R"
"pes_howvote","","There are many options for people wanting to vote in an election. How did you vote?","Il existe de nombreuses options pour les personnes souhaitant voter lors d'une élection. Comment avez-vous voté?","","If pes_turnout = “Yes”, display pes_howvote.","","codebook","7449514:pes_howvote","","","","FALSE","drafted from the codebook (7449514) by data-raw/extract_questions.R"
"pes_whymail","","Why did you choose to vote by mail?","Pourquoi avez-vous choisi de voter par la poste?","","If pes_howvote = “By mail”, display pes_whymail.","","codebook","7449514:pes_whymail","","","","FALSE","drafted from the codebook (7449514) by data-raw/extract_questions.R"
"pes_maileasy","","Did you find the process of requesting a mail-in ballot and voting by mail easy or difficult?","Avez-vous trouvé le processus de demande de vote par la poste facile ou difficile?","","If pes_howvote = “By mail”, display pes_maileasy.","","codebook","7449514:pes_maileasy","","","","FALSE","drafted from the codebook (7449514) by data-raw/extract_questions.R"
"pes_maildifficult_1","","What made the process of voting by mail difficult? (Select all that apply) [I didn’t know I had to request a vote-by-mail package]","Qu’est-ce qui a rendu le processus de vote par la poste difficile? (Sélectionnez toutes les options qui s'appliquent) [Je ne savais pas que je devais faire la demande d’une trousse de vote par la poste]","","If pes_maileasy = “Somewhat difficult” or “Very difficult”, display pes_maildifficult.","","codebook","7449514:pes_maildifficult","","","","FALSE","drafted from the codebook (7449514) by data-raw/extract_questions.R"
"pes_maildifficult_2","","What made the process of voting by mail difficult? (Select all that apply) [I didn’t know where or how to request a vote-by-mail package]","Qu’est-ce qui a rendu le processus de vote par la poste difficile? (Sélectionnez toutes les options qui s'appliquent) [Je ne savais pas ni où ni comment faire la demande d’une trousse de vote par la poste]","","If pes_maileasy = “Somewhat difficult” or “Very difficult”, display pes_maildifficult.","","codebook","7449514:pes_maildifficult","","","","FALSE","drafted from the codebook (7449514) by data-raw/extract_questions.R"
"pes_maildifficult_3","","What made the process of voting by mail difficult? (Select all that apply) [The process to request a vote-by-mail package by telephone was confusing]","Qu’est-ce qui a rendu le processus de vote par la poste difficile? (Sélectionnez toutes les options qui s'appliquent) [Le processus téléphonique de demande de trousse de vote par la poste n’était pas clair]","","If pes_maileasy = “Somewhat difficult” or “Very difficult”, display pes_maildifficult.","","codebook","7449514:pes_maildifficult","","","","FALSE","drafted from the codebook (7449514) by data-raw/extract_questions.R"
"pes_maildifficult_4","","What made the process of voting by mail difficult? (Select all that apply) [The process to request a vote-by-mail package on the Elections QC website was confusing]","Qu’est-ce qui a rendu le processus de vote par la poste difficile? (Sélectionnez toutes les options qui s'appliquent) [Le processus de demande de vote par correspondance sur le site web d’Élections Québec n’était pas clair.]","","If pes_maileasy = “Somewhat difficult” or “Very difficult”, display pes_maildifficult.","","codebook","7449514:pes_maildifficult","","","","FALSE","drafted from the codebook (7449514) by data-raw/extract_questions.R"
"pes_maildifficult_5","","What made the process of voting by mail difficult? (Select all that apply) [It took a long time to receive the vote-by-mail package]","Qu’est-ce qui a rendu le processus de vote par la poste difficile? (Sélectionnez toutes les options qui s'appliquent) [Il a fallu beaucoup de temps pour recevoir ma trousse de vote par la poste.]","","If pes_maileasy = “Somewhat difficult” or “Very difficult”, display pes_maildifficult.","","codebook","7449514:pes_maildifficult","","","","FALSE","drafted from the codebook (7449514) by data-raw/extract_questions.R"
"pes_maildifficult_6","","What made the process of voting by mail difficult? (Select all that apply) [My vote-by-mail package never arrived]","Qu’est-ce qui a rendu le processus de vote par la poste difficile? (Sélectionnez toutes les options qui s'appliquent) [Ma trousse de vote par la poste n’est jamais arrivée.]","","If pes_maileasy = “Somewhat difficult” or “Very difficult”, display pes_maildifficult.","","codebook","7449514:pes_maildifficult","","","","FALSE","drafted from the codebook (7449514) by data-raw/extract_questions.R"
"pes_maildifficult_7","","What made the process of voting by mail difficult? (Select all that apply) [The instructions in the vote-by-mail package were confusing]","Qu’est-ce qui a rendu le processus de vote par la poste difficile? (Sélectionnez toutes les options qui s'appliquent) [Les instructions dans la trousse de vote par la poste n’étaient pas claires.]","","If pes_maileasy = “Somewhat difficult” or “Very difficult”, display pes_maildifficult.","","codebook","7449514:pes_maildifficult","","","","FALSE","drafted from the codebook (7449514) by data-raw/extract_questions.R"
"pes_maildifficult_8","","What made the process of voting by mail difficult? (Select all that apply) [The ballot did not list the names of candidates or political parties]","Qu’est-ce qui a rendu le processus de vote par la poste difficile? (Sélectionnez toutes les options qui s'appliquent) [Le bulletin de vote n’énumérait pas les noms des candidats ou des partis politiques.]","","If pes_maileasy = “Somewhat difficult” or “Very difficult”, display pes_maildifficult.","","codebook","7449514:pes_maildifficult","","","","FALSE","drafted from the codebook (7449514) by data-raw/extract_questions.R"
"pes_maildifficult_9","","What made the process of voting by mail difficult? (Select all that apply) [I was unsure if return postage was paid or not]","Qu’est-ce qui a rendu le processus de vote par la poste difficile? (Sélectionnez toutes les options qui s'appliquent) [Je ne savais pas si j’allais devoir débourser les frais de retour par la poste.]","","If pes_maileasy = “Somewhat difficult” or “Very difficult”, display pes_maildifficult.","","codebook","7449514:pes_maildifficult","","","","FALSE","drafted from the codebook (7449514) by data-raw/extract_questions.R"
"pes_maildifficult_10","","What made the process of voting by mail difficult? (Select all that apply) [I was unsure if the package would arrive in time for my vote to be counted]","Qu’est-ce qui a rendu le processus de vote par la poste difficile? (Sélectionnez toutes les options qui s'appliquent) [Je n’étais pas sûr(e) que ma trousse de vote arriverait à temps pour être comptée.]","","If pes_maileasy = “Somewhat difficult” or “Very difficult”, display pes_maildifficult.","","codebook","7449514:pes_maildifficult","","","","FALSE","drafted from the codebook (7449514) by data-raw/extract_questions.R"
"pes_maildifficult_11","","What made the process of voting by mail difficult? (Select all that apply) [Other (please explain)]","Qu’est-ce qui a rendu le processus de vote par la poste difficile? (Sélectionnez toutes les options qui s'appliquent) [Autre (s’il vous plait expliquez)]","","If pes_maileasy = “Somewhat difficult” or “Very difficult”, display pes_maildifficult.","","codebook","7449514:pes_maildifficult","","","","FALSE","drafted from the codebook (7449514) by data-raw/extract_questions.R"
"pes_maildifficult_12","","What made the process of voting by mail difficult? (Select all that apply) [Unsure]","Qu’est-ce qui a rendu le processus de vote par la poste difficile? (Sélectionnez toutes les options qui s'appliquent) [Je ne suis pas certain(e)]","","If pes_maileasy = “Somewhat difficult” or “Very difficult”, display pes_maildifficult.","","codebook","7449514:pes_maildifficult","","","","FALSE","drafted from the codebook (7449514) by data-raw/extract_questions.R"
"pes_maildifficult_11_TEXT","","What made the process of voting by mail difficult? (Select all that apply) [Other (please explain)]","Qu’est-ce qui a rendu le processus de vote par la poste difficile? (Sélectionnez toutes les options qui s'appliquent) [Autre (s’il vous plait expliquez)]","","If pes_maileasy = “Somewhat difficult” or “Very difficult”, display pes_maildifficult.","","codebook","7449514:pes_maildifficult","","","","FALSE","drafted from the codebook (7449514) by data-raw/extract_questions.R"
"pes_votingsafe","","How safe did you feel voting in person?","À quel point vous sentiez-vous en sécurité lorsque vous avez voté en personne ?","","If pes_howvote = “In person, at an advance poll” or “In person, at an Elections QC office” or “In person, at a polling station on election day”, display pes_votingsafe.","","codebook","7449514:pes_votingsafe","","","","FALSE","drafted from the codebook (7449514) by data-raw/extract_questions.R"
"pes_reasonnotvote","","What is the main reason you did not vote?","Quelle est la raison principale qui explique pourquoi vous n'avez pas voté?","","If pes_turnout = “No” or “I usually vote but didn't this time” or “I thought about voting but didn't”, display pes_reasonnotvote.","","codebook","7449514:pes_reasonnotvote","","","","FALSE","drafted from the codebook (7449514) by data-raw/extract_questions.R"
"pes_reasonnotvote_17_TEXT","","What is the main reason you did not vote? [Other (please specify)]","Quelle est la raison principale qui explique pourquoi vous n'avez pas voté? [Autre (veuillez spécifier)]","","If pes_turnout = “No” or “I usually vote but didn't this time” or “I thought about voting but didn't”, display pes_reasonnotvote.","","codebook","7449514:pes_reasonnotvote","","","","FALSE","drafted from the codebook (7449514) by data-raw/extract_questions.R"
"pes_attention_1","","On a scale of 0 to 10, where 0 means none and 10 means a lot, how much attention did you pay to the 2022 Quebec election campaign?","Sur une échelle de 0 à 10, où 0 représente aucune attention et 10 représente beaucoup d'attention, à quel point avez-vous porté attention à la campagne électorale de 2022 au Québec?","","","","codebook","7449514:pes_attention_1","","","","FALSE","drafted from the codebook (7449514) by data-raw/extract_questions.R"
"pes_contact","","During the Quebec provincial election campaign, did a party or candidate contact you in person or by any other means?","Durant la campagne électorale provinciale québécoise, est-ce qu’un parti ou un candidat vous a contacté en personne ou de toute autre façon?","","","","codebook","7449514:pes_contact","","","","FALSE","drafted from the codebook (7449514) by data-raw/extract_questions.R"
"pes_contactparty_1","","Do you recall which parties or candidates contacted you? (Please select all that apply) [Parti libéral du Québec]","Vous souvenez-vous quels partis ou candidats vous ont contacté? (Veuillez sélectionner tous ceux qui s'appliquent) [Parti libéral du Québec]","","If pes_contact = “Yes”, display pes_contactparty.","","codebook","7449514:pes_contactparty","","","","FALSE","drafted from the codebook (7449514) by data-raw/extract_questions.R"
"pes_contactparty_2","","Do you recall which parties or candidates contacted you? (Please select all that apply) [Parti québécois]","Vous souvenez-vous quels partis ou candidats vous ont contacté? (Veuillez sélectionner tous ceux qui s'appliquent) [Parti québécois]","","If pes_contact = “Yes”, display pes_contactparty.","","codebook","7449514:pes_contactparty","","","","FALSE","drafted from the codebook (7449514) by data-raw/extract_questions.R"
"pes_contactparty_3","","Do you recall which parties or candidates contacted you? (Please select all that apply) [Coalition avenir Québec]","Vous souvenez-vous quels partis ou candidats vous ont contacté? (Veuillez sélectionner tous ceux qui s'appliquent) [Coalition avenir Québec]","","If pes_contact = “Yes”, display pes_contactparty.","","codebook","7449514:pes_contactparty","","","","FALSE","drafted from the codebook (7449514) by data-raw/extract_questions.R"
"pes_contactparty_4","","Do you recall which parties or candidates contacted you? (Please select all that apply) [Québec solidaire]","Vous souvenez-vous quels partis ou candidats vous ont contacté? (Veuillez sélectionner tous ceux qui s'appliquent) [Québec solidaire]","","If pes_contact = “Yes”, display pes_contactparty.","","codebook","7449514:pes_contactparty","","","","FALSE","drafted from the codebook (7449514) by data-raw/extract_questions.R"
"pes_contactparty_5","","Do you recall which parties or candidates contacted you? (Please select all that apply) [Parti conservateur du Québec]","Vous souvenez-vous quels partis ou candidats vous ont contacté? (Veuillez sélectionner tous ceux qui s'appliquent) [Parti conservateur du Québec]","","If pes_contact = “Yes”, display pes_contactparty.","","codebook","7449514:pes_contactparty","","","","FALSE","drafted from the codebook (7449514) by data-raw/extract_questions.R"
"pes_contactparty_8","","Do you recall which parties or candidates contacted you? (Please select all that apply) [Another party (please specify)]","Vous souvenez-vous quels partis ou candidats vous ont contacté? (Veuillez sélectionner tous ceux qui s'appliquent) [Un autre parti (veuillez préciser)]","","If pes_contact = “Yes”, display pes_contactparty.","","codebook","7449514:pes_contactparty","","","","FALSE","drafted from the codebook (7449514) by data-raw/extract_questions.R"
"pes_contactparty_9","","Do you recall which parties or candidates contacted you? (Please select all that apply) [Don't remember]","Vous souvenez-vous quels partis ou candidats vous ont contacté? (Veuillez sélectionner tous ceux qui s'appliquent) [Je ne m'en souviens pas]","","If pes_contact = “Yes”, display pes_contactparty.","","codebook","7449514:pes_contactparty","","","","FALSE","drafted from the codebook (7449514) by data-raw/extract_questions.R"
"pes_contactparty_8_TEXT","","Do you recall which parties or candidates contacted you? (Please select all that apply) [Another party (please specify)]","Vous souvenez-vous quels partis ou candidats vous ont contacté? (Veuillez sélectionner tous ceux qui s'appliquent) [Un autre parti (veuillez préciser)]","","If pes_contact = “Yes”, display pes_contactparty.","","codebook","7449514:pes_contactparty","","","","FALSE","drafted from the codebook (7449514) by data-raw/extract_questions.R"
"pes_provlosetouch","","Those elected to the Quebec legislature soon lose touch with the people.","Ceux qui sont élus à l’Assemblée Nationale perdent vite contact avec la population.","","","","codebook","7449514:pes_provlosetouch","","","","FALSE","drafted from the codebook (7449514) by data-raw/extract_questions.R"
"pes_medical","","People who are willing to pay should be allowed to get medical treatment sooner.","Les personnes disposées à payer devraient pouvoir obtenir des traitements médicaux plus tôt.","","","","codebook","7449514:pes_medical","","","","FALSE","drafted from the codebook (7449514) by data-raw/extract_questions.R"
"pes_womenhome","","Society would be better off if fewer women worked outside the home.","La société se porterait mieux si moins de femmes travaillaient à l'extérieur du foyer.","","","","codebook","7449514:pes_womenhome","","","","FALSE","drafted from the codebook (7449514) by data-raw/extract_questions.R"
"pes_govtcare","","The government does not care much about what people like me think.","Le gouvernement ne se soucie pas beaucoup de ce que les gens comme moi pensent.","","","","codebook","7449514:pes_govtcare","","","","FALSE","drafted from the codebook (7449514) by data-raw/extract_questions.R"
"pes_pollie","","Politicians are willing to lie to get elected.","Les politiciens sont prêts à mentir pour se faire élire.","","","","codebook","7449514:pes_pollie","","","","FALSE","drafted from the codebook (7449514) by data-raw/extract_questions.R"
"pes_newlifestyles","","Newer lifestyles are contributing to the breakdown of our society.","Les nouveaux modes de vie contribuent à la dégradation de notre société.","","","","codebook","7449514:pes_newlifestyles","","","","FALSE","drafted from the codebook (7449514) by data-raw/extract_questions.R"
"pes_biling","","We have gone too far in pushing bilingualism in Canada.","Nous sommes allés trop loin dans la promotion du bilinguisme au Canada.","","","","codebook","7449514:pes_biling","","","","FALSE","drafted from the codebook (7449514) by data-raw/extract_questions.R"
"pes_familyvalues","","This country would have many fewer problems if there was more emphasis on traditional family values.","Il y aurait moins de problèmes dans ce pays si l'on accordait plus d’importance aux valeurs familiales traditionnelles.","","","","codebook","7449514:pes_familyvalues","","","","FALSE","drafted from the codebook (7449514) by data-raw/extract_questions.R"
"pes_equalrights","","We have gone too far in pushing equal rights in this country.","Nous sommes allés trop loin dans la promotion de l'égalité des droits dans ce pays.","","","","codebook","7449514:pes_equalrights","","","","FALSE","drafted from the codebook (7449514) by data-raw/extract_questions.R"
"pes_immfitin","","Too many recent immigrants just don't want to fit in to Canadian society.","Un trop grand nombre d’immigrants récents ne veulent tout simplement pas s'intégrer à la société canadienne.","","","","codebook","7449514:pes_immfitin","","","","FALSE","drafted from the codebook (7449514) by data-raw/extract_questions.R"
"pes_immjobs","","Immigrants take jobs away from other Canadians.","Les immigrants enlèvent des emplois aux autres Canadiens.","","","","codebook","7449514:pes_immjobs","","","","FALSE","drafted from the codebook (7449514) by data-raw/extract_questions.R"
"pes_familyvalues_qc","","This province would have many fewer problems if there was more emphasis on traditional family values.","Il y aurait moins de problèmes dans cette province si l'on accordait plus d’importance aux valeurs familiales traditionnelles.","","","","codebook","7449514:pes_familyvalues_qc","","","","FALSE","drafted from the codebook (7449514) by data-raw/extract_questions.R"
"pes_equalrights_qc","","We have gone too far in pushing equal rights in this province.","Nous sommes allés trop loin dans la promotion de l'égalité des droits dans cette province.","","","","codebook","7449514:pes_equalrights_qc","","","","FALSE","drafted from the codebook (7449514) by data-raw/extract_questions.R"
"pes_immfitin_qc","","Too many recent immigrants just don't want to fit in to Quebec society.","Un trop grand nombre d’immigrants récents ne veulent tout simplement pas s'intégrer à la société québécoise.","","","","codebook","7449514:pes_immfitin_qc","","","","FALSE","drafted from the codebook (7449514) by data-raw/extract_questions.R"
"pes_immjobs_qc","","Immigrants take jobs away from other Quebeckers.","Les immigrants enlèvent des emplois aux autres Québécois.","","","","codebook","7449514:pes_immjobs_qc","","","","FALSE","drafted from the codebook (7449514) by data-raw/extract_questions.R"
"pes_confidence_1","","Please indicate how much confidence you have in the following: [The federal government]","Indiquez à quel point vous faites confiance aux institutions suivantes: [Le gouvernement fédéral]","","","","codebook","7449514:pes_confidence","","","","FALSE","drafted from the codebook (7449514) by data-raw/extract_questions.R"
"pes_confidence_2","","Please indicate how much confidence you have in the following: [The Quebec government]","Indiquez à quel point vous faites confiance aux institutions suivantes: [Le gouvernement du Québec]","","","","codebook","7449514:pes_confidence","","","","FALSE","drafted from the codebook (7449514) by data-raw/extract_questions.R"
"pes_confidence_3","","Please indicate how much confidence you have in the following: [The media]","Indiquez à quel point vous faites confiance aux institutions suivantes: [Les médias]","","","","codebook","7449514:pes_confidence","","","","FALSE","drafted from the codebook (7449514) by data-raw/extract_questions.R"
"pes_confidence_4","","Please indicate how much confidence you have in the following: [Elections Quebec]","Indiquez à quel point vous faites confiance aux institutions suivantes: [Élections Québec]","","","","codebook","7449514:pes_confidence","","","","FALSE","drafted from the codebook (7449514) by data-raw/extract_questions.R"
"pes_groups_2","","How do you feel about the following groups? Set the slider to any number from 0 to 100, where 0 means you really dislike the group and 100 means you really like the group. [Muslims living in Quebec]","Que pensez-vous des différents groupes ci-dessous? Veuillez glisser le curseur sur un chiffre entre 0 et 100, où 0 indique que vous n'aimez vraiment pas du tout ce groupe et 100 que vous aimez vraiment beaucoup ce groupe. [Les musulmans vivant au Québec]","","","","codebook","7449514:pes_groups","","","","FALSE","drafted from the codebook (7449514) by data-raw/extract_questions.R"
"pes_groups_4","","How do you feel about the following groups? Set the slider to any number from 0 to 100, where 0 means you really dislike the group and 100 means you really like the group. [Indigenous peoples]","Que pensez-vous des différents groupes ci-dessous? Veuillez glisser le curseur sur un chiffre entre 0 et 100, où 0 indique que vous n'aimez vraiment pas du tout ce groupe et 100 que vous aimez vraiment beaucoup ce groupe. [Les Peuples autochtones]","","","","codebook","7449514:pes_groups","","","","FALSE","drafted from the codebook (7449514) by data-raw/extract_questions.R"
"pes_groups_5","","How do you feel about the following groups? Set the slider to any number from 0 to 100, where 0 means you really dislike the group and 100 means you really like the group. [Immigrants]","Que pensez-vous des différents groupes ci-dessous? Veuillez glisser le curseur sur un chiffre entre 0 et 100, où 0 indique que vous n'aimez vraiment pas du tout ce groupe et 100 que vous aimez vraiment beaucoup ce groupe. [Immigrants]","","","","codebook","7449514:pes_groups","","","","FALSE","drafted from the codebook (7449514) by data-raw/extract_questions.R"
"pes_emb_satis","","How satisfied are you with the way Elections Quebec runs provincial elections?","À quel point êtes-vous satisfait(e) de la façon dont Élections Québec prend en charge les élections provinciales?","","","","codebook","7449514:pes_emb_satis","","","","FALSE","drafted from the codebook (7449514) by data-raw/extract_questions.R"
"pes_emb_fair","","Thinking about this election, would you say that Elections Quebec ran the election…","Au sujet de la récente élection, croyez-vous qu'Élections Québec a mené l'élection…","","","","codebook","7449514:pes_emb_fair","","","","FALSE","drafted from the codebook (7449514) by data-raw/extract_questions.R"
"pes_emb_safe","","Elections Quebec took appropriate precautions to ensure a safe voting environment.","Élections Québec a pris les précautions nécessaires pour assurer un environnement de vote sécuritaire.","","","","codebook","7449514:pes_emb_safe","","","","FALSE","drafted from the codebook (7449514) by data-raw/extract_questions.R"
"pes_mailtrust","","Voting by mail in Quebec is equally as trustworthy as voting in person.","Au Québec, voter par correspondance est tout aussi fiable que de voter en personne.","","","","codebook","7449514:pes_mailtrust","","","","FALSE","drafted from the codebook (7449514) by data-raw/extract_questions.R"
"pes_mailrequest","","All registered voters should receive a vote-by-mail ballot without having to request one.","Tous les électeurs enregistrés devraient recevoir un bulletin de vote par la poste sans avoir à en faire la demande.","","","","codebook","7449514:pes_mailrequest","","","","FALSE","drafted from the codebook (7449514) by data-raw/extract_questions.R"
"pes_ENBhands","","Were you asked to sanitize your hands before you voted?","Vous a-t-on demandé de désinfecter vos mains avant de voter?","","If pes_howvote = “In person, at a polling station on election day” or “In person, at an advance poll” or “In person, at an Elections QC office”, display pes_ENBhands.","","codebook","7449514:pes_ENBhands","","","","FALSE","drafted from the codebook (7449514) by data-raw/extract_questions.R"
"pes_ENBmask","","Did you wear a mask or face covering when you went to vote?","Avez-vous porté un masque ou un couvre visage lorsque vous êtes allé(e) voter?","","If pes_howvote = “In person, at an advance poll” or “In person, at an Elections QC office” or “In person, at a polling station on election day”, display pes_ENBmask.","","codebook","7449514:pes_ENBmask","","","","FALSE","drafted from the codebook (7449514) by data-raw/extract_questions.R"
"pes_emb_card","","Did you receive a voter registration card in the mail?","Avez-vous reçu une carte d'information de l'électeur par la poste?","","","","codebook","7449514:pes_emb_card","","","","FALSE","drafted from the codebook (7449514) by data-raw/extract_questions.R"
"pes_emb_cardcorrect","","Was the information on your voter registration card correct?","Les informations sur votre carte d'information de l'électeur étaient-elles correctes?","","If pes_emb_card = “Yes”, display pes_emb_cardcorrect.","","codebook","7449514:pes_emb_cardcorrect","","","","FALSE","drafted from the codebook (7449514) by data-raw/extract_questions.R"
"pes_emb_register","","Did you register to vote during the election?","Vous êtes-vous enregistré(e) pour pouvoir voter pendant l'élection?","","If pes_emb_card != “Yes”, display pes_emb_register.","","codebook","7449514:pes_emb_register","","","","FALSE","drafted from the codebook (7449514) by data-raw/extract_questions.R"
"pes_emb_registerhow","","How did you register to vote?","Comment vous êtes-vous enregistré(e) pour pouvoir voter?","","If pes_emb_register = “Yes”, display pes_emb_registerhow.","","codebook","7449514:pes_emb_registerhow","","","","FALSE","drafted from the codebook (7449514) by data-raw/extract_questions.R"
"pes_emb_registerhow_4_TEXT","","How did you register to vote? [Other (please specify)]","Comment vous êtes-vous enregistré(e) pour pouvoir voter? [Autre (Veuillez spécifier)]","","If pes_emb_register = “Yes”, display pes_emb_registerhow.","","codebook","7449514:pes_emb_registerhow","","","","FALSE","drafted from the codebook (7449514) by data-raw/extract_questions.R"
"pes_emb_votehard","","How easy or difficult did you find it to register to vote?","À quel point a-t-il été facile ou difficile de vous enregistrer pour voter?","","If pes_emb_register = “Yes”, display pes_emb_votehard.","","codebook","7449514:pes_emb_votehard","","","","FALSE","drafted from the codebook (7449514) by data-raw/extract_questions.R"
"pes_emb_voteinfo_1","","From which of the following sources did you get information about voting in the provincial election? (Select all that apply) [Quebec Voting Guide received by mail]","De quelles sources avez-vous obtenu de l'information sur comment voter aux élections provinciales? (Sélectionnez toutes les sources qui s'appliquent) [Le guide Voter au Québec envoyé par la poste]","","","","codebook","7449514:pes_emb_voteinfo","","","","FALSE","drafted from the codebook (7449514) by data-raw/extract_questions.R"
"pes_emb_voteinfo_2","","From which of the following sources did you get information about voting in the provincial election? (Select all that apply) [Voter information card received by mail]","De quelles sources avez-vous obtenu de l'information sur comment voter aux élections provinciales? (Sélectionnez toutes les sources qui s'appliquent) [La carte d’information de l’électeur envoyé par la poste]","","","","codebook","7449514:pes_emb_voteinfo","","","","FALSE","drafted from the codebook (7449514) by data-raw/extract_questions.R"
"pes_emb_voteinfo_3","","From which of the following sources did you get information about voting in the provincial election? (Select all that apply) [TV]","De quelles sources avez-vous obtenu de l'information sur comment voter aux élections provinciales? (Sélectionnez toutes les sources qui s'appliquent) [Télévision]","","","","codebook","7449514:pes_emb_voteinfo","","","","FALSE","drafted from the codebook (7449514) by data-raw/extract_questions.R"
"pes_emb_voteinfo_4","","From which of the following sources did you get information about voting in the provincial election? (Select all that apply) [Radio]","De quelles sources avez-vous obtenu de l'information sur comment voter aux élections provinciales? (Sélectionnez toutes les sources qui s'appliquent) [Radio]","","","","codebook","7449514:pes_emb_voteinfo","","","","FALSE","drafted from the codebook (7449514) by data-raw/extract_questions.R"
"pes_emb_voteinfo_5","","From which of the following sources did you get information about voting in the provincial election? (Select all that apply) [Newspaper]","De quelles sources avez-vous obtenu de l'information sur comment voter aux élections provinciales? (Sélectionnez toutes les sources qui s'appliquent) [Journal]","","","","codebook","7449514:pes_emb_voteinfo","","","","FALSE","drafted from the codebook (7449514) by data-raw/extract_questions.R"
"pes_emb_voteinfo_6","","From which of the following sources did you get information about voting in the provincial election? (Select all that apply) [Social media]","De quelles sources avez-vous obtenu de l'information sur comment voter aux élections provinciales? (Sélectionnez toutes les sources qui s'appliquent) [Médias sociaux]","","","","codebook","7449514:pes_emb_voteinfo","","","","FALSE","drafted from the codebook (7449514) by data-raw/extract_questions.R"
"pes_emb_voteinfo_7","","From which of the following sources did you get information about voting in the provincial election? (Select all that apply) [Transit ad]","De quelles sources avez-vous obtenu de l'information sur comment voter aux élections provinciales? (Sélectionnez toutes les sources qui s'appliquent) [Publicité dans les transports en commun]","","","","codebook","7449514:pes_emb_voteinfo","","","","FALSE","drafted from the codebook (7449514) by data-raw/extract_questions.R"
"pes_emb_voteinfo_8","","From which of the following sources did you get information about voting in the provincial election? (Select all that apply) [Family/friends]","De quelles sources avez-vous obtenu de l'information sur comment voter aux élections provinciales? (Sélectionnez toutes les sources qui s'appliquent) [Famille/Amis]","","","","codebook","7449514:pes_emb_voteinfo","","","","FALSE","drafted from the codebook (7449514) by data-raw/extract_questions.R"
"pes_emb_voteinfo_9","","From which of the following sources did you get information about voting in the provincial election? (Select all that apply) [Elections Quebec call centre]","De quelles sources avez-vous obtenu de l'information sur comment voter aux élections provinciales? (Sélectionnez toutes les sources qui s'appliquent) [Centre d’appel d’Élections Québec]","","","","codebook","7449514:pes_emb_voteinfo","","","","FALSE","drafted from the codebook (7449514) by data-raw/extract_questions.R"
"pes_emb_voteinfo_10","","From which of the following sources did you get information about voting in the provincial election? (Select all that apply) [Elections Quebec website]","De quelles sources avez-vous obtenu de l'information sur comment voter aux élections provinciales? (Sélectionnez toutes les sources qui s'appliquent) [Site Internet d'Élections Québec]","","","","codebook","7449514:pes_emb_voteinfo","","","","FALSE","drafted from the codebook (7449514) by data-raw/extract_questions.R"
"pes_emb_voteinfo_11","","From which of the following sources did you get information about voting in the provincial election? (Select all that apply) [Other website]","De quelles sources avez-vous obtenu de l'information sur comment voter aux élections provinciales? (Sélectionnez toutes les sources qui s'appliquent) [Autre site Internet]","","","","codebook","7449514:pes_emb_voteinfo","","","","FALSE","drafted from the codebook (7449514) by data-raw/extract_questions.R"
"pes_emb_voteinfo_12","","From which of the following sources did you get information about voting in the provincial election? (Select all that apply) [Parties/candidates]","De quelles sources avez-vous obtenu de l'information sur comment voter aux élections provinciales? (Sélectionnez toutes les sources qui s'appliquent) [Partis politiques/Candidats]","","","","codebook","7449514:pes_emb_voteinfo","","","","FALSE","drafted from the codebook (7449514) by data-raw/extract_questions.R"
"pes_emb_voteinfo_13","","From which of the following sources did you get information about voting in the provincial election? (Select all that apply) [Elections Quebec office (""District Electoral Office"")]","De quelles sources avez-vous obtenu de l'information sur comment voter aux élections provinciales? (Sélectionnez toutes les sources qui s'appliquent) [Bureau d'Élections Québec (bureau de circonscription électorale)]","","","","codebook","7449514:pes_emb_voteinfo","","","","FALSE","drafted from the codebook (7449514) by data-raw/extract_questions.R"
"pes_emb_voteinfo_14","","From which of the following sources did you get information about voting in the provincial election? (Select all that apply) [Other (please specify)]","De quelles sources avez-vous obtenu de l'information sur comment voter aux élections provinciales? (Sélectionnez toutes les sources qui s'appliquent) [Autre (veuillez spécifier)]","","","","codebook","7449514:pes_emb_voteinfo","","","","FALSE","drafted from the codebook (7449514) by data-raw/extract_questions.R"
"pes_emb_voteinfo_14_TEXT","","From which of the following sources did you get information about voting in the provincial election? (Select all that apply) [Other (please specify)]","De quelles sources avez-vous obtenu de l'information sur comment voter aux élections provinciales? (Sélectionnez toutes les sources qui s'appliquent) [Autre (veuillez spécifier)]","","","","codebook","7449514:pes_emb_voteinfo","","","","FALSE","drafted from the codebook (7449514) by data-raw/extract_questions.R"
"pes_voteoptions_1","","To the best of your knowledge, which voting options were available to all voters in the recent provincial election? (Please select all that apply) [Voting in advance]","À votre connaissance, quelles options de vote étaient offertes à tous les électeurs au cours de la récente élection provinciale (veuillez sélectionner toutes les options qui s'appliquent) [Voter par anticipation]","","","","codebook","7449514:pes_voteoptions","","","","FALSE","drafted from the codebook (7449514) by data-raw/extract_questions.R"
"pes_voteoptions_2","","To the best of your knowledge, which voting options were available to all voters in the recent provincial election? (Please select all that apply) [Voting at your assigned voting place]","À votre connaissance, quelles options de vote étaient offertes à tous les électeurs au cours de la récente élection provinciale (veuillez sélectionner toutes les options qui s'appliquent) [Voter à votre bureau de vote assigné]","","","","codebook","7449514:pes_voteoptions","","","","FALSE","drafted from the codebook (7449514) by data-raw/extract_questions.R"
"pes_voteoptions_3","","To the best of your knowledge, which voting options were available to all voters in the recent provincial election? (Please select all that apply) [Voting at the District Electoral Office]","À votre connaissance, quelles options de vote étaient offertes à tous les électeurs au cours de la récente élection provinciale (veuillez sélectionner toutes les options qui s'appliquent) [Voter au bureau de circonscription]","","","","codebook","7449514:pes_voteoptions","","","","FALSE","drafted from the codebook (7449514) by data-raw/extract_questions.R"
"pes_voteoptions_4","","To the best of your knowledge, which voting options were available to all voters in the recent provincial election? (Please select all that apply) [Voting at any voting place in your district]","À votre connaissance, quelles options de vote étaient offertes à tous les électeurs au cours de la récente élection provinciale (veuillez sélectionner toutes les options qui s'appliquent) [Voter à n’importe quel bureau de vote dans votre circonscription]","","","","codebook","7449514:pes_voteoptions","","","","FALSE","drafted from the codebook (7449514) by data-raw/extract_questions.R"
"pes_voteoptions_5","","To the best of your knowledge, which voting options were available to all voters in the recent provincial election? (Please select all that apply) [Voting at any voting place outside your district]","À votre connaissance, quelles options de vote étaient offertes à tous les électeurs au cours de la récente élection provinciale (veuillez sélectionner toutes les options qui s'appliquent) [Voter à n’importe quel bureau de vote à l’extérieur de votre circonscription]","","","","codebook","7449514:pes_voteoptions","","","","FALSE","drafted from the codebook (7449514) by data-raw/extract_questions.R"
"pes_voteoptions_6","","To the best of your knowledge, which voting options were available to all voters in the recent provincial election? (Please select all that apply) [Voting by mail]","À votre connaissance, quelles options de vote étaient offertes à tous les électeurs au cours de la récente élection provinciale (veuillez sélectionner toutes les options qui s'appliquent) [Voter par la poste]","","","","codebook","7449514:pes_voteoptions","","","","FALSE","drafted from the codebook (7449514) by data-raw/extract_questions.R"
"pes_voteoptions_7","","To the best of your knowledge, which voting options were available to all voters in the recent provincial election? (Please select all that apply) [Voting by telephone]","À votre connaissance, quelles options de vote étaient offertes à tous les électeurs au cours de la récente élection provinciale (veuillez sélectionner toutes les options qui s'appliquent) [Voter par téléphone]","","","","codebook","7449514:pes_voteoptions","","","","FALSE","drafted from the codebook (7449514) by data-raw/extract_questions.R"
"pes_voteoptions_8","","To the best of your knowledge, which voting options were available to all voters in the recent provincial election? (Please select all that apply) [Online voting]","À votre connaissance, quelles options de vote étaient offertes à tous les électeurs au cours de la récente élection provinciale (veuillez sélectionner toutes les options qui s'appliquent) [Voter en ligne]","","","","codebook","7449514:pes_voteoptions","","","","FALSE","drafted from the codebook (7449514) by data-raw/extract_questions.R"
"pes_emb_info_2","","Thinking about the recent Quebec election, how informed did you feel about the following elements of the voting process? [What documentation was required to vote]","En ce qui concerne les dernières élections au Québec, dans quelle mesure vous êtes-vous senti(e) informé(e) concernant les différents éléments du processus électoral ci-dessous: [Quels documents étaient nécessaires pour voter]","","","","codebook","7449514:pes_emb_info","","","","FALSE","drafted from the codebook (7449514) by data-raw/extract_questions.R"
"pes_emb_info_3","","Thinking about the recent Quebec election, how informed did you feel about the following elements of the voting process? [Where to vote on election day]","En ce qui concerne les dernières élections au Québec, dans quelle mesure vous êtes-vous senti(e) informé(e) concernant les différents éléments du processus électoral ci-dessous: [Où voter le jour d'élection]","","","","codebook","7449514:pes_emb_info","","","","FALSE","drafted from the codebook (7449514) by data-raw/extract_questions.R"
"pes_emb_info_5","","Thinking about the recent Quebec election, how informed did you feel about the following elements of the voting process? [How to vote at an advance polling station]","En ce qui concerne les dernières élections au Québec, dans quelle mesure vous êtes-vous senti(e) informé(e) concernant les différents éléments du processus électoral ci-dessous: [Comment voter par anticipation]","","","","codebook","7449514:pes_emb_info","","","","FALSE","drafted from the codebook (7449514) by data-raw/extract_questions.R"
"pes_emb_info_6","","Thinking about the recent Quebec election, how informed did you feel about the following elements of the voting process? [How to request a vote by mail ballot]","En ce qui concerne les dernières élections au Québec, dans quelle mesure vous êtes-vous senti(e) informé(e) concernant les différents éléments du processus électoral ci-dessous: [Comment présenter une demande pour voter par la poste]","","","","codebook","7449514:pes_emb_info","","","","FALSE","drafted from the codebook (7449514) by data-raw/extract_questions.R"
"pes_emb_info_7","","Thinking about the recent Quebec election, how informed did you feel about the following elements of the voting process? [How to return a vote by mail ballot]","En ce qui concerne les dernières élections au Québec, dans quelle mesure vous êtes-vous senti(e) informé(e) concernant les différents éléments du processus électoral ci-dessous: [Comment retourner un bulletin de vote par la poste]","","","","codebook","7449514:pes_emb_info","","","","FALSE","drafted from the codebook (7449514) by data-raw/extract_questions.R"
"pes_emb_infohard","","How easy or difficult was it to find the information you needed to vote?","À quel point a-t-il été facile ou difficile de trouver les informations dont vous aviez besoin pour voter?","","","","codebook","7449514:pes_emb_infohard","","","","FALSE","drafted from the codebook (7449514) by data-raw/extract_questions.R"
"pes_embsatisfy","","Overall, how satisfied were you with your voting experience?","Globalement, dans quelle mesure êtes-vous satisfait(e) de votre expérience de vote.","","","","codebook","7449514:pes_embsatisfy","","","","FALSE","drafted from the codebook (7449514) by data-raw/extract_questions.R"
"pes_identify_1","","How much do you identify with... [Your town or city]","À quel point vous identifiez-vous… [À votre ville]","","","","codebook","7449514:pes_identify","","","","FALSE","drafted from the codebook (7449514) by data-raw/extract_questions.R"
"pes_identify_2","","How much do you identify with... [Quebec]","À quel point vous identifiez-vous… [Au Québec]","","","","codebook","7449514:pes_identify","","","","FALSE","drafted from the codebook (7449514) by data-raw/extract_questions.R"
"pes_identify_3","","How much do you identify with... [Canada]","À quel point vous identifiez-vous… [Au Canada]","","","","codebook","7449514:pes_identify","","","","FALSE","drafted from the codebook (7449514) by data-raw/extract_questions.R"
"pes_provcommon","","I have a lot in common with other Quebeckers.","J'ai beaucoup en commun avec les autres Québécois.","","","","codebook","7449514:pes_provcommon","","","","FALSE","drafted from the codebook (7449514) by data-raw/extract_questions.R"
"pes_provid_fact","","I often think about the fact that I am a Quebecker.","Je pense souvent au fait que je suis Québécois(e).","","","","codebook","7449514:pes_provid_fact","","","","FALSE","drafted from the codebook (7449514) by data-raw/extract_questions.R"
"pes_provid_glad","","In general, I am glad to be a Quebecker.","En général, je suis heureux(se) d'être Québécois(e).","","","","codebook","7449514:pes_provid_glad","","","","FALSE","drafted from the codebook (7449514) by data-raw/extract_questions.R"
"pes_nativism_1","","Some people say that the following things are important for being a true Quebecker. Others say they are not important. How important do you think the following are for being a true Quebecker... [To have been born in Quebec.]","Certaines personnes disent que les critères ci-bas sont importants pour être véritablement Québécois. D’autres disent qu’ils ne le sont pas importants. Selon vous, à quel point ces critères sont-ils importants pour être véritablement Québécois? [Être né(e) au Québec.]","","","","codebook","7449514:pes_nativism","","","","FALSE","drafted from the codebook (7449514) by data-raw/extract_questions.R"
"pes_nativism_2","","Some people say that the following things are important for being a true Quebecker. Others say they are not important. How important do you think the following are for being a true Quebecker... [For your grandparents to have been born in Quebec]","Certaines personnes disent que les critères ci-bas sont importants pour être véritablement Québécois. D’autres disent qu’ils ne le sont pas importants. Selon vous, à quel point ces critères sont-ils importants pour être véritablement Québécois? [Que vos grands-parents soient nés au Québec]","","","","codebook","7449514:pes_nativism","","","","FALSE","drafted from the codebook (7449514) by data-raw/extract_questions.R"
"pes_nativism_3","","Some people say that the following things are important for being a true Quebecker. Others say they are not important. How important do you think the following are for being a true Quebecker... [To be able to speak French.]","Certaines personnes disent que les critères ci-bas sont importants pour être véritablement Québécois. D’autres disent qu’ils ne le sont pas importants. Selon vous, à quel point ces critères sont-ils importants pour être véritablement Québécois? [Être capable de parler le français.]","","","","codebook","7449514:pes_nativism","","","","FALSE","drafted from the codebook (7449514) by data-raw/extract_questions.R"
"pes_nativism_4","","Some people say that the following things are important for being a true Quebecker. Others say they are not important. How important do you think the following are for being a true Quebecker... [To be able to speak English.]","Certaines personnes disent que les critères ci-bas sont importants pour être véritablement Québécois. D’autres disent qu’ils ne le sont pas importants. Selon vous, à quel point ces critères sont-ils importants pour être véritablement Québécois? [D’être capable de parler l’anglais.]","","","","codebook","7449514:pes_nativism","","","","FALSE","drafted from the codebook (7449514) by data-raw/extract_questions.R"
"pes_nativism_5","","Some people say that the following things are important for being a true Quebecker. Others say they are not important. How important do you think the following are for being a true Quebecker... [To follow Quebec's customs and traditions.]","Certaines personnes disent que les critères ci-bas sont importants pour être véritablement Québécois. D’autres disent qu’ils ne le sont pas importants. Selon vous, à quel point ces critères sont-ils importants pour être véritablement Québécois? [Respecter les coutumes et les traditions du Québec]","","","","codebook","7449514:pes_nativism","","","","FALSE","drafted from the codebook (7449514) by data-raw/extract_questions.R"
"pes_nativism_6","","Some people say that the following things are important for being a true Quebecker. Others say they are not important. How important do you think the following are for being a true Quebecker... [To have lived in Quebec.]","Certaines personnes disent que les critères ci-bas sont importants pour être véritablement Québécois. D’autres disent qu’ils ne le sont pas importants. Selon vous, à quel point ces critères sont-ils importants pour être véritablement Québécois? [D’avoir vécu la plus grande partie de sa vie au Québec.]","","","","codebook","7449514:pes_nativism","","","","FALSE","drafted from the codebook (7449514) by data-raw/extract_questions.R"
"pes_nativism_7","","Some people say that the following things are important for being a true Quebecker. Others say they are not important. How important do you think the following are for being a true Quebecker... [To feel Québécois.]","Certaines personnes disent que les critères ci-bas sont importants pour être véritablement Québécois. D’autres disent qu’ils ne le sont pas importants. Selon vous, à quel point ces critères sont-ils importants pour être véritablement Québécois? [De se sentir Québécois]","","","","codebook","7449514:pes_nativism","","","","FALSE","drafted from the codebook (7449514) by data-raw/extract_questions.R"
"pes_nativism_8","","Some people say that the following things are important for being a true Quebecker. Others say they are not important. How important do you think the following are for being a true Quebecker... [To share Quebeckers’ values.]","Certaines personnes disent que les critères ci-bas sont importants pour être véritablement Québécois. D’autres disent qu’ils ne le sont pas importants. Selon vous, à quel point ces critères sont-ils importants pour être véritablement Québécois? [De partager les valeurs des Québécois]","","","","codebook","7449514:pes_nativism","","","","FALSE","drafted from the codebook (7449514) by data-raw/extract_questions.R"
"pes_nativism_9","","Some people say that the following things are important for being a true Quebecker. Others say they are not important. How important do you think the following are for being a true Quebecker... [To respect Quebec's political institutions and laws.]","Certaines personnes disent que les critères ci-bas sont importants pour être véritablement Québécois. D’autres disent qu’ils ne le sont pas importants. Selon vous, à quel point ces critères sont-ils importants pour être véritablement Québécois? [De respecter les institutions politiques et les lois québécoises]","","","","codebook","7449514:pes_nativism","","","","FALSE","drafted from the codebook (7449514) by data-raw/extract_questions.R"
"pes_racism_qc","","Do you think racism exists in Quebec?","Pensez-vous que le racisme existe au Québec?","","","","codebook","7449514:pes_racism_qc","","","","FALSE","drafted from the codebook (7449514) by data-raw/extract_questions.R"
"pes_emb_age","","The voting age for voting in a Quebec election should be lowered from 18 to 16 years old.","L'âge pour voter aux élections québécoises devrait être abaissé de 18 à 16 ans.","","","","codebook","7449514:pes_emb_age","","","","FALSE","drafted from the codebook (7449514) by data-raw/extract_questions.R"
"pes_provlegis_women","","The best way to protect women's interests is to have more women in the Quebec legislature.","Le meilleur moyen de protéger les intérêts des femmes est d'avoir davantage de femmes élues à l’Assemblée Nationale.","","","","codebook","7449514:pes_provlegis_women","","","","FALSE","drafted from the codebook (7449514) by data-raw/extract_questions.R"
"pes_politprob","","Politicians are the main problem in Quebec.","Les politiciens sont le principal problème au Québec.","","","","codebook","7449514:pes_politprob","","","","FALSE","drafted from the codebook (7449514) by data-raw/extract_questions.R"
"pes_bendrules","","Having a strong leader in government is good for Quebec even if the leader bends the rules to get things done.","Avoir un leader fort à la tête du gouvernement est bon pour le Québec, même si ce leader contourne les règles pour faire avancer les choses.","","","","codebook","7449514:pes_bendrules","","","","FALSE","drafted from the codebook (7449514) by data-raw/extract_questions.R"
"pes_peopledecide","","The people, and not politicians, should make our most important policy decisions.","C'est le peuple, et non les politiciens, qui devrait prendre les décisions politiques les plus importantes.","","","","codebook","7449514:pes_peopledecide","","","","FALSE","drafted from the codebook (7449514) by data-raw/extract_questions.R"
"pes_richinterests","","Most politicians care only about the interests of the rich and powerful.","La plupart des politiciens se soucient uniquement des intérêts des gens riches et puissants.","","","","codebook","7449514:pes_richinterests","","","","FALSE","drafted from the codebook (7449514) by data-raw/extract_questions.R"
"pes_minoritiesadapt","","Minorities should adapt to the customs and traditions of Quebec.","Les minorités devraient s’adapter aux coutumes et traditions du Québec.","","","","codebook","7449514:pes_minoritiesadapt","","","","FALSE","drafted from the codebook (7449514) by data-raw/extract_questions.R"
"pes_willmajority","","The will of the majority should always prevail, even over the rights of minorities.","La volonté de la majorité devrait toujours l’emporter, même aux dépens des droits des minorités.","","","","codebook","7449514:pes_willmajority","","","","FALSE","drafted from the codebook (7449514) by data-raw/extract_questions.R"
"pes_immecon","","Immigrants are generally good for Quebec's economy.","Les immigrants sont généralement bénéfiques pour l'économie du Québec.","","","","codebook","7449514:pes_immecon","","","","FALSE","drafted from the codebook (7449514) by data-raw/extract_questions.R"
"pes_cultureharm","","Quebec's culture is generally harmed by immigrants.","La culture québécoise est généralement mise à mal par les immigrants.","","","","codebook","7449514:pes_cultureharm","","","","FALSE","drafted from the codebook (7449514) by data-raw/extract_questions.R"
"pes_immigrantcrime","","Immigrants increase crime rates in Quebec.","Les immigrants augmentent le taux de criminalité au Québec.","","","","codebook","7449514:pes_immigrantcrime","","","","FALSE","drafted from the codebook (7449514) by data-raw/extract_questions.R"
"pes_reducegap","","How much do you think should be done to reduce the gap between the rich and the poor in Quebec?","Combien devrait-on en faire pour réduire l’écart entre les riches et les pauvres au Québec?","","","","codebook","7449514:pes_reducegap","","","","FALSE","drafted from the codebook (7449514) by data-raw/extract_questions.R"
"pes_dominorities","","How much do you think should be done for racial minorities in Quebec?","Selon vous, combien devrait être fait pour les minorités raciales au Québec?","","","","codebook","7449514:pes_dominorities","","","","FALSE","drafted from the codebook (7449514) by data-raw/extract_questions.R"
"pes_doindigenous","","How much do you think should be done for Indigenous Peoples in Quebec?","Selon vous, combien devrait être fait pour les Peuples autochtones au Québec?","","","","codebook","7449514:pes_doindigenous","","","","FALSE","drafted from the codebook (7449514) by data-raw/extract_questions.R"
"pes_dowomen","","How much do you think should be done for women in Quebec?","Selon vous, combien devrait être fait pour les femmes au Québec?","","","","codebook","7449514:pes_dowomen","","","","FALSE","drafted from the codebook (7449514) by data-raw/extract_questions.R"
"pes_dogays","","How much do you think should be done for lesbians and gay men in Quebec?","Selon vous, combien devrait être fait pour les personnes lesbiennes et gaies au Québec?","","","","codebook","7449514:pes_dogays","","","","FALSE","drafted from the codebook (7449514) by data-raw/extract_questions.R"
"pes_dolangmin","","How much do you think should be done for Anglophones in Quebec?","Selon vous, combien devrait-on en faire pour les anglophones au Québec?","","","","codebook","7449514:pes_dolangmin","","","","FALSE","drafted from the codebook (7449514) by data-raw/extract_questions.R"
"pes_resent1","","Indigenous Peoples are getting too demanding in their push for land rights.","Les demandes des Peuples autochtones en matière de droits territoriaux sont exagérées.","","","","codebook","7449514:pes_resent1","","","","FALSE","drafted from the codebook (7449514) by data-raw/extract_questions.R"
"pes_resent2","","Indigenous Peoples get unfair tax breaks.","Les Peuples autochtones bénéficient d'allègements fiscaux injustes.","","","","codebook","7449514:pes_resent2","","","","FALSE","drafted from the codebook (7449514) by data-raw/extract_questions.R"
"pes_resent3","","Irish, Jewish, Chinese, and many other minorities overcame prejudice and worked their way up. Indigenous Peoples should do the same without any special favours.","Les Irlandais, les Juifs, les Chinois et de nombreuses autres minorités ont surmonté les préjugés et ont gravi les échelons. Les Peuples autochtones devraient faire de même sans bénéficier de faveurs particulières.","","","","codebook","7449514:pes_resent3","","","","FALSE","drafted from the codebook (7449514) by data-raw/extract_questions.R"
"pes_resent4","","More must be done to protect Indigenous languages.","Il faut en faire davantage pour protéger les langues autochtones.","","","","codebook","7449514:pes_resent4","","","","FALSE","drafted from the codebook (7449514) by data-raw/extract_questions.R"
"pes_groupdiscrim_1","","How much discrimination is there in Quebec against each of the following groups? [Indigenous Peoples]","Au Québec, à quel point les groupes suivants sont-ils discriminés? [Les Peuples autochtones]","","","","codebook","7449514:pes_groupdiscrim","","","","FALSE","drafted from the codebook (7449514) by data-raw/extract_questions.R"
"pes_groupdiscrim_2","","How much discrimination is there in Quebec against each of the following groups? [Black people or people of colour]","Au Québec, à quel point les groupes suivants sont-ils discriminés? [Les personnes noires ou racisées]","","","","codebook","7449514:pes_groupdiscrim","","","","FALSE","drafted from the codebook (7449514) by data-raw/extract_questions.R"
"pes_groupdiscrim_3","","How much discrimination is there in Quebec against each of the following groups? [Immigrants]","Au Québec, à quel point les groupes suivants sont-ils discriminés? [Les immigrants]","","","","codebook","7449514:pes_groupdiscrim","","","","FALSE","drafted from the codebook (7449514) by data-raw/extract_questions.R"
"pes_groupdiscrim_4","","How much discrimination is there in Quebec against each of the following groups? [Women]","Au Québec, à quel point les groupes suivants sont-ils discriminés? [Les femmes]","","","","codebook","7449514:pes_groupdiscrim","","","","FALSE","drafted from the codebook (7449514) by data-raw/extract_questions.R"
"pes_groupdiscrim_5","","How much discrimination is there in Quebec against each of the following groups? [Men]","Au Québec, à quel point les groupes suivants sont-ils discriminés? [Les hommes]","","","","codebook","7449514:pes_groupdiscrim","","","","FALSE","drafted from the codebook (7449514) by data-raw/extract_questions.R"
"pes_groupdiscrim_6","","How much discrimination is there in Quebec against each of the following groups? [Lesbians and gay men]","Au Québec, à quel point les groupes suivants sont-ils discriminés? [Personnes lesbiennes et gaies]","","","","codebook","7449514:pes_groupdiscrim","","","","FALSE","drafted from the codebook (7449514) by data-raw/extract_questions.R"
"pes_groupdiscrim_7","","How much discrimination is there in Quebec against each of the following groups? [Transgender people]","Au Québec, à quel point les groupes suivants sont-ils discriminés? [Les personnes trans]","","","","codebook","7449514:pes_groupdiscrim","","","","FALSE","drafted from the codebook (7449514) by data-raw/extract_questions.R"
"pes_fedpower","","Which do you prefer:","Lequel préférez-vous:","","","","codebook","7449514:pes_fedpower","","","","FALSE","drafted from the codebook (7449514) by data-raw/extract_questions.R"
"pes_privjobs","","The government should leave it entirely to the private sector to create jobs.","Le gouvernement devrait laisser au secteur privé l'entière responsabilité de créer des emplois.","","","","codebook","7449514:pes_privjobs","","","","FALSE","drafted from the codebook (7449514) by data-raw/extract_questions.R"
"pes_fallingbehind","","People like me are falling behind in Quebec's society.","Les gens comme moi sont laissés pour compte dans la société québécoise.","","","","codebook","7449514:pes_fallingbehind","","","","FALSE","drafted from the codebook (7449514) by data-raw/extract_questions.R"
"pes_othersahead","","It is easier for other people to get ahead these days.","Il est plus facile pour les autres d’améliorer leur sort ces jours-ci.","","","","codebook","7449514:pes_othersahead","","","","FALSE","drafted from the codebook (7449514) by data-raw/extract_questions.R"
"pes_zerosum","","When one group of people get ahead in society it means that other groups fall behind.","Lorsqu’un groupe prend de l'avance dans la société, cela signifie que les autres groupes en perdent.","","","","codebook","7449514:pes_zerosum","","","","FALSE","drafted from the codebook (7449514) by data-raw/extract_questions.R"
"pes_stdofliving","","Government should see to it that everyone has a decent standard of living.","Le gouvernement devrait s’assurer que chaque personne a un niveau de vie décent.","","","","codebook","7449514:pes_stdofliving","","","","FALSE","drafted from the codebook (7449514) by data-raw/extract_questions.R"
"pes_provspend","","How appropriate do you think it is for the Quebec government to spend more than its income in any given year?","Dans quelle mesure est-il approprié pour le gouvernement du Québec de dépenser plus que ses revenus dans une année donnée?","","","","codebook","7449514:pes_provspend","","","","FALSE","drafted from the codebook (7449514) by data-raw/extract_questions.R"
"pes_qc_priorities2","","Consider the following list of policy priorities. If the provincial government could allocate money to just one of these areas, which one do you think it should choose?","Considérez la liste suivante de priorités politiques. Si le gouvernement provincial pouvait allouer de l'argent à un seul de ces domaines, lequel pensez-vous qu'il devrait choisir ?","","","","codebook","7449514:pes_qc_priorities2","","","","FALSE","drafted from the codebook (7449514) by data-raw/extract_questions.R"
"pes_qc_priorities2_8_TEXT","","Consider the following list of policy priorities. If the provincial government could allocate money to just one of these areas, which one do you think it should choose? [Other]","Considérez la liste suivante de priorités politiques. Si le gouvernement provincial pouvait allouer de l'argent à un seul de ces domaines, lequel pensez-vous qu'il devrait choisir ? [Autre]","","","","codebook","7449514:pes_qc_priorities2","","","","FALSE","drafted from the codebook (7449514) by data-raw/extract_questions.R"
"pes_q23","","Did you vote in the 1995 referendum on Quebec’s sovereignty?","Avez-vous voté lors du référendum de 1995 sur la souveraineté du Québec?","","","","codebook","7449514:pes_q23","","","","FALSE","drafted from the codebook (7449514) by data-raw/extract_questions.R"
"pes_q24","","For which option did you vote?","Pour quelle option aviez-vous voté?","","If pes_q23 = “Yes”, display pes_q24","","codebook","7449514:pes_q24","","","","FALSE","drafted from the codebook (7449514) by data-raw/extract_questions.R"
"pes_discussfriends","","How often do you discuss politics with family and friends?","À quelle fréquence discutez-vous de politique avec votre famille et vos amis?","","","","codebook","7449514:pes_discussfriends","","","","FALSE","drafted from the codebook (7449514) by data-raw/extract_questions.R"
"pes_network","","Thinking about people who are NOT family members or relatives, how many close friends do you have?","En considérant uniquement les gens qui ne font PAS partie de votre famille immédiate ou élargie, combien d'amis proches avez-vous?","","","","codebook","7449514:pes_network","","","","FALSE","drafted from the codebook (7449514) by data-raw/extract_questions.R"
"pes_friendsethnic","","How many of your close friends belong to a visibly different ethnicity than you?","Parmi vos amis proches, combien d'entre eux ont une ethnicité visiblement différente de la vôtre?","","If pes_network != “None” and pes_network = “1” or “2-5” or “More than 5”, display pes_friendsethnic.","","codebook","7449514:pes_friendsethnic","","","","FALSE","drafted from the codebook (7449514) by data-raw/extract_questions.R"
"pes_disagreefriends","","How many of your close friends tend to disagree with you about politics?","Combien de vos amis proches ont tendance à être en désaccord avec vous sur la politique?","","If pes_network != “None” and pes_network= “1” or “2-5” or “More than 5”, display pes_disagreefriends.","","codebook","7449514:pes_disagreefriends","","","","FALSE","drafted from the codebook (7449514) by data-raw/extract_questions.R"
"pes_gettogether","","In an average month, how often do you get together in person or online with your close friends?","Au cours d'un mois typique, à quelle fréquence vous rassemblez-vous en personne ou en ligne avec des amis proches?","","If pes_network != “None”, display, pes_gettogether","","codebook","7449514:pes_gettogether","","","","FALSE","drafted from the codebook (7449514) by data-raw/extract_questions.R"
"pes_trust","","Generally speaking would you say that most people can be trusted, or that you need to be very careful when dealing with people?","En général, diriez-vous qu'on peut faire confiance à la plupart des gens, ou qu'on doit être très prudent dans nos relations avec les autres?","","","","codebook","7449514:pes_trust","","","","FALSE","drafted from the codebook (7449514) by data-raw/extract_questions.R"
"pes_participation1_1","","Here are some things people can do to participate in politics. Please indicate how many times you've done these things over the past 12 months. [Attended a political meeting or speech]","Voici certaines choses que les gens peuvent faire pour participer à la vie politique. Veuillez indiquer combien de fois vous avez fait ces choses au cours des 12 derniers mois. [Participé à une réunion ou un discours politique]","","","","codebook","7449514:pes_participation1","","","","FALSE","drafted from the codebook (7449514) by data-raw/extract_questions.R"
"pes_participation1_2","","Here are some things people can do to participate in politics. Please indicate how many times you've done these things over the past 12 months. [Attended a rally or participated in a protest or demonstration]","Voici certaines choses que les gens peuvent faire pour participer à la vie politique. Veuillez indiquer combien de fois vous avez fait ces choses au cours des 12 derniers mois. [Participé à une marche, un rassemblement ou une manifestation]","","","","codebook","7449514:pes_participation1","","","","FALSE","drafted from the codebook (7449514) by data-raw/extract_questions.R"
"pes_participation1_3","","Here are some things people can do to participate in politics. Please indicate how many times you've done these things over the past 12 months. [Boycotted or bought products for ethical, environmental, or political reasons]","Voici certaines choses que les gens peuvent faire pour participer à la vie politique. Veuillez indiquer combien de fois vous avez fait ces choses au cours des 12 derniers mois. [Acheté des produits pour des raisons politique, éthiques ou environnementales]","","","","codebook","7449514:pes_participation1","","","","FALSE","drafted from the codebook (7449514) by data-raw/extract_questions.R"
"pes_participation2_1","","Here are some things people can do to participate in politics. Please indicate how many times you've done these things over the past 12 months. [Followed any elected officials or candidates for office on social media]","Voici certaines choses que les gens peuvent faire pour participer à la vie politique. Veuillez indiquer combien de fois vous avez fait ces choses au cours des 12 derniers mois. [Suivi un élu ou un candidat sur les médias sociaux]","","","","codebook","7449514:pes_participation2","","","","FALSE","drafted from the codebook (7449514) by data-raw/extract_questions.R"
"pes_participation2_2","","Here are some things people can do to participate in politics. Please indicate how many times you've done these things over the past 12 months. [Volunteered for a political party or candidate]","Voici certaines choses que les gens peuvent faire pour participer à la vie politique. Veuillez indiquer combien de fois vous avez fait ces choses au cours des 12 derniers mois. [Fait du bénévolat pour un parti ou un candidat politique]","","","","codebook","7449514:pes_participation2","","","","FALSE","drafted from the codebook (7449514) by data-raw/extract_questions.R"
"pes_participation2_3","","Here are some things people can do to participate in politics. Please indicate how many times you've done these things over the past 12 months. [Contacted an elected representative (federal, provincial or local/municipal)]","Voici certaines choses que les gens peuvent faire pour participer à la vie politique. Veuillez indiquer combien de fois vous avez fait ces choses au cours des 12 derniers mois. [Contacté un représentant politique (fédéral, provincial ou local/municipal)]","","","","codebook","7449514:pes_participation2","","","","FALSE","drafted from the codebook (7449514) by data-raw/extract_questions.R"
"pes_participation2_4","","Here are some things people can do to participate in politics. Please indicate how many times you've done these things over the past 12 months. [Donated money to a political candidate or party]","Voici certaines choses que les gens peuvent faire pour participer à la vie politique. Veuillez indiquer combien de fois vous avez fait ces choses au cours des 12 derniers mois. [Fait un don à un candidat ou un parti politique]","","","","codebook","7449514:pes_participation2","","","","FALSE","drafted from the codebook (7449514) by data-raw/extract_questions.R"
"pes_participation3_1","","Here are some things people can do to participate in politics. Please indicate how many times you've done these things over the past 12 months. [Been active in a group or organization (e.g. local organization, church, art or hobby group, women’s group)]","Voici certaines choses que les gens peuvent faire pour participer à la vie politique. Veuillez indiquer combien de fois vous avez fait ces choses au cours des 12 derniers mois. [Été actif dans un groupe ou une autre organisation (par exemple, une organisation locale, une église, un groupe artistique ou de loisir, un groupe de femmes)]","","","","codebook","7449514:pes_participation3","","","","FALSE","drafted from the codebook (7449514) by data-raw/extract_questions.R"
"pes_participation3_2","","Here are some things people can do to participate in politics. Please indicate how many times you've done these things over the past 12 months. [Donated money to a charitable cause]","Voici certaines choses que les gens peuvent faire pour participer à la vie politique. Veuillez indiquer combien de fois vous avez fait ces choses au cours des 12 derniers mois. [Fait un don à une oeuvre caritative]","","","","codebook","7449514:pes_participation3","","","","FALSE","drafted from the codebook (7449514) by data-raw/extract_questions.R"
"pes_participation3_3","","Here are some things people can do to participate in politics. Please indicate how many times you've done these things over the past 12 months. [Circulated, (re)posted or commented on political information, news or content online or offline]","Voici certaines choses que les gens peuvent faire pour participer à la vie politique. Veuillez indiquer combien de fois vous avez fait ces choses au cours des 12 derniers mois. [Fait circuler, partagé ou commenté de l'information, des nouvelles ou du contenu politique en ligne ou hors ligne]","","","","codebook","7449514:pes_participation3","","","","FALSE","drafted from the codebook (7449514) by data-raw/extract_questions.R"
"pes_participation3_4","","Here are some things people can do to participate in politics. Please indicate how many times you've done these things over the past 12 months. [Used social media to discuss politics or political issues]","Voici certaines choses que les gens peuvent faire pour participer à la vie politique. Veuillez indiquer combien de fois vous avez fait ces choses au cours des 12 derniers mois. [Utilisé les médias sociaux afin de discuter de politique ou d'enjeux politiques]","","","","codebook","7449514:pes_participation3","","","","FALSE","drafted from the codebook (7449514) by data-raw/extract_questions.R"
"pes_participation3_5","","Here are some things people can do to participate in politics. Please indicate how many times you've done these things over the past 12 months. [Signed a petition in person or online]","Voici certaines choses que les gens peuvent faire pour participer à la vie politique. Veuillez indiquer combien de fois vous avez fait ces choses au cours des 12 derniers mois. [Signé une pétition en ligne ou en personne]","","","","codebook","7449514:pes_participation3","","","","FALSE","drafted from the codebook (7449514) by data-raw/extract_questions.R"
"pes_participation3_6","","Here are some things people can do to participate in politics. Please indicate how many times you've done these things over the past 12 months. [Volunteered for a group or organization like a school, a religious organization, or sports or community associations]","Voici certaines choses que les gens peuvent faire pour participer à la vie politique. Veuillez indiquer combien de fois vous avez fait ces choses au cours des 12 derniers mois. [Fait du bénévolat pour une organisation, par exemple une école, une organisation religieuse, ou une association sportive ou communautaire]","","","","codebook","7449514:pes_participation3","","","","FALSE","drafted from the codebook (7449514) by data-raw/extract_questions.R"
"pes_votemail","","Have you voted by mail in any previous election (municipal, provincial or federal)?","Avez-vous déjà voté par la poste lors d'une élection précédente (municipale, provinciale ou fédérale)?","","","","codebook","7449514:pes_votemail","","","","FALSE","drafted from the codebook (7449514) by data-raw/extract_questions.R"
"pes_partymember","","Have you ever been a member of a municipal, provincial or federal political party?","Avez-vous déjà été membre d'un parti politique provincial ou fédéral?","","","","codebook","7449514:pes_partymember","","","","FALSE","drafted from the codebook (7449514) by data-raw/extract_questions.R"
"pes_feminine_1","","How much do you identify as feminine on a scale from 0 to 100, where 0 means not at all feminine and 100 means very feminine.","À quel point vous identifiez-vous comme féminine sur une échelle de 0 à 100, où 0 signifie que vous n'êtes pas du tout féminine et 100 que vous êtes très féminine.","","","","codebook","7449514:pes_feminine_1","","","","FALSE","drafted from the codebook (7449514) by data-raw/extract_questions.R"
"pes_masculine_1","","How much do you identify as masculine on a scale from 0 to 100, where 0 means not at all masculine and 100 means very masculine.","À quel point vous identifiez-vous comme masculin sur une échelle de 0 à 100, où 0 signifie que vous n'êtes pas du tout masculin et 100 que vous êtes très masculin.","","","","codebook","7449514:pes_masculine_1","","","","FALSE","drafted from the codebook (7449514) by data-raw/extract_questions.R"
"pes_langhome_2","","Which language(s) do you usually speak at home? [French]","Quelle est la langue (ou les langues) que vous parlez normalement à la maison? [Français]","","","","codebook","7449514:pes_langhome","","","","FALSE","drafted from the codebook (7449514) by data-raw/extract_questions.R"
"pes_langhome_1","","Which language(s) do you usually speak at home? [English]","Quelle est la langue (ou les langues) que vous parlez normalement à la maison? [Anglais]","","","","codebook","7449514:pes_langhome","","","","FALSE","drafted from the codebook (7449514) by data-raw/extract_questions.R"
"pes_langhome_3","","Which language(s) do you usually speak at home? [Indigenous language(s) (please specify)]","Quelle est la langue (ou les langues) que vous parlez normalement à la maison? [Langue autochtone (veuillez préciser)]","","","","codebook","7449514:pes_langhome","","","","FALSE","drafted from the codebook (7449514) by data-raw/extract_questions.R"
"pes_langhome_4","","Which language(s) do you usually speak at home? [Arabic]","Quelle est la langue (ou les langues) que vous parlez normalement à la maison? [Arabe]","","","","codebook","7449514:pes_langhome","","","","FALSE","drafted from the codebook (7449514) by data-raw/extract_questions.R"
"pes_langhome_5","","Which language(s) do you usually speak at home? [Chinese, Cantonese, Mandarin]","Quelle est la langue (ou les langues) que vous parlez normalement à la maison? [Chinois, cantonais, mandarin]","","","","codebook","7449514:pes_langhome","","","","FALSE","drafted from the codebook (7449514) by data-raw/extract_questions.R"
"pes_langhome_6","","Which language(s) do you usually speak at home? [Filipino / Tagalog]","Quelle est la langue (ou les langues) que vous parlez normalement à la maison? [Philippin / tagalog]","","","","codebook","7449514:pes_langhome","","","","FALSE","drafted from the codebook (7449514) by data-raw/extract_questions.R"
"pes_langhome_7","","Which language(s) do you usually speak at home? [German]","Quelle est la langue (ou les langues) que vous parlez normalement à la maison? [Allemand]","","","","codebook","7449514:pes_langhome","","","","FALSE","drafted from the codebook (7449514) by data-raw/extract_questions.R"
"pes_langhome_8","","Which language(s) do you usually speak at home? [Indian, Hindi, Gujarati]","Quelle est la langue (ou les langues) que vous parlez normalement à la maison? [Indien, Hindi, Gujarati]","","","","codebook","7449514:pes_langhome","","","","FALSE","drafted from the codebook (7449514) by data-raw/extract_questions.R"
"pes_langhome_9","","Which language(s) do you usually speak at home? [Italian]","Quelle est la langue (ou les langues) que vous parlez normalement à la maison? [Italien]","","","","codebook","7449514:pes_langhome","","","","FALSE","drafted from the codebook (7449514) by data-raw/extract_questions.R"
"pes_langhome_10","","Which language(s) do you usually speak at home? [Korean]","Quelle est la langue (ou les langues) que vous parlez normalement à la maison? [Coréen]","","","","codebook","7449514:pes_langhome","","","","FALSE","drafted from the codebook (7449514) by data-raw/extract_questions.R"
"pes_langhome_11","","Which language(s) do you usually speak at home? [Pakistani, Punjabi, Urdu]","Quelle est la langue (ou les langues) que vous parlez normalement à la maison? [Pakistanais, Pendjabi, Ourdou]","","","","codebook","7449514:pes_langhome","","","","FALSE","drafted from the codebook (7449514) by data-raw/extract_questions.R"
"pes_langhome_12","","Which language(s) do you usually speak at home? [Persian, Farsi]","Quelle est la langue (ou les langues) que vous parlez normalement à la maison? [Persan, farsi]","","","","codebook","7449514:pes_langhome","","","","FALSE","drafted from the codebook (7449514) by data-raw/extract_questions.R"
"pes_langhome_13","","Which language(s) do you usually speak at home? [Russian]","Quelle est la langue (ou les langues) que vous parlez normalement à la maison? [Russe]","","","","codebook","7449514:pes_langhome","","","","FALSE","drafted from the codebook (7449514) by data-raw/extract_questions.R"
"pes_langhome_14","","Which language(s) do you usually speak at home? [Spanish]","Quelle est la langue (ou les langues) que vous parlez normalement à la maison? [Espagnol]","","","","codebook","7449514:pes_langhome","","","","FALSE","drafted from the codebook (7449514) by data-raw/extract_questions.R"
"pes_langhome_15","","Which language(s) do you usually speak at home? [Tamil]","Quelle est la langue (ou les langues) que vous parlez normalement à la maison? [Tamil]","","","","codebook","7449514:pes_langhome","","","","FALSE","drafted from the codebook (7449514) by data-raw/extract_questions.R"
"pes_langhome_16","","Which language(s) do you usually speak at home? [Vietnamese]","Quelle est la langue (ou les langues) que vous parlez normalement à la maison? [Vietnamien]","","","","codebook","7449514:pes_langhome","","","","FALSE","drafted from the codebook (7449514) by data-raw/extract_questions.R"
"pes_langhome_17","","Which language(s) do you usually speak at home? [Other (please specify)]","Quelle est la langue (ou les langues) que vous parlez normalement à la maison? [Autre (veuillez spécifier)]","","","","codebook","7449514:pes_langhome","","","","FALSE","drafted from the codebook (7449514) by data-raw/extract_questions.R"
"pes_langhome_3_TEXT","","Which language(s) do you usually speak at home? [Indigenous language(s) (please specify)]","Quelle est la langue (ou les langues) que vous parlez normalement à la maison? [Langue autochtone (veuillez préciser)]","","","","codebook","7449514:pes_langhome","","","","FALSE","drafted from the codebook (7449514) by data-raw/extract_questions.R"
"pes_langhome_17_TEXT","","Which language(s) do you usually speak at home? [Other (please specify)]","Quelle est la langue (ou les langues) que vous parlez normalement à la maison? [Autre (veuillez spécifier)]","","","","codebook","7449514:pes_langhome","","","","FALSE","drafted from the codebook (7449514) by data-raw/extract_questions.R"
"pes_employed","","What is your employment status? Are you currently…","Quel est votre statut d'emploi actuel?","","","","codebook","7449514:pes_employed","","","","FALSE","drafted from the codebook (7449514) by data-raw/extract_questions.R"
"pes_employed_12_TEXT","","What is your employment status? Are you currently… [Other (please specify)]","Quel est votre statut d'emploi actuel? [Autre (veuillez spécifier)]","","","","codebook","7449514:pes_employed","","","","FALSE","drafted from the codebook (7449514) by data-raw/extract_questions.R"
"pes_work","","Do you work in the private sector, public sector, or non-profit sector?","Travaillez-vous dans le secteur privé, le secteur public, ou le secteur à but non lucratif?","","If pes_employed = “Working for pay full-time” or “Working for pay part-time” or “Self employed (with or without employees” or “Student and working for pay” or “Caring for family and working for pay” or “Retired and working for pay”, display pes_work.","","codebook","7449514:pes_work","","","","FALSE","drafted from the codebook (7449514) by data-raw/extract_questions.R"
"pes_union","","Do you belong to a union?","Appartenez-vous à un syndicat?","","","","codebook","7449514:pes_union","","","","FALSE","drafted from the codebook (7449514) by data-raw/extract_questions.R"
"pes_covid_employ","","Has your employment situation changed since the beginning of the pandemic (March 2020)?","Votre situation d’emploi a-t-elle changé depuis le début de la pandémie (mars 2020)?","","","","codebook","7449514:pes_covid_employ","","","","FALSE","drafted from the codebook (7449514) by data-raw/extract_questions.R"
"pes_covid_employ2_1","","How has your employment situation changed? Please check all that apply [I permanently lost my job]","Comment votre situation d’emploi a-t-elle changée? Veuillez cocher tous les énoncés qui s’appliquent [J’ai perdu mon emploi de façon permanente]","","If pes_covid_employ = “Yes”, display pes_covid_employ2.","","codebook","7449514:pes_covid_employ2","","","","FALSE","drafted from the codebook (7449514) by data-raw/extract_questions.R"
"pes_covid_employ2_2","","How has your employment situation changed? Please check all that apply [I temporarily lost my job]","Comment votre situation d’emploi a-t-elle changée? Veuillez cocher tous les énoncés qui s’appliquent [J’ai perdu mon emploi de façon temporaire]","","If pes_covid_employ = “Yes”, display pes_covid_employ2.","","codebook","7449514:pes_covid_employ2","","","","FALSE","drafted from the codebook (7449514) by data-raw/extract_questions.R"
"pes_covid_employ2_3","","How has your employment situation changed? Please check all that apply [I am still employed but my work hours and/or income have been reduced]","Comment votre situation d’emploi a-t-elle changée? Veuillez cocher tous les énoncés qui s’appliquent [J’ai toujours un emploi, mais mes heures de travail et/ou mon revenu ont diminués]","","If pes_covid_employ = “Yes”, display pes_covid_employ2.","","codebook","7449514:pes_covid_employ2","","","","FALSE","drafted from the codebook (7449514) by data-raw/extract_questions.R"
"pes_covid_employ2_4","","How has your employment situation changed? Please check all that apply [I switched jobs or employers]","Comment votre situation d’emploi a-t-elle changée? Veuillez cocher tous les énoncés qui s’appliquent [J’ai changé d’emploi ou d’employeur]","","If pes_covid_employ = “Yes”, display pes_covid_employ2.","","codebook","7449514:pes_covid_employ2","","","","FALSE","drafted from the codebook (7449514) by data-raw/extract_questions.R"
"pes_covid_employ2_5","","How has your employment situation changed? Please check all that apply [Other (please specify)]","Comment votre situation d’emploi a-t-elle changée? Veuillez cocher tous les énoncés qui s’appliquent [Autre (veuillez préciser)]","","If pes_covid_employ = “Yes”, display pes_covid_employ2.","","codebook","7449514:pes_covid_employ2","","","","FALSE","drafted from the codebook (7449514) by data-raw/extract_questions.R"
"pes_covid_employ2_5_TEXT","","How has your employment situation changed? Please check all that apply [Other (please specify)]","Comment votre situation d’emploi a-t-elle changée? Veuillez cocher tous les énoncés qui s’appliquent [Autre (veuillez préciser)]","","If pes_covid_employ = “Yes”, display pes_covid_employ2.","","codebook","7449514:pes_covid_employ2","","","","FALSE","drafted from the codebook (7449514) by data-raw/extract_questions.R"
"pes_covidwork","","In general, which of the following best describes your role throughout most of the period since the pandemic was declared in March 2020?","En général, lequel de ces énoncés décrit le mieux votre rôle depuis que la pandémie a été déclarée en mars 2020?","","","","codebook","7449514:pes_covidwork","","","","FALSE","drafted from the codebook (7449514) by data-raw/extract_questions.R"
"pes_covidincome","","Which of the following best describes the impact of the pandemic on your household finances?","Lequel des énoncés suivants décrit le mieux l’impact qu’a eu la pandémie sur les finances de votre ménage?","","","","codebook","7449514:pes_covidincome","","","","FALSE","drafted from the codebook (7449514) by data-raw/extract_questions.R"
"pes_own_1","","Do you or a member of your household own a residence (for example, a home or an apartment), own a business (for example, a piece of property, a farm, or livestock), have stocks or bonds, or have savings? Please check all that apply. [Own a residence]","Est-ce que vous ou un membre de votre ménage possédez une résidence (par exemple, une maison ou un appartement), une entreprise (par exemple, une propriété, une ferme ou un élevage), avez des actions ou des obligations, ou des économies? Veuillez sélectionner toutes les options qui s'appliquent. [Possède une résidence]","","","","codebook","7449514:pes_own","","","","FALSE","drafted from the codebook (7449514) by data-raw/extract_questions.R"
"pes_own_2","","Do you or a member of your household own a residence (for example, a home or an apartment), own a business (for example, a piece of property, a farm, or livestock), have stocks or bonds, or have savings? Please check all that apply. [Own a business, a piece of property, a farm or livestock]","Est-ce que vous ou un membre de votre ménage possédez une résidence (par exemple, une maison ou un appartement), une entreprise (par exemple, une propriété, une ferme ou un élevage), avez des actions ou des obligations, ou des économies? Veuillez sélectionner toutes les options qui s'appliquent. [Possède une entreprise, une propriété, une ferme ou un élevage]","","","","codebook","7449514:pes_own","","","","FALSE","drafted from the codebook (7449514) by data-raw/extract_questions.R"
"pes_own_3","","Do you or a member of your household own a residence (for example, a home or an apartment), own a business (for example, a piece of property, a farm, or livestock), have stocks or bonds, or have savings? Please check all that apply. [Own stocks or bonds]","Est-ce que vous ou un membre de votre ménage possédez une résidence (par exemple, une maison ou un appartement), une entreprise (par exemple, une propriété, une ferme ou un élevage), avez des actions ou des obligations, ou des économies? Veuillez sélectionner toutes les options qui s'appliquent. [Possède des actions ou des obligations]","","","","codebook","7449514:pes_own","","","","FALSE","drafted from the codebook (7449514) by data-raw/extract_questions.R"
"pes_own_4","","Do you or a member of your household own a residence (for example, a home or an apartment), own a business (for example, a piece of property, a farm, or livestock), have stocks or bonds, or have savings? Please check all that apply. [Have any savings]","Est-ce que vous ou un membre de votre ménage possédez une résidence (par exemple, une maison ou un appartement), une entreprise (par exemple, une propriété, une ferme ou un élevage), avez des actions ou des obligations, ou des économies? Veuillez sélectionner toutes les options qui s'appliquent. [Possède des économies]","","","","codebook","7449514:pes_own","","","","FALSE","drafted from the codebook (7449514) by data-raw/extract_questions.R"
"pes_own_5","","Do you or a member of your household own a residence (for example, a home or an apartment), own a business (for example, a piece of property, a farm, or livestock), have stocks or bonds, or have savings? Please check all that apply. [None of these]","Est-ce que vous ou un membre de votre ménage possédez une résidence (par exemple, une maison ou un appartement), une entreprise (par exemple, une propriété, une ferme ou un élevage), avez des actions ou des obligations, ou des économies? Veuillez sélectionner toutes les options qui s'appliquent. [Aucun]","","","","codebook","7449514:pes_own","","","","FALSE","drafted from the codebook (7449514) by data-raw/extract_questions.R"
"pes_married","","Are you presently married, living with a partner, divorced, separated, widowed, or have you never been married?","Êtes-vous présentement marié(e), vivant avec un(e) conjoint(e), divorcé(e), séparé(e), veuf (veuve), ou n'avez-vous jamais été marié(e)?","","","","codebook","7449514:pes_married","","","","FALSE","drafted from the codebook (7449514) by data-raw/extract_questions.R"
"pes_kids","","Do you have any children?","Avez-vous des enfants?","","","","codebook","7449514:pes_kids","","","","FALSE","drafted from the codebook (7449514) by data-raw/extract_questions.R"
"pes_schoolkids","","Are they school age?","Sont-ils d'âge scolaire ?","","If pes_kids= “Yes”, display pes_schoolkids","","codebook","7449514:pes_schoolkids","","","","FALSE","drafted from the codebook (7449514) by data-raw/extract_questions.R"
"pes_household","","Counting yourself how many people live in your household?","En vous incluant, combien de personnes votre ménage comporte-t-il?","","","","codebook","7449514:pes_household","","","","FALSE","drafted from the codebook (7449514) by data-raw/extract_questions.R"
"pes_orientation","","Do you consider yourself to be:","Vous considérez-vous comme étant:","","","","codebook","7449514:pes_orientation","","","","FALSE","drafted from the codebook (7449514) by data-raw/extract_questions.R"
"pes_orientation_4_TEXT","","Do you consider yourself to be: [Other]","Vous considérez-vous comme étant: [Autre]","","","","codebook","7449514:pes_orientation","","","","FALSE","drafted from the codebook (7449514) by data-raw/extract_questions.R"
"pes_immparents","","Was either or both of your parents born outside of Canada?","Est-ce qu’au moins l'un de vos parents est né à l'extérieur du Canada?","","","","codebook","7449514:pes_immparents","","","","FALSE","drafted from the codebook (7449514) by data-raw/extract_questions.R"
"pes_rural","","Do you live in…","Vivez-vous...","","","","codebook","7449514:pes_rural","","","","FALSE","drafted from the codebook (7449514) by data-raw/extract_questions.R"
"pes_livedincomm","","For how many years have you lived in your current city or community?","Depuis combien d'années vivez-vous dans votre ville ou communauté actuelle?","","","","codebook","7449514:pes_livedincomm","","","","FALSE","drafted from the codebook (7449514) by data-raw/extract_questions.R"
"pes_yearsprov","","How long have you lived in Quebec?","Depuis combien de temps vivez-vous au Québec?","","","","codebook","7449514:pes_yearsprov","","","","FALSE","drafted from the codebook (7449514) by data-raw/extract_questions.R"
"pes_otherprov_1","","Have you ever lived in another province or territory? If so, check all that you have lived in. [Prince Edward Island]","Avez-vous déjà vécu dans une autre province ou un territoire? Si c’est le cas, indiquez tous les endroits où vous avez vécu. [Île-du-Prince-Édouard]","","","","codebook","7449514:pes_otherprov","","","","FALSE","drafted from the codebook (7449514) by data-raw/extract_questions.R"
"pes_otherprov_2","","Have you ever lived in another province or territory? If so, check all that you have lived in. [Newfoundland and Labrador]","Avez-vous déjà vécu dans une autre province ou un territoire? Si c’est le cas, indiquez tous les endroits où vous avez vécu. [Terre-Neuve-et-Labrador]","","","","codebook","7449514:pes_otherprov","","","","FALSE","drafted from the codebook (7449514) by data-raw/extract_questions.R"
"pes_otherprov_3","","Have you ever lived in another province or territory? If so, check all that you have lived in. [New Brunswick]","Avez-vous déjà vécu dans une autre province ou un territoire? Si c’est le cas, indiquez tous les endroits où vous avez vécu. [Nouveau-Brunswick]","","","","codebook","7449514:pes_otherprov","","","","FALSE","drafted from the codebook (7449514) by data-raw/extract_questions.R"
"pes_otherprov_4","","Have you ever lived in another province or territory? If so, check all that you have lived in. [Ontario]","Avez-vous déjà vécu dans une autre province ou un territoire? Si c’est le cas, indiquez tous les endroits où vous avez vécu. [Ontario]","","","","codebook","7449514:pes_otherprov","","","","FALSE","drafted from the codebook (7449514) by data-raw/extract_questions.R"
"pes_otherprov_5","","Have you ever lived in another province or territory? If so, check all that you have lived in. [Nova Scotia]","Avez-vous déjà vécu dans une autre province ou un territoire? Si c’est le cas, indiquez tous les endroits où vous avez vécu. [Nouvelle-Écosse]","","","","codebook","7449514:pes_otherprov","","","","FALSE","drafted from the codebook (7449514) by data-raw/extract_questions.R"
"pes_otherprov_6","","Have you ever lived in another province or territory? If so, check all that you have lived in. [Manitoba]","Avez-vous déjà vécu dans une autre province ou un territoire? Si c’est le cas, indiquez tous les endroits où vous avez vécu. [Manitoba]","","","","codebook","7449514:pes_otherprov","","","","FALSE","drafted from the codebook (7449514) by data-raw/extract_questions.R"
"pes_otherprov_7","","Have you ever lived in another province or territory? If so, check all that you have lived in. [Saskatchewan]","Avez-vous déjà vécu dans une autre province ou un territoire? Si c’est le cas, indiquez tous les endroits où vous avez vécu. [Saskatchewan]","","","","codebook","7449514:pes_otherprov","","","","FALSE","drafted from the codebook (7449514) by data-raw/extract_questions.R"
"pes_otherprov_8","","Have you ever lived in another province or territory? If so, check all that you have lived in. [Alberta]","Avez-vous déjà vécu dans une autre province ou un territoire? Si c’est le cas, indiquez tous les endroits où vous avez vécu. [Alberta]","","","","codebook","7449514:pes_otherprov","","","","FALSE","drafted from the codebook (7449514) by data-raw/extract_questions.R"
"pes_otherprov_9","","Have you ever lived in another province or territory? If so, check all that you have lived in. [British Columbia]","Avez-vous déjà vécu dans une autre province ou un territoire? Si c’est le cas, indiquez tous les endroits où vous avez vécu. [Colombie-Britannique]","","","","codebook","7449514:pes_otherprov","","","","FALSE","drafted from the codebook (7449514) by data-raw/extract_questions.R"
"pes_otherprov_10","","Have you ever lived in another province or territory? If so, check all that you have lived in. [Nunavut]","Avez-vous déjà vécu dans une autre province ou un territoire? Si c’est le cas, indiquez tous les endroits où vous avez vécu. [Nunavut]","","","","codebook","7449514:pes_otherprov","","","","FALSE","drafted from the codebook (7449514) by data-raw/extract_questions.R"
"pes_otherprov_11","","Have you ever lived in another province or territory? If so, check all that you have lived in. [Northwest Territories]","Avez-vous déjà vécu dans une autre province ou un territoire? Si c’est le cas, indiquez tous les endroits où vous avez vécu. [Territoires du Nord-Ouest]","","","","codebook","7449514:pes_otherprov","","","","FALSE","drafted from the codebook (7449514) by data-raw/extract_questions.R"
"pes_otherprov_12","","Have you ever lived in another province or territory? If so, check all that you have lived in. [Yukon]","Avez-vous déjà vécu dans une autre province ou un territoire? Si c’est le cas, indiquez tous les endroits où vous avez vécu. [Yukon]","","","","codebook","7449514:pes_otherprov","","","","FALSE","drafted from the codebook (7449514) by data-raw/extract_questions.R"
"pes_otherprov_13","","Have you ever lived in another province or territory? If so, check all that you have lived in. [Never lived in another province]","Avez-vous déjà vécu dans une autre province ou un territoire? Si c’est le cas, indiquez tous les endroits où vous avez vécu. [Jamais vécu dans une autre province]","","","","codebook","7449514:pes_otherprov","","","","FALSE","drafted from the codebook (7449514) by data-raw/extract_questions.R"
"pes_race_1","","Do you consider yourself... (Please select all that apply) [White]","Vous considérez-vous... (Veuillez sélectionner toutes les réponses applicables) [Blanc]","","","","codebook","7449514:pes_race","","","","FALSE","drafted from the codebook (7449514) by data-raw/extract_questions.R"
"pes_race_2","","Do you consider yourself... (Please select all that apply) [Indigenous (e.g. First Nations, Métis, Inuit, etc.)]","Vous considérez-vous... (Veuillez sélectionner toutes les réponses applicables) [Autochtones (ex., Premières nations, Métis, Inuits, etc.)]","","","","codebook","7449514:pes_race","","","","FALSE","drafted from the codebook (7449514) by data-raw/extract_questions.R"
"pes_race_3","","Do you consider yourself... (Please select all that apply) [South Asian (e.g., East Indian, Pakistani, Sri Lankan, etc.)]","Vous considérez-vous... (Veuillez sélectionner toutes les réponses applicables) [Sud-asiatique (ex., Inde orientale, Pakistan, Sri Lanka, etc.)]","","","","codebook","7449514:pes_race","","","","FALSE","drafted from the codebook (7449514) by data-raw/extract_questions.R"
"pes_race_4","","Do you consider yourself... (Please select all that apply) [Chinese]","Vous considérez-vous... (Veuillez sélectionner toutes les réponses applicables) [Chinois]","","","","codebook","7449514:pes_race","","","","FALSE","drafted from the codebook (7449514) by data-raw/extract_questions.R"
"pes_race_5","","Do you consider yourself... (Please select all that apply) [Black]","Vous considérez-vous... (Veuillez sélectionner toutes les réponses applicables) [Noir]","","","","codebook","7449514:pes_race","","","","FALSE","drafted from the codebook (7449514) by data-raw/extract_questions.R"
"pes_race_6","","Do you consider yourself... (Please select all that apply) [Filipino]","Vous considérez-vous... (Veuillez sélectionner toutes les réponses applicables) [Philippin]","","","","codebook","7449514:pes_race","","","","FALSE","drafted from the codebook (7449514) by data-raw/extract_questions.R"
"pes_race_7","","Do you consider yourself... (Please select all that apply) [Latin American]","Vous considérez-vous... (Veuillez sélectionner toutes les réponses applicables) [Latino-américain]","","","","codebook","7449514:pes_race","","","","FALSE","drafted from the codebook (7449514) by data-raw/extract_questions.R"
"pes_race_8","","Do you consider yourself... (Please select all that apply) [Arab]","Vous considérez-vous... (Veuillez sélectionner toutes les réponses applicables) [Arabe]","","","","codebook","7449514:pes_race","","","","FALSE","drafted from the codebook (7449514) by data-raw/extract_questions.R"
"pes_race_9","","Do you consider yourself... (Please select all that apply) [Southeast Asian (e.g., Vietnamese, Cambodian, Laotian, Thai, etc.)]","Vous considérez-vous... (Veuillez sélectionner toutes les réponses applicables) [Asiatique du Sud-Est (ex., Vietnam, Cambodge, Laos, Thaïlande, etc.)]","","","","codebook","7449514:pes_race","","","","FALSE","drafted from the codebook (7449514) by data-raw/extract_questions.R"
"pes_race_10","","Do you consider yourself... (Please select all that apply) [West Asian (e.g., Iranian, Afghan, etc.)]","Vous considérez-vous... (Veuillez sélectionner toutes les réponses applicables) [Asiatique de l'Ouest (ex., Iran, Afghanistan, etc.)]","","","","codebook","7449514:pes_race","","","","FALSE","drafted from the codebook (7449514) by data-raw/extract_questions.R"
"pes_race_11","","Do you consider yourself... (Please select all that apply) [Korean]","Vous considérez-vous... (Veuillez sélectionner toutes les réponses applicables) [Coréen]","","","","codebook","7449514:pes_race","","","","FALSE","drafted from the codebook (7449514) by data-raw/extract_questions.R"
"pes_race_12","","Do you consider yourself... (Please select all that apply) [Japanese]","Vous considérez-vous... (Veuillez sélectionner toutes les réponses applicables) [Japonais]","","","","codebook","7449514:pes_race","","","","FALSE","drafted from the codebook (7449514) by data-raw/extract_questions.R"
"pes_race_13","","Do you consider yourself... (Please select all that apply) [Other (please specify)]","Vous considérez-vous... (Veuillez sélectionner toutes les réponses applicables) [Autre (veuillez préciser)]","","","","codebook","7449514:pes_race","","","","FALSE","drafted from the codebook (7449514) by data-raw/extract_questions.R"
"pes_race_13_TEXT","","Do you consider yourself... (Please select all that apply) [Other (please specify)]","Vous considérez-vous... (Veuillez sélectionner toutes les réponses applicables) [Autre (veuillez préciser)]","","","","codebook","7449514:pes_race","","","","FALSE","drafted from the codebook (7449514) by data-raw/extract_questions.R"
"feduid","","Federal electoral district (2013) unique identifier","","","","","codebook","7449514:feduid","","","","FALSE","drafted from the codebook (7449514) by data-raw/extract_questions.R"
"fedname","","Federal electoral district (2013) name","","","","","codebook","7449514:fedname","","","","FALSE","drafted from the codebook (7449514) by data-raw/extract_questions.R"
"pccf_problem","","Postal codes flagged with quality concerns. The PCCF flags respondents with postal codes that have quality concerns. For example, some quality concerns include, the postal code provided by the respondent did not exist, or the postal code provided was identified as non-residential.","","","","","codebook","7449514:pccf_problem","","","","FALSE","drafted from the codebook (7449514) by data-raw/extract_questions.R"
